周边ID,中文简记,正式商品名,厂商/渠道,清理判定,判定理由,处理动作,清理前图片状态,清理前本地图,清理前Fallback,图片来源说明,图片来源URL,图片类型
KR-MER-0001,迷你文件夹 Collection B,14.鬼龍紅郎 「あんさんぶるスターズ ミニクリアファイルコレクション B」,ムービック,非官图已撤,非官方图片来源：cdn.suruga-ya.jp,从网页展示层撤下；不补图,实图已入库,,https://cdn.suruga-ya.jp/database/pics_webp/game/994931300.jpg.webp,駿河屋角色单品档案原图,https://cdn.suruga-ya.jp/database/pics_webp/game/994931300.jpg.webp,档案单品原图
KR-MER-0002,亚克力徽章 Collection B,鬼龍紅郎 「あんさんぶるスターズ! アクリルバッジコレクションB」,ムービック,非官图已撤,非官方图片来源：cdn.suruga-ya.jp,从网页展示层撤下；不补图,实图已入库,,https://cdn.suruga-ya.jp/database/pics_webp/game/871526000.jpg.webp,駿河屋角色单品档案原图,https://cdn.suruga-ya.jp/database/pics_webp/game/871526000.jpg.webp,档案单品原图
KR-MER-0003,AGF2015 长方圆角徽章,鬼龍紅郎 「あんさんぶるスターズ! まるかく缶バッジ」 AGF2015,エンスカイ,非官图已撤,非官方图片来源：cdn.suruga-ya.jp,从网页展示层撤下；不补图,实图已入库,,https://cdn.suruga-ya.jp/database/pics_webp/game/871676213.jpg.webp,駿河屋角色单品档案原图,https://cdn.suruga-ya.jp/database/pics_webp/game/871676213.jpg.webp,档案单品原图
KR-MER-0004,Idol Special Days 徽章 Ver.B,鬼龍紅郎 「あんさんぶるスターズ! キャラバッジコレクション Idol Special Days Ver.B」,ムービック,非官图已撤,非官方图片来源：cdn.suruga-ya.jp,从网页展示层撤下；不补图,实图已入库,assets/images/KR-MER-0004.webp,,駿河屋角色单品档案原图,https://cdn.suruga-ya.jp/database/pics_webp/game/871542633.jpg.webp,档案单品原图
KR-MER-0005,1周年 箔押签名小海报/生写真,【レア】鬼龍紅郎(箔押しサイン入り) 「あんさんぶるスターズ! ミニポスターコレクション(ブロマイド) ～1st Anniversary～」,ムービック,非官图已撤,非官方图片来源：static.mercdn.net,从网页展示层撤下；不补图,实图已入库,assets/images/KR-MER-0005.webp,https://static.mercdn.net/item/detail/orig/photos/m85523780366_1.jpg?1620569917,Mercari鬼龍紅郎精确1st Anniversary箔押Rare单品实物＋駿河屋角色档案,https://static.mercdn.net/item/detail/orig/photos/m85523780366_1.jpg?1620569917,精确二手角色Rare实物图
KR-MER-0006,C90 红郎&铁虎 亚克力挂件,鬼龍紅郎＆南雲鉄虎 「あんさんぶるスターズ! トレーディングアクリルキーホルダー」 C90グッズ,講談社,非官图已撤,非官方图片来源：cdn.suruga-ya.jp,从网页展示层撤下；不补图,实图已入库,,https://cdn.suruga-ya.jp/database/pics_webp/game/508015079.jpg.webp,駿河屋组合单品档案原图,https://cdn.suruga-ya.jp/database/pics_webp/game/508015079.jpg.webp,档案单品原图
KR-MER-0007,AGF2016 纪念橡胶挂件,鬼龍紅郎 「あんさんぶるスターズ! AGF記念ラバーストラップコレクション」 AGF2016,ムービック,非官图已撤,非官方图片来源：cdn.suruga-ya.jp,从网页展示层撤下；不补图,实图已入库,assets/images/KR-MER-0007.webp,https://cdn.suruga-ya.jp/database/pics_webp/game/608563854.jpg.webp,駿河屋角色单品档案原图,https://cdn.suruga-ya.jp/database/pics_webp/game/608563854.jpg.webp,档案单品原图
KR-MER-0008,寿屋×Movic 橡胶挂件 Vol.4,鬼龍紅郎 「あんさんぶるスターズ! コトブキヤ×ムービック ラバーストラップコレクション Vol.4」,ムービック,非官图已撤,非官方图片来源：cdn.suruga-ya.jp,从网页展示层撤下；不补图,实图已入库,,https://cdn.suruga-ya.jp/database/pics_webp/game/608457875.jpg.webp,駿河屋角色单品档案原图,https://cdn.suruga-ya.jp/database/pics_webp/game/608457875.jpg.webp,档案单品原图
KR-MER-0009,Animate Cafe 2017 饼干罐附徽章,鬼龍紅郎 缶バッジ(2017ver.) 「あんさんぶるスターズ!×animatecafe 缶入りクッキー」 同梱品,アニメイト,非官图已撤,非官方图片来源：cdn.suruga-ya.jp,从网页展示层撤下；不补图,实图已入库,,https://cdn.suruga-ya.jp/database/pics_webp/game/871332613.jpg.webp,駿河屋鬼龍紅郎角色单品档案原图,https://cdn.suruga-ya.jp/database/pics_webp/game/871332613.jpg.webp,档案单品原图
KR-MER-0011,2周年感谢祭角色徽章,鬼龍紅郎 「あんさんぶるスターズ！2nd Anniversary 感謝祭 キャラバッジコレクション」,公式イベント,非官图已撤,非官方图片来源：cdn.suruga-ya.jp,从网页展示层撤下；不补图,实图已入库,,https://cdn.suruga-ya.jp/pics_webp/boxart_m/871036948m.jpg.webp,駿河屋角色買取档案缩略图,https://cdn.suruga-ya.jp/pics_webp/boxart_m/871036948m.jpg.webp,档案缩略图・待大图升级
KR-MER-0012,文件夹 Collection vol.2 B,3.鬼龍紅郎 「あんさんぶるスターズ クリアファイルコレクション vol.2 B」,ムービック,非官图已撤,非官方图片来源：cdn.suruga-ya.jp,从网页展示层撤下；不补图,实图已入库,,https://cdn.suruga-ya.jp/database/pics_webp/game/994943611.jpg.webp,駿河屋角色单品档案原图,https://cdn.suruga-ya.jp/database/pics_webp/game/994943611.jpg.webp,档案单品原图
KR-MER-0013,Animate Cafe 长条亚克力挂件,鬼龍紅郎 スティックアクリルキーホルダー 「あんさんぶるスターズ!×animatecafe」,アニメイト,非官图已撤,非官方图片来源：www.suruga-ya.jp,从网页展示层撤下；不补图,实图已入库,assets/images/KR-MER-0013.webp,https://www.suruga-ya.jp/database/pics/game/608533084.jpg,駿河屋角色单品档案原图,https://www.suruga-ya.jp/database/pics/game/608533084.jpg,档案单品原图
KR-MER-0014,AGF2017 回忆篇三角旗挂件,鬼龍紅郎 「あんさんぶるスターズ! ガーランドコレクション メモリアルver. D」 AGF2017,amie,非官图已撤,非官方图片来源：cdn.suruga-ya.jp,从网页展示层撤下；不补图,实图已入库,,https://cdn.suruga-ya.jp/database/pics_webp/game/608563902.jpg.webp,駿河屋角色单品档案原图,https://cdn.suruga-ya.jp/database/pics_webp/game/608563902.jpg.webp,档案单品原图
KR-MER-0015,视觉色纸 Collection 12,鬼龍紅郎 「あんさんぶるスターズ! ビジュアル色紙コレクション12」,エンスカイ,来源不明已撤,图片来源URL缺失，不能证明为官图,从网页展示层撤下；不补图,实图已入库,assets/images/KR-MER-0015.webp,assets/images/KR-MER-0015.webp,公开真实商品图/旧图鉴迁移,,既有实图
KR-MER-0016,文件夹 Collection vol.4 B,鬼龍紅郎 「あんさんぶるスターズ! クリアファイルコレクション vol.4 B」,ムービック,非官图已撤,非官方图片来源：cdn.suruga-ya.jp,从网页展示层撤下；不补图,实图已入库,,https://cdn.suruga-ya.jp/database/pics_webp/game/994944613.jpg.webp,駿河屋角色单品档案原图,https://cdn.suruga-ya.jp/database/pics_webp/game/994944613.jpg.webp,档案单品原图
KR-MER-0017,Idol Special Days 徽章 vol.5 B,鬼龍紅郎 「あんさんぶるスターズ! キャラバッジコレクション Idol Special Days vol.5 ver.B」,ムービック,非官图已撤,非官方图片来源：static.mercdn.net,从网页展示层撤下；不补图,实图已入库,assets/images/KR-MER-0017.webp,https://static.mercdn.net/item/detail/orig/photos/m77989231300_1.jpg?1782661762,Mercari红月10枚实物＋B's LOG/KADOKAWA Vol.5 B全12種阵容图＋駿河屋角色直证,https://static.mercdn.net/item/detail/orig/photos/m77989231300_1.jpg?1782661762,精确二手同款套装实物・目标裁切
KR-MER-0018,生写 Collection 4,鬼龍紅郎 「あんさんぶるスターズ! 生ブロマイドコレクション4」,エンスカイ,非官图已撤,非官方图片来源：cdn.suruga-ya.jp,从网页展示层撤下；不补图,实图已入库,,https://cdn.suruga-ya.jp/database/pics_webp/game/892016471.jpg.webp,駿河屋角色单品档案原图,https://cdn.suruga-ya.jp/database/pics_webp/game/892016471.jpg.webp,档案单品原图
KR-MER-0019,Lawson 橡胶挂件 A,鬼龍紅郎 「あんさんぶるスターズ!×ローソン ラバーストラップ Aセット」,ローソン,非官图已撤,非官方图片来源：cdn.suruga-ya.jp,从网页展示层撤下；不补图,实图已入库,assets/images/KR-MER-0019.webp,https://cdn.suruga-ya.jp/pics_webp/boxart_m/608627323m.jpg.webp,駿河屋角色单品買取档案缩略图,https://cdn.suruga-ya.jp/pics_webp/boxart_m/608627323m.jpg.webp,档案缩略图・待大图升级
KR-MER-0020,生写 Collection 5,鬼龍紅郎 「あんさんぶるスターズ! 生ブロマイドコレクション5」,エンスカイ,非官图已撤,非官方图片来源：cdn.suruga-ya.jp,从网页展示层撤下；不补图,实图已入库,,https://cdn.suruga-ya.jp/database/pics_webp/game/892021413.jpg.webp,駿河屋角色单品档案原图,https://cdn.suruga-ya.jp/database/pics_webp/game/892021413.jpg.webp,档案单品原图
KR-MER-0021,i+ 联动亚克力挂件 A,鬼龍紅郎 「あんさんぶるスターズ!×アイプラス コラボ記念コレクションアクリルキーホルダー A」,ナタリーストア,非官图已撤,非官方图片来源：cdn.suruga-ya.jp,从网页展示层撤下；不补图,实图已入库,,https://cdn.suruga-ya.jp/database/pics_webp/game/508657163.jpg.webp,駿河屋角色单品档案原图＋ナタリーストア公式仕様,https://cdn.suruga-ya.jp/database/pics_webp/game/508657163.jpg.webp,档案单品原图
KR-MER-0022,视觉色纸 Collection 20,鬼龍紅郎 「あんさんぶるスターズ! ビジュアル色紙コレクション20」,エンスカイ,非官图已撤,非官方图片来源：cdn.suruga-ya.jp,从网页展示层撤下；不补图,实图已入库,assets/images/KR-MER-0022.webp,,駿河屋角色单品档案原图,https://cdn.suruga-ya.jp/database/pics_webp/game/860011850.jpg.webp,档案单品原图
KR-MER-0023,Idol Special Days 徽章 vol.7 B,鬼龍紅郎 「あんさんぶるスターズ! キャラバッジコレクション Idol Special Days Vol.7 ver.B」,ムービック,非官图已撤,非官方图片来源：static.mercdn.net,从网页展示层撤下；不补图,实图已入库,assets/images/KR-MER-0023.webp,https://static.mercdn.net/item/detail/orig/photos/m20173631518_1.jpg?1777482447,Mercari鬼龍紅郎Vol.7精确8枚实物＋駿河屋角色直证,https://static.mercdn.net/item/detail/orig/photos/m20173631518_1.jpg?1777482447,精确二手同款多枚实物・单枚裁切
KR-MER-0024,回忆篇 小馒头捏捏毛绒 vol.2,鬼龍紅郎 「あんさんぶるスターズ! おまんじゅうにぎにぎマスコット追憶編vol.2」,エンスカイ,非官图已撤,非官方图片来源：assets.mercari-shops-static.com,从网页展示层撤下；不补图,实图已入库,,https://assets.mercari-shops-static.com/-/large/plain/nVp5TTt3mgZnQJkFUVEWL7.webp%40jpg,駿河屋メルカリShops精确角色实物图,https://assets.mercari-shops-static.com/-/large/plain/nVp5TTt3mgZnQJkFUVEWL7.webp%40jpg,角色实物图
KR-MER-0025,AGF2019 角色徽章,鬼龍紅郎 「あんさんぶるスターズ! キャラ缶バッジコレクション」 AGF2019,ムービック,来源不明已撤,图片来源URL缺失，不能证明为官图,从网页展示层撤下；不补图,实图已入库,assets/images/KR-MER-0025.webp,assets/images/KR-MER-0025.webp,公开真实商品图/旧图鉴迁移,,既有实图
KR-MER-0026,AGF2019 带透明壳肖像,鬼龍紅郎 「あんさんぶるスターズ! クリアケース付きポートレートコレクション」 AGF2019,エンスカイ,非官图已撤,非官方图片来源：cdn.suruga-ya.jp,从网页展示层撤下；不补图,实图已入库,,https://cdn.suruga-ya.jp/database/pics_webp/game/883009773.jpg.webp,駿河屋角色单品档案原图,https://cdn.suruga-ya.jp/database/pics_webp/game/883009773.jpg.webp,档案单品原图
KR-MER-0027,签名橡胶挂件 第四弹,鬼龍紅郎 「あんさんぶるスターズ! サインラバーストラップ 第四弾」,amie,非官图已撤,非官方图片来源：cdn.suruga-ya.jp,从网页展示层撤下；不补图,实图已入库,,https://cdn.suruga-ya.jp/pics_webp/boxart_m/608845578m.jpg.webp,駿河屋角色档案缩略原图＋AmiAmi官方Family,https://cdn.suruga-ya.jp/pics_webp/boxart_m/608845578m.jpg.webp,档案角色缩略原图
KR-MER-0028,红月 A4文件夹,鬼龍紅郎 A4クリアファイル 紅月 「あんさんぶるスターズ!!」,ムービック,非官图已撤,非官方图片来源：cdn.suruga-ya.jp,从网页展示层撤下；不补图,实图已入库,,https://cdn.suruga-ya.jp/database/pics_webp/game/994970989.jpg.webp,駿河屋角色单品档案原图,https://cdn.suruga-ya.jp/database/pics_webp/game/994970989.jpg.webp,档案单品原图
KR-MER-0029,南梦宫主题乐园 亚克力立牌,鬼龍紅郎 アクリルスタンド 「あんさんぶるスターズ! in ナンジャタウン ～さがして!みつけて!かくれんぼ～」,バンダイナムコアミューズメント,非官图已撤,非官方图片来源：cdn.suruga-ya.jp,从网页展示层撤下；不补图,实图已入库,,https://cdn.suruga-ya.jp/database/pics_webp/game/608894180.jpg.webp,駿河屋角色单品档案原图,https://cdn.suruga-ya.jp/database/pics_webp/game/608894180.jpg.webp,档案单品原图
KR-MER-0030,换装毛绒用红郎单位服 Vol.2,鬼龍紅郎 夢ノ咲学院購買部 着せ替えぬいぐるみ用ユニット衣装 Vol.2,バンダイナムコアーツ,非官图已撤,非官方图片来源：cdn.suruga-ya.jp,从网页展示层撤下；不补图,实图已入库,,https://cdn.suruga-ya.jp/database/pics_webp/game/646119797.jpg.webp,駿河屋鬼龍紅郎角色衣装单品档案原图,https://cdn.suruga-ya.jp/database/pics_webp/game/646119797.jpg.webp,档案单品原图
KR-MER-0031,文件夹 Collection Vol.9 B,鬼龍紅郎 「あんさんぶるスターズ! クリアファイルコレクション Vol.9 B」,ムービック,非官图已撤,非官方图片来源：cdn.suruga-ya.jp,从网页展示层撤下；不补图,实图已入库,,https://cdn.suruga-ya.jp/database/pics_webp/game/994970734.jpg.webp,駿河屋角色单品档案主图URL,https://cdn.suruga-ya.jp/database/pics_webp/game/994970734.jpg.webp,档案单品主图
KR-MER-0032,Q版橡胶挂件 D,鬼龍紅郎 「あんさんぶるスターズ! デフォルメトレーディングラバーストラップD」,フロンティアワークス,非官图已撤,非官方图片来源：cdn.suruga-ya.jp,从网页展示层撤下；不补图,实图已入库,,https://cdn.suruga-ya.jp/database/pics_webp/game/608870954.jpg.webp,駿河屋角色单品档案原图,https://cdn.suruga-ya.jp/database/pics_webp/game/608870954.jpg.webp,档案单品原图
KR-MER-0033,Lawson 方形徽章 C,鬼龍紅郎 「あんさんぶるスターズ!!×ローソン スクエアバッジC」,ローソン,非官图已撤,非官方图片来源：cdn.suruga-ya.jp,从网页展示层撤下；不补图,实图已入库,,https://cdn.suruga-ya.jp/database/pics_webp/game/871736022.jpg.webp,駿河屋角色单品档案原图,https://cdn.suruga-ya.jp/database/pics_webp/game/871736022.jpg.webp,档案单品原图
KR-MER-0034,2015 Scout 纪念横幅亚克力徽章,鬼龍紅郎 「あんさんぶるスターズ! メモリアルバナーコレクション スカウト!ver. 2015」,ムービック,非官图已撤,非官方图片来源：cdn.suruga-ya.jp,从网页展示层撤下；不补图,实图已入库,assets/images/KR-MER-0034.webp,https://cdn.suruga-ya.jp/database/pics_webp/game/871029966.jpg.webp,駿河屋角色单品档案原图,https://cdn.suruga-ya.jp/database/pics_webp/game/871029966.jpg.webp,档案单品原图
KR-MER-0035,亚克力杯垫 C,鬼龍紅郎 「アクリルコースター あんさんぶるスターズ! C」,ハセ・プロ／バンダイ,非官图已撤,非官方图片来源：cdn.suruga-ya.jp,从网页展示层撤下；不补图,实图已入库,,https://cdn.suruga-ya.jp/pics_webp/boxart_m/992085547m.jpg.webp,駿河屋角色档案图,https://cdn.suruga-ya.jp/pics_webp/boxart_m/992085547m.jpg.webp,档案角色缩略原图
KR-MER-0036,Pitatto 钥匙扣 Ver.2,あんさんぶるスターズ！！ Pitattoキーホルダー Ver.2 鬼龍紅郎,amie,非官图已撤,非官方图片来源：www.hobbystock.jp,从网页展示层撤下；不补图,实图已入库,assets/images/KR-MER-0036.webp,,HobbyStock角色商品主图＋駿河屋角色单品档案,https://www.hobbystock.jp/item/view/hby-otm-00059041,商品主图
KR-MER-0037,Pikuria Collection Vol.1 普通版,鬼龍紅郎(ノーマル) 「あんさんぶるスターズ!! ぴくりあコレクション Vol.1」,amie,非官图已撤,非官方图片来源：cdn.suruga-ya.jp,从网页展示层撤下；不补图,实图已入库,,https://cdn.suruga-ya.jp/database/pics_webp/game/892062695.jpg.webp,駿河屋角色单品档案原图,https://cdn.suruga-ya.jp/database/pics_webp/game/892062695.jpg.webp,档案单品原图
KR-MER-0038,Roll-on Fragrance 2022 Kuro,鬼龍紅郎 ロールオンフレグランス(オードトワレ/2022版) 「あんさんぶるスターズ!! アニメイトオンリーショップ2022 feat.あんスタグッズおはなし団」,ムービック,非官图已撤,非官方图片来源：cdn.suruga-ya.jp,从网页展示层撤下；不补图,实图已入库,assets/images/KR-MER-0038.webp,https://cdn.suruga-ya.jp/database/pics_webp/game/869006423.jpg.webp,駿河屋鬼龍紅郎角色单品档案原图,https://cdn.suruga-ya.jp/database/pics_webp/game/869006423.jpg.webp,档案单品原图
KR-MER-0039,Bukubu 联动徽章,鬼龍紅郎 「あんさんぶるスターズ!!×大川ぶくぶ先生 あんさんぶくぶスターズ!」缶バッジ,イクリエ,非官图已撤,非官方图片来源：static.mercdn.net,从网页展示层撤下；不补图,实图已入库,assets/images/KR-MER-0039.webp,https://static.mercdn.net/item/detail/orig/photos/m10342658504_1.jpg?1711039896,Mercari鬼龍紅郎精确ぶくスタ缶バッジvol.2实物＋駿河屋AGF2022角色直证,https://static.mercdn.net/item/detail/orig/photos/m10342658504_1.jpg?1711039896,精确二手角色单品实物・目标裁切
KR-MER-0040,中国限定 5周年纪念SNS风卡,鬼龍紅郎 「偶像夢幻祭2 2周年ポップアップストア 5周年記念SNS風カード」 中国限定,中国官方渠道,非官图已撤,非官方图片来源：cdn.suruga-ya.jp,从网页展示层撤下；不补图,实图已入库,,https://cdn.suruga-ya.jp/database/pics_webp/game/892107888.jpg.webp,駿河屋角色单品档案原图,https://cdn.suruga-ya.jp/database/pics_webp/game/892107888.jpg.webp,档案单品原图
KR-MER-0041,中国限定 独奏徽章 C组,鬼龍紅郎 「偶像夢幻祭2 2周年ポップアップストア 独奏缶バッジ Cグループ」 中国限定,中国官方渠道,非官图已撤,非官方图片来源：cdn.suruga-ya.jp,从网页展示层撤下；不补图,实图已入库,,https://cdn.suruga-ya.jp/database/pics_webp/game/871171428.jpg.webp,駿河屋鬼龍紅郎角色单品档案原图,https://cdn.suruga-ya.jp/database/pics_webp/game/871171428.jpg.webp,档案单品原图
KR-MER-0042,ES偶像文件夹 vol.1 A,鬼龍紅郎 「あんさんぶるスターズ!! ESアイドルクリアファイル vol.1 A」,トイズ・プランニング,非官图已撤,非官方图片来源：cdn.suruga-ya.jp,从网页展示层撤下；不补图,实图已入库,,https://cdn.suruga-ya.jp/database/pics_webp/game/994116494.jpg.webp,駿河屋角色单品档案原图,https://cdn.suruga-ya.jp/database/pics_webp/game/994116494.jpg.webp,档案单品原图
KR-MER-0043,もちもち小毛绒 vol.6,鬼龍紅郎 「もちもちマスコットミニ あんさんぶるスターズ!! vol.6」,エスケイジャパン,非官图已撤,非官方图片来源：cdn.suruga-ya.jp,从网页展示层撤下；不补图,实图已入库,,https://cdn.suruga-ya.jp/database/pics_webp/game/508680944.jpg.webp,駿河屋角色单品档案原图,https://cdn.suruga-ya.jp/database/pics_webp/game/508680944.jpg.webp,档案单品原图
KR-MER-0044,生日Cookie Bear 购买特典亚克力立牌,鬼龍紅郎 アクリルスタンド 「あんさんぶるスターズ!! バースデークッキーベア」 shopサンライズ購入特典,サンライズ,非官图已撤,非官方图片来源：cdn.suruga-ya.jp,从网页展示层撤下；不补图,实图已入库,assets/images/KR-MER-0044.webp,https://cdn.suruga-ya.jp/database/pics_webp/game/508857524.jpg.webp,駿河屋鬼龍紅郎角色单品档案原图,https://cdn.suruga-ya.jp/database/pics_webp/game/508857524.jpg.webp,档案单品原图
KR-MER-0045,中国限定 巡梦胸针,鬼龍紅郎 巡夢ブローチ 「あんさんぶるスターズ!!」 中国限定,中国官方渠道,非官图已撤,非官方图片来源：cdn.suruga-ya.jp,从网页展示层撤下；不补图,实图已入库,,https://cdn.suruga-ya.jp/database/pics_webp/game/871847133.jpg.webp,駿河屋鬼龍紅郎角色单品档案原图,https://cdn.suruga-ya.jp/database/pics_webp/game/871847133.jpg.webp,档案单品原图
KR-MER-0046,もちもち长抱枕 vol.3,鬼龍紅郎 もちもちマスコットピロー vol.3 「あんさんぶるスターズ!!」,エスケイジャパン,来源不明已撤,图片来源URL缺失，不能证明为官图,从网页展示层撤下；不补图,实图已入库,assets/images/KR-MER-0046.webp,assets/images/KR-MER-0046.webp,公开真实商品图/旧图鉴迁移,,既有实图
KR-MER-0047,Starry Symphony × 卡拉铁 迷你色纸,鬼龍紅郎 「Cast Live Starry Symphony -the dead of night-×カラオケの鉄人 トレーディングミニ色紙」,鉄人化計画,非官图已撤,非官方图片来源：cdn.suruga-ya.jp,从网页展示层撤下；不补图,实图已入库,assets/images/KR-MER-0047.webp,,駿河屋角色单品档案原图,https://cdn.suruga-ya.jp/database/pics_webp/game/860056503.jpg.webp,档案单品原图
KR-MER-0048,Lawson 电影胶片风BIG透明卡,鬼龍紅郎 「あんさんぶるスターズ!! フィルム風BIGクリアカード」 ローソン・@Loppi・HMV限定,ローソン／HMV,非官图已撤,非官方图片来源：cdn.suruga-ya.jp,从网页展示层撤下；不补图,实图已入库,assets/images/KR-MER-0048.webp,https://cdn.suruga-ya.jp/database/pics_webp/game/892225880.jpg.webp,駿河屋鬼龍紅郎角色单品档案原图,https://cdn.suruga-ya.jp/database/pics_webp/game/892225880.jpg.webp,档案单品原图
KR-MER-0049,Crossroad 红月服亚克力立牌,鬼龍紅郎(紅月) アクリルスタンド 「あんさんぶるスターズ!! 追憶セレクション『クロスロード』」,pattythree,非官图已撤,非官方图片来源：www.suruga-ya.jp,从网页展示层撤下；不补图,实图已入库,assets/images/KR-MER-0049.webp,,Crossroad封口图片工程,https://www.suruga-ya.jp/search?category=&search_word=%E9%AC%BC%E9%BE%8D%E7%B4%85%E9%83%8E+%E3%82%A2%E3%82%AF%E3%83%AA%E3%83%AB%E3%82%B9%E3%82%BF%E3%83%B3%E3%83%89,封口主图
KR-MER-0050,TRIP Rhythm Link 行李牌挂件,鬼龍紅郎 ALBUM SERIES TRIP ラゲッジチャーム(Rhythm Link),Pattythree,非官图已撤,非官方图片来源：cdn.suruga-ya.jp,从网页展示层撤下；不补图,实图已入库,,https://cdn.suruga-ya.jp/database/pics_webp/game/560548063.jpg.webp,駿河屋角色单品档案原图,https://cdn.suruga-ya.jp/database/pics_webp/game/560548063.jpg.webp,档案单品原图
KR-MER-0051,Crossroad POP-UP 红月服迷你色纸,鬼龍紅郎(紅月衣装ver.) 「追憶セレクション POP-UP STORE クロスロード トレーディングミニ色紙」,カミオジャパン,非官图已撤,非官方图片来源：www.suruga-ya.jp,从网页展示层撤下；不补图,实图已入库,assets/images/KR-MER-0051.webp,,Crossroad封口图片工程,https://www.suruga-ya.jp/search?category=&page=5&search_word=%E9%AC%BC%E9%BE%8D%E7%B4%85%E9%83%8E+%E3%82%AB%E3%83%BC%E3%83%89,封口主图
KR-MER-0052,Crossroad POP-UP Deadmans服迷你色纸,鬼龍紅郎(デッドマンズ衣装ver.) 「追憶セレクション POP-UP STORE クロスロード トレーディングミニ色紙」,カミオジャパン,非官图已撤,非官方图片来源：www.suruga-ya.jp,从网页展示层撤下；不补图,实图已入库,assets/images/KR-MER-0052.webp,,Crossroad封口图片工程,https://www.suruga-ya.jp/search?category=&page=5&search_word=%E9%AC%BC%E9%BE%8D%E7%B4%85%E9%83%8E+%E3%82%AB%E3%83%BC%E3%83%89,封口主图
KR-MER-0053,Crossroad POP-UP 红月服A4文件夹,鬼龍紅郎(紅月衣装ver.) クロスロード A4シングルクリアファイル,カミオジャパン,非官图已撤,非官方图片来源：www.suruga-ya.jp,从网页展示层撤下；不补图,实图已入库,assets/images/KR-MER-0053.webp,,Crossroad封口图片工程,https://www.suruga-ya.jp/search?category=&search_word=%E9%AC%BC%E9%BE%8D%E7%B4%85%E9%83%8E+%E3%82%AF%E3%83%AA%E3%82%A2%E3%83%95%E3%82%A1%E3%82%A4%E3%83%AB,封口主图
KR-MER-0054,Crossroad POP-UP Deadmans服A4文件夹,鬼龍紅郎(デッドマンズ衣装ver.) クロスロード A4シングルクリアファイル,カミオジャパン,非官图已撤,非官方图片来源：www.suruga-ya.jp,从网页展示层撤下；不补图,实图已入库,assets/images/KR-MER-0054.webp,,Crossroad封口图片工程,https://www.suruga-ya.jp/search?category=&search_word=%E9%AC%BC%E9%BE%8D%E7%B4%85%E9%83%8E+%E3%82%AF%E3%83%AA%E3%82%A2%E3%83%95%E3%82%A1%E3%82%A4%E3%83%AB,封口主图
KR-MER-0057,10周年 IDOL SHOWCASE 立牌 A,鬼龍紅郎(A/青春が紡ぐ硬い糸/才能開花後) IDOL SHOWCASE アクリルスタンド＜紅月＞,pattythree,非官图已撤,非官方图片来源：cdn.suruga-ya.jp,从网页展示层撤下；不补图,实图已入库,assets/images/KR-MER-0057.webp,,駿河屋角色单品档案原图,https://cdn.suruga-ya.jp/database/pics_webp/game/561647319.jpg.webp,档案单品原图
KR-MER-0058,10周年 IDOL SHOWCASE 立牌 B,鬼龍紅郎(B/明日へ繋ぐ瘢痕/才能開花後) IDOL SHOWCASE アクリルスタンド＜紅月＞,pattythree,非官图已撤,非官方图片来源：cdn.suruga-ya.jp,从网页展示层撤下；不补图,实图已入库,assets/images/KR-MER-0058.webp,,駿河屋角色单品档案原图,https://cdn.suruga-ya.jp/database/pics_webp/game/561647320.jpg.webp,档案单品原图
KR-MER-0059,10周年 IDOL SHOWCASE 立牌 C,鬼龍紅郎(C/在りし日の風来坊/才能開花後) IDOL SHOWCASE アクリルスタンド＜紅月＞,pattythree,非官图已撤,非官方图片来源：cdn.suruga-ya.jp,从网页展示层撤下；不补图,实图已入库,assets/images/KR-MER-0059.webp,,駿河屋角色单品档案原图,https://cdn.suruga-ya.jp/database/pics_webp/game/561647321.jpg.webp,档案单品原图
KR-MER-0060,10周年 IDOL SHOWCASE 立牌 D,鬼龍紅郎(D/欲望の宝石商/才能開花後) IDOL SHOWCASE アクリルスタンド＜紅月＞,pattythree,非官图已撤,非官方图片来源：cdn.suruga-ya.jp,从网页展示层撤下；不补图,实图已入库,assets/images/KR-MER-0060.webp,,駿河屋角色单品档案原图,https://cdn.suruga-ya.jp/database/pics_webp/game/561647322.jpg.webp,档案单品原图
KR-MER-0061,10周年 IDOL SHOWCASE 立牌 E,鬼龍紅郎(E/剛勇ドラゴン/才能開花後) IDOL SHOWCASE アクリルスタンド＜紅月＞,pattythree,非官图已撤,非官方图片来源：cdn.suruga-ya.jp,从网页展示层撤下；不补图,实图已入库,assets/images/KR-MER-0061.webp,,駿河屋角色单品档案原图,https://cdn.suruga-ya.jp/database/pics_webp/game/561647323.jpg.webp,档案单品原图
KR-MER-0062,10周年 SPOTLIGHT SHUFFLE 立牌,鬼龍紅郎 SPOTLIGHT SHUFFLE アクリルスタンド 「あんさんぶるスターズ!! 10周年展示会 Bright me up!!」,pattythree,非官图已撤,非官方图片来源：cdn.suruga-ya.jp,从网页展示层撤下；不补图,实图已入库,,https://cdn.suruga-ya.jp/database/pics_webp/game/561647121.jpg.webp,駿河屋角色单品档案原图,https://cdn.suruga-ya.jp/database/pics_webp/game/561647121.jpg.webp,档案单品原图
KR-MER-0063,10周年 Custom Idol 钥匙环,鬼龍紅郎 カスタムアイドル キーリング 「あんさんぶるスターズ!! 10周年展示会 Bright me up!!」,pattythree,非官图已撤,非官方图片来源：cdn.suruga-ya.jp,从网页展示层撤下；不补图,实图已入库,,https://cdn.suruga-ya.jp/database/pics_webp/game/561709332.jpg.webp,駿河屋角色单品档案原图,https://cdn.suruga-ya.jp/database/pics_webp/game/561709332.jpg.webp,档案单品原图
KR-MER-0064,10周年 Festival 姓名卡套,鬼龍紅郎 フェスティバルシリーズ ネームカードホルダー 「あんさんぶるスターズ!! 10周年展示会 Bright me up!!」,pattythree,非官图已撤,非官方图片来源：cdn.suruga-ya.jp,从网页展示层撤下；不补图,实图已入库,,https://cdn.suruga-ya.jp/database/pics_webp/game/561709278.jpg.webp,駿河屋角色单品档案原图,https://cdn.suruga-ya.jp/database/pics_webp/game/561709278.jpg.webp,档案单品原图
KR-MER-0065,10周年 Sphere Ring 发夹,鬼龍紅郎 スフィアリングシリーズ ヘアクリップ 「あんさんぶるスターズ!! 10周年展示会 Bright me up!!」,pattythree,非官图已撤,非官方图片来源：cdn.suruga-ya.jp,从网页展示层撤下；不补图,实图已入库,,https://cdn.suruga-ya.jp/database/pics_webp/game/871880690.jpg.webp,駿河屋角色单品档案原图,https://cdn.suruga-ya.jp/database/pics_webp/game/871880690.jpg.webp,档案单品原图
KR-MER-0066,10周年 P.A.shots 单位视觉特典,鬼龍紅郎 P.A.shots!!(ユニットビジュアル) 「10周年展示会 Bright me up!!」 対象商品購入特典,pattythree,非官图已撤,非官方图片来源：www.suruga-ya.jp,从网页展示层撤下；不补图,实图已入库,assets/images/KR-MER-0066.webp,,駿河屋角色单品图,https://www.suruga-ya.jp/product/detail/892771633,角色单品图
KR-MER-0067,Huggy Good Smile 红郎,あんさんぶるスターズ！！ Huggy Good Smile 鬼龍紅郎,グッドスマイルアーツ上海,非官图已撤,非官方图片来源：tsurumai-hobby.jp,从网页展示层撤下；不补图,实图已入库,,https://tsurumai-hobby.jp/images/item/good-smile-arts-shanghai/4580828666221.jpg,Good Smile官方宣传CG（JAN精确零售镜像）,https://tsurumai-hobby.jp/images/item/good-smile-arts-shanghai/4580828666221.jpg,官方宣传CG镜像
KR-MER-0068,きゃらとりあ 亚克力挂件,鬼龍紅郎 きゃらとりあ アクリルキーホルダー 「あんさんぶるスターズ!!」,アルジャーノンプロダクト,非官图已撤,非官方图片来源：cdn.suruga-ya.jp,从网页展示层撤下；不补图,实图已入库,,https://cdn.suruga-ya.jp/database/pics_webp/game/561804131.jpg.webp,駿河屋角色单品档案原图,https://cdn.suruga-ya.jp/database/pics_webp/game/561804131.jpg.webp,档案单品原图
KR-MER-0069,ぱしゃこれ IDOL SHOT Ver.1 普通版,鬼龍紅郎(ノーマル) 「あんさんぶるスターズ! ぱしゃこれ IDOL SHOT Ver.」,ムービック/相关发行方,非官图已撤,非官方图片来源：cdn.suruga-ya.jp,从网页展示层撤下；不补图,实图已入库,assets/images/KR-MER-0069.webp,https://cdn.suruga-ya.jp/database/pics_webp/game/g3182575.jpg.webp,駿河屋角色单品档案原图,https://cdn.suruga-ya.jp/database/pics_webp/game/g3182575.jpg.webp,档案单品原图
KR-MER-0070,ぱしゃこれ OFF SHOT Ver.1 普通版,鬼龍紅郎(ノーマル) 「あんさんぶるスターズ! ぱしゃこれ OFF SHOT Ver.」,ムービック/相关发行方,非官图已撤,非官方图片来源：cdn.suruga-ya.jp,从网页展示层撤下；不补图,实图已入库,assets/images/KR-MER-0070.webp,https://cdn.suruga-ya.jp/database/pics_webp/game/g3272633.jpg.webp,駿河屋角色单品档案原图,https://cdn.suruga-ya.jp/database/pics_webp/game/g3272633.jpg.webp,档案单品原图
KR-MER-0071,ぱしゃこれ IDOL SHOT Ver.2 普通版,鬼龍紅郎(ノーマル) 「あんさんぶるスターズ! ぱしゃこれ IDOL SHOT Ver.2」,ムービック/相关发行方,非官图已撤,非官方图片来源：cdn.suruga-ya.jp,从网页展示层撤下；不补图,实图已入库,assets/images/KR-MER-0071.webp,https://cdn.suruga-ya.jp/database/pics_webp/game/g3557586.jpg.webp,駿河屋角色单品档案原图,https://cdn.suruga-ya.jp/database/pics_webp/game/g3557586.jpg.webp,档案单品原图
KR-MER-0072,ぱしゃこれ OFF SHOT Ver.2 普通版,鬼龍紅郎(ノーマル) 「あんさんぶるスターズ! ぱしゃこれ OFF SHOT Ver.2」,ムービック/相关发行方,非官图已撤,非官方图片来源：cdn.suruga-ya.jp,从网页展示层撤下；不补图,实图已入库,assets/images/KR-MER-0072.webp,https://cdn.suruga-ya.jp/database/pics_webp/game/g3437633.jpg.webp,駿河屋角色单品档案原图,https://cdn.suruga-ya.jp/database/pics_webp/game/g3437633.jpg.webp,档案单品原图
KR-MER-0073,ぱしゃこれ IDOL SHOT Ver.3 普通版,鬼龍紅郎(ノーマル) 「あんさんぶるスターズ! ぱしゃこれ IDOL SHOT Ver.3」,ムービック/相关发行方,非官图已撤,非官方图片来源：cdn.suruga-ya.jp,从网页展示层撤下；不补图,实图已入库,assets/images/KR-MER-0073.webp,https://cdn.suruga-ya.jp/database/pics_webp/game/g3545282.jpg.webp,駿河屋角色单品档案原图,https://cdn.suruga-ya.jp/database/pics_webp/game/g3545282.jpg.webp,档案单品原图
KR-MER-0074,ぱしゃこれ IDOL SHOT Ver.3 金箔押,鬼龍紅郎(レア/金箔押しサイン) 「あんさんぶるスターズ! ぱしゃこれ IDOL SHOT Ver.3」,ムービック/相关发行方,非官图已撤,非官方图片来源：cdn.suruga-ya.jp,从网页展示层撤下；不补图,实图已入库,assets/images/KR-MER-0074.webp,https://cdn.suruga-ya.jp/database/pics_webp/game/g3546181.jpg.webp,駿河屋角色单品档案原图,https://cdn.suruga-ya.jp/database/pics_webp/game/g3546181.jpg.webp,档案单品原图
KR-MER-0075,ぱしゃこれ OFF SHOT Ver.3 普通版,鬼龍紅郎(ノーマル) 「あんさんぶるスターズ! ぱしゃこれ OFF SHOT Ver.3」,ムービック/相关发行方,非官图已撤,非官方图片来源：cdn.suruga-ya.jp,从网页展示层撤下；不补图,实图已入库,assets/images/KR-MER-0075.webp,https://cdn.suruga-ya.jp/database/pics_webp/game/g3546243.jpg.webp,駿河屋角色单品档案原图,https://cdn.suruga-ya.jp/database/pics_webp/game/g3546243.jpg.webp,档案单品原图
KR-MER-0076,ぱしゃこれ OFF SHOT Ver.3 银箔押,鬼龍紅郎(レア/銀箔押しサイン) 「あんさんぶるスターズ! ぱしゃこれ OFF SHOT Ver.3」,ムービック/相关发行方,非官图已撤,非官方图片来源：cdn.suruga-ya.jp,从网页展示层撤下；不补图,实图已入库,assets/images/KR-MER-0076.webp,https://cdn.suruga-ya.jp/database/pics_webp/game/g3546244.jpg.webp,駿河屋角色单品档案原图,https://cdn.suruga-ya.jp/database/pics_webp/game/g3546244.jpg.webp,档案单品原图
KR-MER-0077,ぱしゃこれ 追忆篇 No.18 普通版,鬼龍紅郎(18/ノーマル) 「あんさんぶるスターズ! ぱしゃこれ 追憶編」,ムービック/相关发行方,非官图已撤,非官方图片来源：cdn.suruga-ya.jp,从网页展示层撤下；不补图,实图已入库,assets/images/KR-MER-0077.webp,https://cdn.suruga-ya.jp/database/pics_webp/game/g3727743.jpg.webp,駿河屋角色单品档案原图,https://cdn.suruga-ya.jp/database/pics_webp/game/g3727743.jpg.webp,档案单品原图
KR-MER-0078,ぱしゃこれ 追忆篇 No.18 金箔押,鬼龍紅郎(18/レア/金箔押しサイン) 「あんさんぶるスターズ! ぱしゃこれ 追憶編」,ムービック/相关发行方,非官图已撤,非官方图片来源：cdn.suruga-ya.jp,从网页展示层撤下；不补图,实图已入库,assets/images/KR-MER-0078.webp,https://cdn.suruga-ya.jp/database/pics_webp/game/g3740498.jpg.webp,駿河屋角色单品档案原图,https://cdn.suruga-ya.jp/database/pics_webp/game/g3740498.jpg.webp,档案单品原图
KR-MER-0079,ぱしゃこれ 追忆篇 No.38 普通版,鬼龍紅郎(38/ノーマル) 「あんさんぶるスターズ! ぱしゃこれ 追憶編」,ムービック/相关发行方,非官图已撤,非官方图片来源：cdn.suruga-ya.jp,从网页展示层撤下；不补图,实图已入库,assets/images/KR-MER-0079.webp,https://cdn.suruga-ya.jp/database/pics_webp/game/g3727763.jpg.webp,駿河屋角色单品档案原图,https://cdn.suruga-ya.jp/database/pics_webp/game/g3727763.jpg.webp,档案单品原图
KR-MER-0080,ぱしゃこれ IDOL SHOT Ver.4 普通版,鬼龍紅郎(ノーマル) 「あんさんぶるスターズ! ぱしゃこれ IDOL SHOT Ver.4」,ムービック/相关发行方,非官图已撤,非官方图片来源：cdn.suruga-ya.jp,从网页展示层撤下；不补图,实图已入库,assets/images/KR-MER-0080.webp,https://cdn.suruga-ya.jp/database/pics_webp/game/g3825534.jpg.webp,駿河屋角色单品档案原图,https://cdn.suruga-ya.jp/database/pics_webp/game/g3825534.jpg.webp,档案单品原图
KR-MER-0081,ぱしゃこれ IDOL SHOT Ver.4 金箔押,鬼龍紅郎(レア/金箔押しサイン) 「あんさんぶるスターズ! ぱしゃこれ IDOL SHOT Ver.4」,ムービック/相关发行方,非官图已撤,非官方图片来源：cdn.suruga-ya.jp,从网页展示层撤下；不补图,实图已入库,assets/images/KR-MER-0081.webp,https://cdn.suruga-ya.jp/database/pics_webp/game/g3825535.jpg.webp,駿河屋角色单品档案原图,https://cdn.suruga-ya.jp/database/pics_webp/game/g3825535.jpg.webp,档案单品原图
KR-MER-0082,ぱしゃこれ OFF SHOT Ver.4 普通版,鬼龍紅郎(ノーマル) 「あんさんぶるスターズ! ぱしゃこれ OFF SHOT Ver.4」,ムービック/相关发行方,非官图已撤,非官方图片来源：cdn.suruga-ya.jp,从网页展示层撤下；不补图,实图已入库,assets/images/KR-MER-0082.webp,https://cdn.suruga-ya.jp/database/pics_webp/game/g3825616.jpg.webp,駿河屋角色单品档案原图,https://cdn.suruga-ya.jp/database/pics_webp/game/g3825616.jpg.webp,档案单品原图
KR-MER-0083,ぱしゃこれ OFF SHOT Ver.4 银箔押,鬼龍紅郎(レア/銀箔押しサイン) 「あんさんぶるスターズ! ぱしゃこれ OFF SHOT Ver.4」,ムービック/相关发行方,非官图已撤,非官方图片来源：cdn.suruga-ya.jp,从网页展示层撤下；不补图,实图已入库,assets/images/KR-MER-0083.webp,https://cdn.suruga-ya.jp/database/pics_webp/game/g3825617.jpg.webp,駿河屋角色单品档案原图,https://cdn.suruga-ya.jp/database/pics_webp/game/g3825617.jpg.webp,档案单品原图
KR-MER-0084,ぱしゃこれ IDOL SHOT Ver.5 普通版,鬼龍紅郎(ノーマル) 「あんさんぶるスターズ! ぱしゃこれ IDOL SHOT Ver.5」,ムービック/相关发行方,非官图已撤,非官方图片来源：cdn.suruga-ya.jp,从网页展示层撤下；不补图,实图已入库,assets/images/KR-MER-0084.webp,https://cdn.suruga-ya.jp/database/pics_webp/game/gg139327.jpg.webp,駿河屋角色单品档案原图,https://cdn.suruga-ya.jp/database/pics_webp/game/gg139327.jpg.webp,档案单品原图
KR-MER-0085,ぱしゃこれ IDOL SHOT Ver.5 金箔押,鬼龍紅郎(レア/金箔押しサイン) 「あんさんぶるスターズ! ぱしゃこれ IDOL SHOT Ver.5」,ムービック/相关发行方,非官图已撤,非官方图片来源：cdn.suruga-ya.jp,从网页展示层撤下；不补图,实图已入库,assets/images/KR-MER-0085.webp,https://cdn.suruga-ya.jp/database/pics_webp/game/gg139328.jpg.webp,駿河屋角色单品档案原图,https://cdn.suruga-ya.jp/database/pics_webp/game/gg139328.jpg.webp,档案单品原图
KR-MER-0086,ぱしゃこれ OFF SHOT Ver.5 普通版,鬼龍紅郎(ノーマル) 「あんさんぶるスターズ! ぱしゃこれ OFF SHOT Ver.5」,ムービック/相关发行方,非官图已撤,非官方图片来源：cdn.suruga-ya.jp,从网页展示层撤下；不补图,实图已入库,assets/images/KR-MER-0086.webp,https://cdn.suruga-ya.jp/database/pics_webp/game/gg139411.jpg.webp,駿河屋角色单品档案原图,https://cdn.suruga-ya.jp/database/pics_webp/game/gg139411.jpg.webp,档案单品原图
KR-MER-0087,ぱしゃこれ OFF SHOT Ver.5 银箔押,鬼龍紅郎(レア/銀箔押しサイン) 「あんさんぶるスターズ! ぱしゃこれ OFF SHOT Ver.5」,ムービック/相关发行方,非官图已撤,非官方图片来源：cdn.suruga-ya.jp,从网页展示层撤下；不补图,实图已入库,assets/images/KR-MER-0087.webp,https://cdn.suruga-ya.jp/database/pics_webp/game/gg139412.jpg.webp,駿河屋角色单品档案原图,https://cdn.suruga-ya.jp/database/pics_webp/game/gg139412.jpg.webp,档案单品原图
KR-MER-0088,ぱしゃこれ IDOL SHOT Ver.6 普通版,鬼龍紅郎(ノーマル) 「あんさんぶるスターズ! ぱしゃこれ IDOL SHOT Ver.6」,ムービック/相关发行方,非官图已撤,非官方图片来源：cdn.suruga-ya.jp,从网页展示层撤下；不补图,实图已入库,assets/images/KR-MER-0088.webp,https://cdn.suruga-ya.jp/database/pics_webp/game/gg298613.jpg.webp,駿河屋角色单品档案原图,https://cdn.suruga-ya.jp/database/pics_webp/game/gg298613.jpg.webp,档案单品原图
KR-MER-0089,ぱしゃこれ IDOL SHOT Ver.6 金箔押,鬼龍紅郎(レア/金箔押しサイン) 「あんさんぶるスターズ! ぱしゃこれ IDOL SHOT Ver.6」,ムービック/相关发行方,非官图已撤,非官方图片来源：cdn.suruga-ya.jp,从网页展示层撤下；不补图,实图已入库,assets/images/KR-MER-0089.webp,https://cdn.suruga-ya.jp/database/pics_webp/game/gg298614.jpg.webp,駿河屋角色单品档案原图,https://cdn.suruga-ya.jp/database/pics_webp/game/gg298614.jpg.webp,档案单品原图
KR-MER-0090,ぱしゃこれ OFF SHOT Ver.6 普通版,鬼龍紅郎(ノーマル) 「あんさんぶるスターズ! ぱしゃこれ OFF SHOT Ver.6」,ムービック/相关发行方,非官图已撤,非官方图片来源：cdn.suruga-ya.jp,从网页展示层撤下；不补图,实图已入库,assets/images/KR-MER-0090.webp,https://cdn.suruga-ya.jp/database/pics_webp/game/gg298688.jpg.webp,駿河屋角色单品档案原图,https://cdn.suruga-ya.jp/database/pics_webp/game/gg298688.jpg.webp,档案单品原图
KR-MER-0091,ぱしゃこれ OFF SHOT Ver.6 银箔押,鬼龍紅郎(レア/銀箔押しサイン) 「あんさんぶるスターズ! ぱしゃこれ OFF SHOT Ver.6」,ムービック/相关发行方,非官图已撤,非官方图片来源：cdn.suruga-ya.jp,从网页展示层撤下；不补图,实图已入库,assets/images/KR-MER-0091.webp,https://cdn.suruga-ya.jp/database/pics_webp/game/gg298689.jpg.webp,駿河屋角色单品档案原图,https://cdn.suruga-ya.jp/database/pics_webp/game/gg298689.jpg.webp,档案单品原图
KR-MER-0092,Next Step Fair ぱしゃこれ,鬼龍紅郎 「さらなる高みへ☆踏み出せ!ネクストステップフェア ぱしゃこれ」,ムービック/相关发行方,非官图已撤,非官方图片来源：cdn.suruga-ya.jp,从网页展示层撤下；不补图,实图已入库,assets/images/KR-MER-0092.webp,https://cdn.suruga-ya.jp/database/pics_webp/game/gg298754.jpg.webp,駿河屋角色单品档案原图,https://cdn.suruga-ya.jp/database/pics_webp/game/gg298754.jpg.webp,档案单品原图
KR-MER-0093,TV动画 ぱしゃこれ 普通版,鬼龍紅郎(ノーマル) 「TVアニメ あんさんぶるスターズ! ぱしゃこれ」,ムービック/相关发行方,非官图已撤,非官方图片来源：cdn.suruga-ya.jp,从网页展示层撤下；不补图,实图已入库,assets/images/KR-MER-0093.webp,https://cdn.suruga-ya.jp/database/pics_webp/game/gg531398.jpg.webp,駿河屋角色单品档案原图,https://cdn.suruga-ya.jp/database/pics_webp/game/gg531398.jpg.webp,档案单品原图
KR-MER-0094,ぱしゃこれ IDOL SHOT Ver.7 普通版,鬼龍紅郎(ノーマル) 「あんさんぶるスターズ! ぱしゃこれ IDOL SHOT Ver.7」,ムービック/相关发行方,非官图已撤,非官方图片来源：cdn.suruga-ya.jp,从网页展示层撤下；不补图,实图已入库,assets/images/KR-MER-0094.webp,https://cdn.suruga-ya.jp/database/pics_webp/game/gg590645.jpg.webp,駿河屋角色单品档案原图,https://cdn.suruga-ya.jp/database/pics_webp/game/gg590645.jpg.webp,档案单品原图
KR-MER-0095,ぱしゃこれ IDOL SHOT Ver.7 金箔押,鬼龍紅郎(レア/金箔押しサイン) 「あんさんぶるスターズ! ぱしゃこれ IDOL SHOT Ver.7」,ムービック/相关发行方,非官图已撤,非官方图片来源：cdn.suruga-ya.jp,从网页展示层撤下；不补图,实图已入库,assets/images/KR-MER-0095.webp,https://cdn.suruga-ya.jp/database/pics_webp/game/gg590646.jpg.webp,駿河屋角色单品档案原图,https://cdn.suruga-ya.jp/database/pics_webp/game/gg590646.jpg.webp,档案单品原图
KR-MER-0096,ぱしゃこれ OFF SHOT Ver.7 普通版,鬼龍紅郎(ノーマル) 「あんさんぶるスターズ! ぱしゃこれ OFF SHOT Ver.7」,ムービック/相关发行方,非官图已撤,非官方图片来源：cdn.suruga-ya.jp,从网页展示层撤下；不补图,实图已入库,assets/images/KR-MER-0096.webp,https://cdn.suruga-ya.jp/database/pics_webp/game/gg590719.jpg.webp,駿河屋角色单品档案原图,https://cdn.suruga-ya.jp/database/pics_webp/game/gg590719.jpg.webp,档案单品原图
KR-MER-0097,ぱしゃこれ OFF SHOT Ver.7 银箔押,鬼龍紅郎(レア/銀箔押しサイン) 「あんさんぶるスターズ! ぱしゃこれ OFF SHOT Ver.7」,ムービック/相关发行方,非官图已撤,非官方图片来源：cdn.suruga-ya.jp,从网页展示层撤下；不补图,实图已入库,assets/images/KR-MER-0097.webp,https://cdn.suruga-ya.jp/database/pics_webp/game/gg590720.jpg.webp,駿河屋角色单品档案原图,https://cdn.suruga-ya.jp/database/pics_webp/game/gg590720.jpg.webp,档案单品原图
KR-MER-0098,5周年 PREMIUM ぱしゃこれ 虹箔签名,鬼龍紅郎(虹色箔押しサイン) 「あんさんぶるスターズ! ぱしゃこれ PREMIUM 5周年展示会 ring for SMILE」,ムービック/相关发行方,非官图已撤,非官方图片来源：www.suruga-ya.jp,从网页展示层撤下；不补图,实图已入库,assets/images/KR-MER-0098.webp,https://www.suruga-ya.jp/database/pics/game/gg697854.jpg,駿河屋角色单品档案原图,https://www.suruga-ya.jp/database/pics/game/gg697854.jpg,档案单品原图
KR-MER-0099,中国限定 ぱしゃこれ 星动日记,鬼龍紅郎 「あんさんぶるスターズ!! ぱしゃこれ 星動日記」 中国限定,中国官方渠道,非官图已撤,非官方图片来源：img.fril.jp,从网页展示层撤下；不补图,实图已入库,assets/images/KR-MER-0099.webp,https://img.fril.jp/img/656620422/l/2132123668.jpg?1703687109=,ラクマ角色单品实物图裁切,https://img.fril.jp/img/656620422/l/2132123668.jpg?1703687109=,二手实物裁切
KR-MER-0100,P.A.shots!! debut collection,鬼龍紅郎 「あんさんぶるスターズ!! P.A.shots!! debut collection」,フロンティアワークス/相关发行方,非官图已撤,非官方图片来源：www.suruga-ya.jp,从网页展示层撤下；不补图,实图已入库,assets/images/KR-MER-0100.webp,assets/images/KR-MER-0100.webp,駿河屋角色单品图,https://www.suruga-ya.jp/product/detail/892065413,角色单品图
KR-MER-0101,P.A.shots!! Vol.1 Private,鬼龍紅郎 「あんさんぶるスターズ!! P.A.shots!! Vol.1 Private」,フロンティアワークス/相关发行方,非官图已撤,非官方图片来源：www.suruga-ya.jp,从网页展示层撤下；不补图,实图已入库,assets/images/KR-MER-0101.webp,,駿河屋角色单品图,https://www.suruga-ya.jp/product/detail/892074841,角色单品图
KR-MER-0102,P.A.shots!! Vol.1 Action,鬼龍紅郎 「あんさんぶるスターズ!! P.A.shots!! Vol.1 Action」,フロンティアワークス/相关发行方,非官图已撤,非官方图片来源：www.suruga-ya.jp,从网页展示层撤下；不补图,实图已入库,assets/images/KR-MER-0102.webp,,駿河屋角色单品图,https://www.suruga-ya.jp/product/detail/892074791,角色单品图
KR-MER-0103,P.A.shots!! Vol.2 Private,鬼龍紅郎 「あんさんぶるスターズ!! P.A.shots!! Vol.2 Private」,フロンティアワークス/相关发行方,非官图已撤,非官方图片来源：www.suruga-ya.jp,从网页展示层撤下；不补图,实图已入库,assets/images/KR-MER-0103.webp,,駿河屋角色单品图,https://www.suruga-ya.jp/product/detail/892087808,角色单品图
KR-MER-0104,P.A.shots!! Vol.2 Action,鬼龍紅郎 「あんさんぶるスターズ!! P.A.shots!! Vol.2 Action」,フロンティアワークス/相关发行方,非官图已撤,非官方图片来源：www.suruga-ya.jp,从网页展示层撤下；不补图,实图已入库,assets/images/KR-MER-0104.webp,,駿河屋角色单品图,https://www.suruga-ya.jp/product/detail/892087858,角色单品图
KR-MER-0106,P.A.shots!! Vol.3 Action,鬼龍紅郎 「あんさんぶるスターズ!! P.A.shots!! Vol.3 Action」,フロンティアワークス/相关发行方,非官图已撤,非官方图片来源：www.suruga-ya.jp,从网页展示层撤下；不补图,实图已入库,assets/images/KR-MER-0106.webp,,駿河屋角色单品图,https://www.suruga-ya.jp/product/detail/892150306,角色单品图
KR-MER-0107,P.A.shots!! Extra COVER SONG SERIES,鬼龍紅郎 「あんさんぶるスターズ!! P.A.shots!! Extra -COVER SONG SERIES-」,フロンティアワークス/相关发行方,非官图已撤,非官方图片来源：www.suruga-ya.jp,从网页展示层撤下；不补图,实图已入库,assets/images/KR-MER-0107.webp,,駿河屋角色单品图,https://www.suruga-ya.jp/product/detail/892150205,角色单品图
KR-MER-0108,P.A.shots!! Vol.4 Private,鬼龍紅郎 「あんさんぶるスターズ!! P.A.shots!! Vol.4 Private」,フロンティアワークス/相关发行方,非官图已撤,非官方图片来源：www.suruga-ya.jp,从网页展示层撤下；不补图,实图已入库,assets/images/KR-MER-0108.webp,,駿河屋角色单品图,https://www.suruga-ya.jp/product/detail/892181770,角色单品图
KR-MER-0109,P.A.shots!! Vol.4 Action,鬼龍紅郎 「あんさんぶるスターズ!! P.A.shots!! Vol.4 Action」,フロンティアワークス/相关发行方,非官图已撤,非官方图片来源：www.suruga-ya.jp,从网页展示层撤下；不补图,实图已入库,assets/images/KR-MER-0109.webp,,駿河屋角色单品图,https://www.suruga-ya.jp/product/detail/892181719,角色单品图
KR-MER-0110,P.A.shots!! Extra 笑门来福,鬼龍紅郎 「あんさんぶるスターズ!! P.A.shots!! Extra -笑門来福-」,フロンティアワークス/相关发行方,非官图已撤,非官方图片来源：www.suruga-ya.jp,从网页展示层撤下；不补图,实图已入库,assets/images/KR-MER-0110.webp,,駿河屋角色单品图,https://www.suruga-ya.jp/product/detail/892248923,角色单品图
KR-MER-0111,P.A.shots!! Vol.5 Private,鬼龍紅郎 「あんさんぶるスターズ!! P.A.shots!! Vol.5 Private」,フロンティアワークス/相关发行方,非官图已撤,非官方图片来源：www.suruga-ya.jp,从网页展示层撤下；不补图,实图已入库,assets/images/KR-MER-0111.webp,,駿河屋角色单品图,https://www.suruga-ya.jp/product/detail/892309038,角色单品图
KR-MER-0112,P.A.shots!! Vol.5 Action,鬼龍紅郎 「あんさんぶるスターズ!! P.A.shots!! Vol.5 Action」,フロンティアワークス/相关发行方,非官图已撤,非官方图片来源：www.suruga-ya.jp,从网页展示层撤下；不补图,实图已入库,assets/images/KR-MER-0112.webp,,駿河屋角色单品图,https://www.suruga-ya.jp/product/detail/892309087,角色单品图
KR-MER-0113,P.A.shots!! Vol.6 Private,鬼龍紅郎 「あんさんぶるスターズ!! Bright me up!! P.A.shots!! Vol.6 Private」,フロンティアワークス/相关发行方,非官图已撤,非官方图片来源：www.suruga-ya.jp,从网页展示层撤下；不补图,实图已入库,assets/images/KR-MER-0113.webp,,駿河屋角色单品图,https://www.suruga-ya.jp/product/detail/892453254,角色单品图
KR-MER-0114,P.A.shots!! Vol.6 Action,鬼龍紅郎 「あんさんぶるスターズ!! Bright me up!! P.A.shots!! Vol.6 Action」,フロンティアワークス/相关发行方,非官图已撤,非官方图片来源：www.suruga-ya.jp,从网页展示层撤下；不补图,实图已入库,assets/images/KR-MER-0114.webp,,駿河屋角色单品图,https://www.suruga-ya.jp/product/detail/892453310,角色单品图
KR-MER-0115,8周年 gracolle P.A.shots!!,鬼龍紅郎 「あんさんぶるスターズ!! gracolle P.A.shots!! ES 8th Anniversary」,pattythree,非官图已撤,非官方图片来源：www.suruga-ya.jp,从网页展示层撤下；不补图,实图已入库,assets/images/KR-MER-0115.webp,,駿河屋角色单品图,https://www.suruga-ya.jp/product/detail/892168572,角色单品图
KR-MER-0117,ぬいぐるみ 3-B,鬼龍紅郎 ぬいぐるみ～3-B～ 「あんさんぶるスターズ!」,フリュー,来源不明已撤,图片来源URL缺失，不能证明为官图,从网页展示层撤下；不补图,实图已入库,assets/images/KR-MER-0117.webp,assets/images/KR-MER-0117.webp,公开真实商品图/旧图鉴迁移,,既有实图
KR-MER-0118,红月 ぬいぐるみ,鬼龍紅郎 ぬいぐるみ-紅月- 「あんさんぶるスターズ!!」,フリュー,非官图已撤,非官方图片来源：cdn.suruga-ya.jp,从网页展示层撤下；不补图,实图已入库,,https://cdn.suruga-ya.jp/database/pics_webp/game/646119424.jpg.webp,駿河屋角色单品档案原图,https://cdn.suruga-ya.jp/database/pics_webp/game/646119424.jpg.webp,档案单品原图
KR-MER-0119,もちもちマスコット vol.6,鬼龍紅郎 「あんさんぶるスターズ!! もちもちマスコット vol.6」,エスケイジャパン,非官图已撤,非官方图片来源：cdn.suruga-ya.jp,从网页展示层撤下；不补图,实图已入库,,https://cdn.suruga-ya.jp/database/pics_webp/game/508428202.jpg.webp,駿河屋角色单品档案原图,https://cdn.suruga-ya.jp/database/pics_webp/game/508428202.jpg.webp,档案单品原图
KR-MER-0120,一起生活大型亚克力立牌,鬼龍紅郎 一緒に暮らすアクスタ 「あんさんぶるスターズ!!」,アニメイト/関連企画,来源不明已撤,图片来源URL缺失，不能证明为官图,从网页展示层撤下；不补图,实图已入库,assets/images/KR-MER-0120.webp,assets/images/KR-MER-0120.webp,公开真实商品图/旧图鉴迁移,,既有实图
KR-MER-0122,斜放亚克力立牌 vol.2,39.鬼龍紅郎 ななめ/アクスタ vol.2 「あんさんぶるスターズ!!」,トイズ・プランニング,非官图已撤,非官方图片来源：cdn.suruga-ya.jp,从网页展示层撤下；不补图,实图已入库,,https://cdn.suruga-ya.jp/database/pics_webp/game/560291225.jpg.webp,駿河屋角色单品档案原图,https://cdn.suruga-ya.jp/database/pics_webp/game/560291225.jpg.webp,档案单品原图
KR-MER-0123,8周年服装毛绒,鬼龍紅郎 コスチュームマスコット -8th Anniversary- 「あんさんぶるスターズ!!」,エンスカイ,非官图已撤,非官方图片来源：cdn.suruga-ya.jp,从网页展示层撤下；不补图,实图已入库,,https://cdn.suruga-ya.jp/database/pics_webp/game/560119018.jpg.webp,駿河屋角色单品档案原图＋pattythree公式,https://cdn.suruga-ya.jp/database/pics_webp/game/560119018.jpg.webp,档案单品原图
KR-MER-0124,おまんじゅう ねくすと2 A,鬼龍紅郎 「あんさんぶるスターズ!! おまんじゅうにぎにぎマスコット ねくすと2 Abox」,エンスカイ,非官图已撤,非官方图片来源：cdn.suruga-ya.jp,从网页展示层撤下；不补图,实图已入库,,https://cdn.suruga-ya.jp/pics_webp/boxart_m/560211992m.jpg.webp,駿河屋角色档案图,https://cdn.suruga-ya.jp/pics_webp/boxart_m/560211992m.jpg.webp,档案角色缩略原图
KR-MER-0125,斜放亚克力立牌 vol.3,39.鬼龍紅郎 ななめ/アクスタ vol.3 「あんさんぶるスターズ!!」,トイズ・プランニング,非官图已撤,非官方图片来源：w0nderisland.com,从网页展示层撤下；不补图,实图已入库,assets/images/KR-MER-0125.webp,https://w0nderisland.com/wp-content/uploads/2023/09/image-65-1536x1087.png,Vol.3完整促销阵容图公开转载・编号39无歧义裁切,https://w0nderisland.com/wp-content/uploads/2023/09/image-65-1536x1087.png,完整促销阵容图・编号无歧义裁切
KR-MER-0126,もちもちマスコットPS vol.9,鬼龍紅郎 「あんさんぶるスターズ!! もちもちマスコットPS vol.9」,エスケイジャパン,非官图已撤,非官方图片来源：cdn.suruga-ya.jp,从网页展示层撤下；不补图,实图已入库,,https://cdn.suruga-ya.jp/database/pics_webp/game/560593045.jpg.webp,駿河屋角色单品档案原图,https://cdn.suruga-ya.jp/database/pics_webp/game/560593045.jpg.webp,档案单品原图
KR-MER-0127,斜放亚克力立牌 vol.4,39.鬼龍紅郎 ななめ/アクスタ vol.4 「あんさんぶるスターズ!!」,トイズ・プランニング,非官图已撤,非官方图片来源：cdn.suruga-ya.jp,从网页展示层撤下；不补图,实图已入库,,https://cdn.suruga-ya.jp/database/pics_webp/game/560651429.jpg.webp,駿河屋角色单品档案原图,https://cdn.suruga-ya.jp/database/pics_webp/game/560651429.jpg.webp,档案单品原图
KR-MER-0128,イベコレ 2020 WINTER Idol,鬼龍紅郎 イベコレ缶バッジ [2020 WINTER] -Idol Side-,トイズ・プランニング,来源不明已撤,图片来源URL缺失，不能证明为官图,从网页展示层撤下；不补图,实图已入库,assets/images/KR-MER-0128.webp,,公开真实商品图/旧图鉴迁移,,既有实图
KR-MER-0129,イベコレ 2020 WINTER Casual,鬼龍紅郎 イベコレ缶バッジ [2020 WINTER] -Casual Side-,トイズ・プランニング,来源不明已撤,图片来源URL缺失，不能证明为官图,从网页展示层撤下；不补图,实图已入库,assets/images/KR-MER-0129.webp,,公开真实商品图/旧图鉴迁移,,既有实图
KR-MER-0130,イベコレ 2020 SUMMER Idol,鬼龍紅郎 イベコレ缶バッジ [2020 SUMMER] -Idol Side-,トイズ・プランニング,来源不明已撤,图片来源URL缺失，不能证明为官图,从网页展示层撤下；不补图,实图已入库,assets/images/KR-MER-0130.webp,,公开真实商品图/旧图鉴迁移,,既有实图
KR-MER-0131,イベコレ 2020 SUMMER Casual,鬼龍紅郎 イベコレ缶バッジ [2020 SUMMER] -Casual Side-,トイズ・プランニング,来源不明已撤,图片来源URL缺失，不能证明为官图,从网页展示层撤下；不补图,实图已入库,assets/images/KR-MER-0131.webp,,公开真实商品图/旧图鉴迁移,,既有实图
KR-MER-0132,イベコレ 2021 SUMMER Idol,鬼龍紅郎 イベコレ缶バッジ [2021 SUMMER] -Idol Side-,トイズ・プランニング,来源不明已撤,图片来源URL缺失，不能证明为官图,从网页展示层撤下；不补图,实图已入库,assets/images/KR-MER-0132.webp,,公开真实商品图/旧图鉴迁移,,既有实图
KR-MER-0133,イベコレ 2021 SUMMER Casual,鬼龍紅郎 イベコレ缶バッジ [2021 SUMMER] -Casual Side-,トイズ・プランニング,来源不明已撤,图片来源URL缺失，不能证明为官图,从网页展示层撤下；不补图,实图已入库,assets/images/KR-MER-0133.webp,,公开真实商品图/旧图鉴迁移,,既有实图
KR-MER-0134,イベコレ 2024 SPRING Idol,鬼龍紅郎 イベコレ缶バッジ [2024 SPRING] -Idol Side-,pattythree,来源不明已撤,图片来源URL缺失，不能证明为官图,从网页展示层撤下；不补图,实图已入库,assets/images/KR-MER-0134.webp,,公开真实商品图/旧图鉴迁移,,既有实图
KR-MER-0135,主题Scout 2023 AUTUMN Idol,鬼龍紅郎 テーマスカウト缶バッジ [2023 AUTUMN] -Idol Side-,pattythree,来源不明已撤,图片来源URL缺失，不能证明为官图,从网页展示层撤下；不补图,实图已入库,assets/images/KR-MER-0135.webp,,公开真实商品图/旧图鉴迁移,,既有实图
KR-MER-0136,主题Scout 2023 AUTUMN Casual,鬼龍紅郎 テーマスカウト缶バッジ [2023 AUTUMN] -Casual Side-,pattythree,来源不明已撤,图片来源URL缺失，不能证明为官图,从网页展示层撤下；不补图,实图已入库,assets/images/KR-MER-0136.webp,,公开真实商品图/旧图鉴迁移,,既有实图
KR-MER-0137,Feature Scout 2021 AUTUMN Idol,鬼龍紅郎 フィーチャースカウト缶バッジ [2021 AUTUMN] -Idol Side-,pattythree,来源不明已撤,图片来源URL缺失，不能证明为官图,从网页展示层撤下；不补图,实图已入库,assets/images/KR-MER-0137.webp,,公开真实商品图/旧图鉴迁移,,既有实图
KR-MER-0138,Feature Scout2 2023 AUTUMN Idol,鬼龍紅郎 フィーチャースカウト2缶バッジ [2023 AUTUMN] -Idol Side-,pattythree,来源不明已撤,图片来源URL缺失，不能证明为官图,从网页展示层撤下；不补图,实图已入库,assets/images/KR-MER-0138.webp,,公开真实商品图/旧图鉴迁移,,既有实图
KR-MER-0141,Collection徽章 2024 Oct. Idol,鬼龍紅郎 コレクション缶バッジ [2024 Oct.] -Idol Side-,pattythree,来源不明已撤,图片来源URL缺失，不能证明为官图,从网页展示层撤下；不补图,实图已入库,assets/images/KR-MER-0141.webp,,公开真实商品图/旧图鉴迁移,,既有实图
KR-MER-0142,Collection徽章 2025 Jan. Casual,鬼龍紅郎 コレクション缶バッジ [2025 Jan.] -Casual Side-,pattythree,来源不明已撤,图片来源URL缺失，不能证明为官图,从网页展示层撤下；不补图,实图已入库,assets/images/KR-MER-0142.webp,,公开真实商品图/旧图鉴迁移,,既有实图
KR-MER-0143,Collection徽章 2025 May Idol,鬼龍紅郎 コレクション缶バッジ [2025 May] -Idol Side-,pattythree,来源不明已撤,图片来源URL缺失，不能证明为官图,从网页展示层撤下；不补图,实图已入库,assets/images/KR-MER-0143.webp,,公开真实商品图/旧图鉴迁移,,既有实图
KR-MER-0144,10周年 gracolle CANBA!! Group D,鬼龍紅郎 10周年展示会 Bright me up!! gracolle CANBA!! ES 10th Anniversary [グループD],pattythree,非官图已撤,非官方图片来源：cdn.suruga-ya.jp,从网页展示层撤下；不补图,实图已入库,,https://cdn.suruga-ya.jp/database/pics_webp/game/889132746.jpg.webp,駿河屋角色单品档案原图,https://cdn.suruga-ya.jp/database/pics_webp/game/889132746.jpg.webp,档案单品原图
KR-MER-0145,Collection徽章 2026 Feb. Idol,鬼龍紅郎 コレクション缶バッジ [2026 Feb.] -Idol Side-,pattythree,来源不明已撤,图片来源URL缺失，不能证明为官图,从网页展示层撤下；不补图,实图已入库,assets/images/KR-MER-0145.webp,assets/images/KR-MER-0145.webp,公开真实商品图/旧图鉴迁移,,既有实图
KR-MER-0146,Collection徽章 2026 Feb. Casual,鬼龍紅郎 コレクション缶バッジ [2026 Feb.] -Casual Side-,pattythree,来源不明已撤,图片来源URL缺失，不能证明为官图,从网页展示层撤下；不补图,实图已入库,assets/images/KR-MER-0146.webp,,公开真实商品图/旧图鉴迁移,,既有实图
KR-MER-0147,ぶくスタ Glitter徽章 vol.4,鬼龍紅郎 「あんさんぶくぶスターズ!! グリッター缶バッジコレクション vol.4」,amie,非官图已撤,非官方图片来源：cdn.suruga-ya.jp,从网页展示层撤下；不补图,实图已入库,assets/images/KR-MER-0147.webp,,駿河屋角色单品档案原图,https://cdn.suruga-ya.jp/database/pics_webp/game/889141358.jpg.webp,档案单品原图
KR-MER-0148,Ani☆Cap 缶徽章,鬼龍紅郎 「アニ☆カプ あんさんぶるスターズ! 缶バッジ」,アニメイト,非官图已撤,非官方图片来源：cdn.suruga-ya.jp,从网页展示层撤下；不补图,实图已入库,assets/images/KR-MER-0148.webp,https://cdn.suruga-ya.jp/database/pics_webp/game/871526600.jpg.webp,駿河屋角色单品档案原图,https://cdn.suruga-ya.jp/database/pics_webp/game/871526600.jpg.webp,档案单品原图
KR-MER-0149,Welcome to Festa 角色徽章,鬼龍紅郎 キャラバッジコレクション 「あんさんぶるスターズ! Welcome to Festa」,ムービック,非官图已撤,非官方图片来源：cdn.suruga-ya.jp,从网页展示层撤下；不补图,实图已入库,assets/images/KR-MER-0149.webp,https://cdn.suruga-ya.jp/pics_webp/boxart_m/871575451m.jpg.webp,駿河屋角色单品档案缩略图,https://cdn.suruga-ya.jp/pics_webp/boxart_m/871575451m.jpg.webp,档案单品缩略图
KR-MER-0150,Wonderland Ani☆Cap 徽章,鬼龍紅郎 「アニ☆カプ あんさんぶるスターズ! ワンダーランドシリーズ 缶バッジ」,アニメイト,非官图已撤,非官方图片来源：cdn.suruga-ya.jp,从网页展示层撤下；不补图,实图已入库,assets/images/KR-MER-0150.webp,https://cdn.suruga-ya.jp/database/pics_webp/game/871558471.jpg.webp,駿河屋角色单品档案原图,https://cdn.suruga-ya.jp/database/pics_webp/game/871558471.jpg.webp,档案单品原图
KR-MER-0151,Long Can Badge Collection 6,鬼龍紅郎 「あんさんぶるスターズ! ロングカンバッジコレクション6」,エンスカイ,非官图已撤,非官方图片来源：cdn.suruga-ya.jp,从网页展示层撤下；不补图,实图已入库,assets/images/KR-MER-0151.webp,https://cdn.suruga-ya.jp/database/pics_webp/game/871543183.jpg.webp,駿河屋角色单品档案原图,https://cdn.suruga-ya.jp/database/pics_webp/game/871543183.jpg.webp,档案单品原图
KR-MER-0152,Idol School Days 徽章 Vol.3 B,鬼龍紅郎 「あんさんぶるスターズ! キャラバッジコレクション Idol School Days Vol.3 Ver.B」,ムービック,非官图已撤,非官方图片来源：cdn.suruga-ya.jp,从网页展示层撤下；不补图,实图已入库,assets/images/KR-MER-0152.webp,https://cdn.suruga-ya.jp/database/pics_webp/game/871112708.jpg.webp,駿河屋角色单品档案原图,https://cdn.suruga-ya.jp/database/pics_webp/game/871112708.jpg.webp,档案单品原图
KR-MER-0153,Animate Cafe 厨师ver.心形徽章,鬼龍紅郎 「あんさんぶるスターズ!×animatecafe トレーディングハート型缶バッジ 夢ノ咲コックver. Aグループ」,アニメイト,非官图已撤,非官方图片来源：cdn.suruga-ya.jp,从网页展示层撤下；不补图,实图已入库,,https://cdn.suruga-ya.jp/database/pics_webp/game/871571167.jpg.webp,駿河屋鬼龍紅郎角色单品档案原图,https://cdn.suruga-ya.jp/database/pics_webp/game/871571167.jpg.webp,档案单品原图
KR-MER-0154,Long Can Badge Collection 8,鬼龍紅郎 「あんさんぶるスターズ! ロングカンバッジコレクション8」,エンスカイ,非官图已撤,非官方图片来源：cdn.suruga-ya.jp,从网页展示层撤下；不补图,实图已入库,assets/images/KR-MER-0154.webp,https://cdn.suruga-ya.jp/database/pics_webp/game/871568501.jpg.webp,駿河屋角色单品档案原图,https://cdn.suruga-ya.jp/database/pics_webp/game/871568501.jpg.webp,档案单品原图
KR-MER-0155,追忆B 和纸质感徽章,鬼龍紅郎 「あんさんぶるスターズ! キャラバッジコレクション 追憶B」,ムービック,非官图已撤,非官方图片来源：cdn.suruga-ya.jp,从网页展示层撤下；不补图,实图已入库,assets/images/KR-MER-0155.webp,https://cdn.suruga-ya.jp/database/pics_webp/game/871581125.jpg.webp,駿河屋角色单品档案原图,https://cdn.suruga-ya.jp/database/pics_webp/game/871581125.jpg.webp,档案单品原图
KR-MER-0156,梦之咲活动Collection vol.2 梅雨払い,鬼龍紅郎(2016年傾け!梅雨払いの錦) 夢ノ咲イベントコレクション缶バッジvol.2,バンプレスト,非官图已撤,非官方图片来源：cdn.suruga-ya.jp,从网页展示层撤下；不补图,实图已入库,,https://cdn.suruga-ya.jp/database/pics_webp/game/871578535.jpg.webp,駿河屋鬼龍紅郎角色单品档案原图,https://cdn.suruga-ya.jp/database/pics_webp/game/871578535.jpg.webp,档案单品原图
KR-MER-0157,Crossroad 开花后角色徽章,鬼龍紅郎(才能開花後) 「あんさんぶるスターズ! キャラバッジコレクション 追憶*それぞれのクロスロード」,ムービック,非官图已撤,非官方图片来源：www.suruga-ya.jp,从网页展示层撤下；不补图,实图已入库,assets/images/KR-MER-0157.webp,,Crossroad封口图片工程,https://www.suruga-ya.jp/product/detail/871584784,封口主图
KR-MER-0158,一番Cafe 巧克力派对心形徽章,鬼龍紅郎 「一番カフェ あんさんぶるスターズ! ～胸きゅん!ショコラパーティー♪～ ハート型缶バッジ Part1」,バンプレスト,非官图已撤,非官方图片来源：cdn.suruga-ya.jp,从网页展示层撤下；不补图,实图已入库,,https://cdn.suruga-ya.jp/database/pics_webp/game/871591138.jpg.webp,駿河屋鬼龍紅郎角色单品档案原图,https://cdn.suruga-ya.jp/database/pics_webp/game/871591138.jpg.webp,档案单品原图
KR-MER-0159,Variety徽章 4th vol.1,鬼龍紅郎 「あんさんぶるスターズ! バラエティ缶バッジ4th vol.1」,バンプレスト,非官图已撤,非官方图片来源：cdn.suruga-ya.jp,从网页展示层撤下；不补图,实图已入库,assets/images/KR-MER-0159.webp,,駿河屋角色单品档案原图,https://cdn.suruga-ya.jp/database/pics_webp/game/871592292.jpg.webp,档案单品原图
KR-MER-0161,应援大徽章 2nd vol.1,鬼龍紅郎 「あんさんぶるスターズ! 応援缶バッジ2nd vol.1」,バンプレスト,非官图已撤,非官方图片来源：cdn.suruga-ya.jp,从网页展示层撤下；不补图,实图已入库,assets/images/KR-MER-0161.webp,,駿河屋角色单品档案原图,https://cdn.suruga-ya.jp/database/pics_webp/game/871615701.jpg.webp,档案单品原图
KR-MER-0162,Variety 5th special 签名设计徽章,鬼龍紅郎 「あんさんぶるスターズ! トルコレ バラエティ缶バッジ5th～special ver.～」,バンプレスト,非官图已撤,非官方图片来源：cdn.suruga-ya.jp,从网页展示层撤下；不补图,实图已入库,assets/images/KR-MER-0162.webp,https://cdn.suruga-ya.jp/pics_webp/boxart_m/871624914m.jpg.webp,駿河屋鬼龍紅郎角色单品档案缩略图,https://cdn.suruga-ya.jp/pics_webp/boxart_m/871624914m.jpg.webp,档案单品缩略图・待大图升级
KR-MER-0163,とるパカ 心形徽章 Ver.B,鬼龍紅郎 「あんさんぶるスターズ! とるパカ! ハート型缶バッジ Ver.B」,バンプレスト,非官图已撤,非官方图片来源：cdn.suruga-ya.jp,从网页展示层撤下；不补图,实图已入库,,https://cdn.suruga-ya.jp/database/pics_webp/game/871116964.jpg.webp,駿河屋角色单品档案原图,https://cdn.suruga-ya.jp/database/pics_webp/game/871116964.jpg.webp,角色单品实图
KR-MER-0164,Namjatown Cat Festival闪亮徽章B,鬼龍紅郎 「あんさんぶるスターズ! in ナンジャタウン ～キャット*フェスティバル～ キラキラ缶バッジコレクションB」,バンダイナムコアミューズメント,非官图已撤,非官方图片来源：cdn.suruga-ya.jp,从网页展示层撤下；不补图,实图已入库,,https://cdn.suruga-ya.jp/database/pics_webp/game/871639058.jpg.webp,駿河屋角色单品档案原图,https://cdn.suruga-ya.jp/database/pics_webp/game/871639058.jpg.webp,档案单品原图
KR-MER-0165,とるパカ 心形徽章 Vol.3 B,鬼龍紅郎 「あんさんぶるスターズ! とるパカ! ハート型缶バッジVol.3 Ver.B」,バンプレスト,非官图已撤,非官方图片来源：static.mercdn.net,从网页展示层撤下；不补图,实图已入库,assets/images/KR-MER-0165.webp,https://static.mercdn.net/item/detail/orig/photos/m23515126044_1.jpg?1736777308,Mercari鬼龍紅郎vol.3精确单品实物＋駿河屋Vol.3 Bver角色直证,https://static.mercdn.net/item/detail/orig/photos/m23515126044_1.jpg?1736777308,精确二手角色单品实物图
KR-MER-0166,应援大徽章 4th vol.1,鬼龍紅郎 「あんさんぶるスターズ! トルコレ 応援缶バッジ4th vol.1」,バンプレスト,非官图已撤,非官方图片来源：cdn.suruga-ya.jp,从网页展示层撤下；不补图,实图已入库,assets/images/KR-MER-0166.webp,https://cdn.suruga-ya.jp/database/pics_webp/game/871667967.jpg.webp,駿河屋角色单品档案原图,https://cdn.suruga-ya.jp/database/pics_webp/game/871667967.jpg.webp,档案单品原图
KR-MER-0167,とるパカ 心形徽章 Vol.4 B,鬼龍紅郎 「あんさんぶるスターズ! とるパカ! ハート型缶バッジVol.4 Ver.B」,バンプレスト,非官图已撤,非官方图片来源：cdn.suruga-ya.jp,从网页展示层撤下；不补图,实图已入库,,https://cdn.suruga-ya.jp/database/pics_webp/game/871116462.jpg.webp,駿河屋角色单品档案原图,https://cdn.suruga-ya.jp/database/pics_webp/game/871116462.jpg.webp,角色单品实图
KR-MER-0168,とるパカ 心形徽章 Vol.5 B,鬼龍紅郎 「あんさんぶるスターズ! とるパカ! ハート型缶バッジVol.5 Ver.B」,バンプレスト,非官图已撤,非官方图片来源：cdn.suruga-ya.jp,从网页展示层撤下；不补图,实图已入库,,https://cdn.suruga-ya.jp/database/pics_webp/game/871779184.jpg.webp,駿河屋角色单品档案原图,https://cdn.suruga-ya.jp/database/pics_webp/game/871779184.jpg.webp,角色单品实图
KR-MER-0169,Variety徽章 7th vol.1,鬼龍紅郎 「あんさんぶるスターズ! トルコレ バラエティ缶バッジ7th vol.1」,バンプレスト,非官图已撤,非官方图片来源：cdn.suruga-ya.jp,从网页展示层撤下；不补图,实图已入库,assets/images/KR-MER-0169.webp,https://cdn.suruga-ya.jp/database/pics_webp/game/871679277.jpg.webp,駿河屋鬼龍紅郎角色单品档案原图,https://cdn.suruga-ya.jp/database/pics_webp/game/871679277.jpg.webp,档案单品原图
KR-MER-0170,动画化纪念徽章 vol.1,鬼龍紅郎 「あんさんぶるスターズ! アニメ化記念缶バッジvol.1」,バンプレスト,非官图已撤,非官方图片来源：cdn.suruga-ya.jp,从网页展示层撤下；不补图,实图已入库,,https://cdn.suruga-ya.jp/database/pics_webp/game/871675771.jpg.webp,駿河屋角色单品档案原图,https://cdn.suruga-ya.jp/database/pics_webp/game/871675771.jpg.webp,档案单品原图
KR-MER-0171,とるパカ 心形徽章 Vol.7 B,鬼龍紅郎 「あんさんぶるスターズ! とるパカ! ハート型缶バッジVol.7 Ver.B」,バンプレスト,非官图已撤,非官方图片来源：cdn.suruga-ya.jp,从网页展示层撤下；不补图,实图已入库,,https://cdn.suruga-ya.jp/database/pics_webp/game/871723811.jpg.webp,駿河屋角色单品档案原图,https://cdn.suruga-ya.jp/database/pics_webp/game/871723811.jpg.webp,角色单品实图
KR-MER-0172,激推し徽章 Collection vol.2,鬼龍紅郎 「あんさんぶるスターズ! 激推し缶バッジコレクション vol.2」,ホビーストック,非官图已撤,非官方图片来源：cdn.suruga-ya.jp,从网页展示层撤下；不补图,实图已入库,,https://cdn.suruga-ya.jp/database/pics_webp/game/871692567.jpg.webp,駿河屋鬼龍紅郎角色单品档案原图,https://cdn.suruga-ya.jp/database/pics_webp/game/871692567.jpg.webp,档案单品原图
KR-MER-0173,Lawson 全息徽章 C,鬼龍紅郎 「あんさんぶるスターズ!!×ローソン ホログラム缶バッジ C ver.」,ローソン,非官图已撤,非官方图片来源：cdn.suruga-ya.jp,从网页展示层撤下；不补图,实图已入库,,https://cdn.suruga-ya.jp/database/pics_webp/game/871728580.jpg.webp,駿河屋角色单品档案原图,https://cdn.suruga-ya.jp/database/pics_webp/game/871728580.jpg.webp,档案单品原图
KR-MER-0174,とるパカ 心形徽章 Vol.8 B,鬼龍紅郎 「あんさんぶるスターズ! とるパカ! ハート型缶バッジVol.8 Ver.B」,バンプレスト,非官图已撤,非官方图片来源：cdn.suruga-ya.jp,从网页展示层撤下；不补图,实图已入库,,https://cdn.suruga-ya.jp/database/pics_webp/game/871762626.jpg.webp,駿河屋角色单品档案原图,https://cdn.suruga-ya.jp/database/pics_webp/game/871762626.jpg.webp,角色单品实图
KR-MER-0175,Variety徽章 10th vol.1,鬼龍紅郎 「あんさんぶるスターズ! バラエティ缶バッジ10th vol.1」,バンプレスト,非官图已撤,非官方图片来源：cdn.suruga-ya.jp,从网页展示层撤下；不补图,实图已入库,assets/images/KR-MER-0175.webp,,駿河屋角色单品档案原图,https://cdn.suruga-ya.jp/database/pics_webp/game/871748266.jpg.webp,档案单品原图
KR-MER-0176,新章 Variety徽章 1st vol.1,鬼龍紅郎 「あんさんぶるスターズ!! バラエティ缶バッジ 1st vol.1」,バンプレスト,非官图已撤,非官方图片来源：cdn.suruga-ya.jp,从网页展示层撤下；不补图,实图已入库,assets/images/KR-MER-0176.webp,,駿河屋角色单品档案原图,https://cdn.suruga-ya.jp/database/pics_webp/game/871766617.jpg.webp,档案单品原图
KR-MER-0177,5周年展示会 签名罩角色徽章 B,鬼龍紅郎 「あんさんぶるスターズ!! 5周年展示会 ring for SMILE キャラバッジコレクション(豪華サイン入りカバー付) -5th Anniversary- B」,ムービック,非官图已撤,非官方图片来源：cdn.suruga-ya.jp,从网页展示层撤下；不补图,实图已入库,assets/images/KR-MER-0177.webp,https://cdn.suruga-ya.jp/database/pics_webp/game/871774396.jpg.webp,駿河屋角色单品档案原图,https://cdn.suruga-ya.jp/database/pics_webp/game/871774396.jpg.webp,档案单品原图
KR-MER-0178,星形BIG徽章 vol.2,鬼龍紅郎 「あんさんぶるスターズ!! 星型ビッグ缶バッジvol.2」,バンプレスト,非官图已撤,非官方图片来源：cdn.suruga-ya.jp,从网页展示层撤下；不补图,实图已入库,,https://cdn.suruga-ya.jp/database/pics_webp/game/871773620.jpg.webp,駿河屋全15種セット精确档案原图定位裁切,https://cdn.suruga-ya.jp/database/pics_webp/game/871773620.jpg.webp,精确セット档案原图・目标单枚裁切
KR-MER-0179,圆形Art徽章 vol.2,鬼龍紅郎 「あんさんぶるスターズ!! 丸型アート缶バッジvol.2」,バンプレスト,非官图已撤,非官方图片来源：cdn.suruga-ya.jp,从网页展示层撤下；不补图,实图已入库,,https://cdn.suruga-ya.jp/database/pics_webp/game/871786875.jpg.webp,駿河屋鬼龍紅郎角色单品档案原图＋GiGO官方奖品档案,https://cdn.suruga-ya.jp/database/pics_webp/game/871786875.jpg.webp,档案单品原图
KR-MER-0180,Portrait Sign 徽章 C,鬼龍紅郎 「あんさんぶるスターズ!! ポートレートサイン 缶バッジ C」,トイズ・プランニング,非官图已撤,非官方图片来源：cdn.suruga-ya.jp,从网页展示层撤下；不补图,实图已入库,,https://cdn.suruga-ya.jp/database/pics_webp/game/871721965.jpg.webp,駿河屋角色单品档案原图,https://cdn.suruga-ya.jp/database/pics_webp/game/871721965.jpg.webp,档案单品原图
KR-MER-0181,gracolle 6周年 SOUL,鬼龍紅郎 「あんさんぶるスターズ!! gracolle CANBA!! ES 6th Anniversary SOUL」,フロンティアワークス,非官图已撤,非官方图片来源：cdn.suruga-ya.jp,从网页展示层撤下；不补图,实图已入库,,https://cdn.suruga-ya.jp/database/pics_webp/game/871128108.jpg.webp,駿河屋角色单品档案原图,https://cdn.suruga-ya.jp/database/pics_webp/game/871128108.jpg.webp,档案单品原图
KR-MER-0182,主题Scout 2020 SPRING Idol,鬼龍紅郎 「あんさんぶるスターズ!! テーマスカウト缶バッジ [2020 SPRING] -Idol Side-」,フロンティアワークス,来源不明已撤,图片来源URL缺失，不能证明为官图,从网页展示层撤下；不补图,实图已入库,assets/images/KR-MER-0182.webp,,公开真实商品图/旧图鉴迁移,,既有实图
KR-MER-0183,主题Scout 2020 SPRING Casual,鬼龍紅郎 「あんさんぶるスターズ!! テーマスカウト缶バッジ [2020 SPRING] -Casual Side-」,フロンティアワークス,来源不明已撤,图片来源URL缺失，不能证明为官图,从网页展示层撤下；不补图,实图已入库,assets/images/KR-MER-0183.webp,,公开真实商品图/旧图鉴迁移,,既有实图
KR-MER-0184,主题Scout 2020 AUTUMN Idol,鬼龍紅郎 「あんさんぶるスターズ!! テーマスカウト缶バッジ [2020 AUTUMN] -Idol Side-」,フロンティアワークス,来源不明已撤,图片来源URL缺失，不能证明为官图,从网页展示层撤下；不补图,实图已入库,assets/images/KR-MER-0184.webp,,公开真实商品图/旧图鉴迁移,,既有实图
KR-MER-0185,主题Scout 2020 AUTUMN Casual,鬼龍紅郎 「あんさんぶるスターズ!! テーマスカウト缶バッジ [2020 AUTUMN] -Casual Side-」,フロンティアワークス,来源不明已撤,图片来源URL缺失，不能证明为官图,从网页展示层撤下；不补图,实图已入库,assets/images/KR-MER-0185.webp,,公开真实商品图/旧图鉴迁移,,既有实图
KR-MER-0186,gracolle 7周年 TAILS,鬼龍紅郎 「あんさんぶるスターズ!! gracolle CANBA!! ES 7th Anniversary TAILS」,フロンティアワークス,非官图已撤,非官方图片来源：cdn.suruga-ya.jp,从网页展示层撤下；不补图,实图已入库,,https://cdn.suruga-ya.jp/database/pics_webp/game/871189938.jpg.webp,駿河屋角色单品档案原图,https://cdn.suruga-ya.jp/database/pics_webp/game/871189938.jpg.webp,档案单品原图
KR-MER-0187,主题Scout 2022 WINTER Idol,鬼龍紅郎 「あんさんぶるスターズ!! テーマスカウト缶バッジ [2022 WINTER] -Idol Side-」,pattythree,来源不明已撤,图片来源URL缺失，不能证明为官图,从网页展示层撤下；不补图,实图已入库,assets/images/KR-MER-0187.webp,,公开真实商品图/旧图鉴迁移,,既有实图
KR-MER-0188,gracolle 8周年 from ME,鬼龍紅郎 「あんさんぶるスターズ!! gracolle CANBA!! ES 8th Anniversary 〖from ME〗」,相关发行方,非官图已撤,非官方图片来源：cdn.suruga-ya.jp,从网页展示层撤下；不补图,实图已入库,,https://cdn.suruga-ya.jp/pics_webp/boxart_m/871274616m.jpg.webp,駿河屋角色单品档案缩略图,https://cdn.suruga-ya.jp/pics_webp/boxart_m/871274616m.jpg.webp,档案单品缩略图
KR-MER-0189,イベコレ 2024 SPRING Casual,鬼龍紅郎 「あんさんぶるスターズ!! イベコレ缶バッジ [2024 SPRING] -Casual Side-」,トイズ・プランニング/相关发行,来源不明已撤,图片来源URL缺失，不能证明为官图,从网页展示层撤下；不补图,实图已入库,assets/images/KR-MER-0189.webp,,公开真实商品图/旧图鉴迁移,,既有实图
KR-MER-0190,SPOTLIGHT Banner徽章,鬼龍紅郎 「あんさんぶるスターズ!! バナーバッジコレクション SEASON1 SPOTLIGHT ver.」,pattythree,非官图已撤,非官方图片来源：cdn.suruga-ya.jp,从网页展示层撤下；不补图,实图已入库,assets/images/KR-MER-0190.webp,https://cdn.suruga-ya.jp/database/pics_webp/game/871366916.jpg.webp,駿河屋鬼龍紅郎角色单品档案原图,https://cdn.suruga-ya.jp/database/pics_webp/game/871366916.jpg.webp,档案单品原图
KR-MER-0191,gracolle 9周年 FLARE,鬼龍紅郎 「あんさんぶるスターズ!! gracolle CANBA!! ES 9th Anniversary FLARE」,pattythree,非官图已撤,非官方图片来源：cdn.suruga-ya.jp,从网页展示层撤下；不补图,实图已入库,,https://cdn.suruga-ya.jp/database/pics_webp/game/871908186.jpg.webp,駿河屋角色单品档案原图,https://cdn.suruga-ya.jp/database/pics_webp/game/871908186.jpg.webp,档案单品原图
KR-MER-0192,Collection徽章 2025 Jan. Idol,鬼龍紅郎 「あんさんぶるスターズ!! コレクション缶バッジ[2025 Jan.]-Idol Side-」,pattythree,来源不明已撤,图片来源URL缺失，不能证明为官图,从网页展示层撤下；不补图,实图已入库,assets/images/KR-MER-0192.webp,,公开真实商品图/旧图鉴迁移,,既有实图
KR-MER-0193,视觉色纸 Collection 1,鬼龍紅郎 「あんさんぶるスターズ! ビジュアル色紙コレクション」,エンスカイ,非官图已撤,非官方图片来源：cdn.suruga-ya.jp,从网页展示层撤下；不补图,实图已入库,assets/images/KR-MER-0193.webp,,駿河屋角色单品档案原图,https://cdn.suruga-ya.jp/database/pics_webp/game/860002394.jpg.webp,档案单品原图
KR-MER-0194,Animate Cafe 生日生写,鬼龍紅郎 バースデーブロマイド 「あんさんぶるスターズ!×animatecafe」 対象商品購入特典,アニメイト,非官图已撤,非官方图片来源：cdn.suruga-ya.jp,从网页展示层撤下；不补图,实图已入库,,https://cdn.suruga-ya.jp/database/pics_webp/game/892011145.jpg.webp,駿河屋鬼龍紅郎角色单品档案原图,https://cdn.suruga-ya.jp/database/pics_webp/game/892011145.jpg.webp,档案单品原图
KR-MER-0195,梦之咲学院学生证,鬼龍紅郎 夢ノ咲学院学生証 「あんさんぶるスターズ! ようこそ転校生ちゃん!新学期☆学生証プレゼントキャンペーン」,フリュー,非官图已撤,非官方图片来源：cdn.suruga-ya.jp,从网页展示层撤下；不补图,实图已入库,,https://cdn.suruga-ya.jp/database/pics_webp/game/892020247.jpg.webp,駿河屋鬼龍紅郎角色单品档案原图,https://cdn.suruga-ya.jp/database/pics_webp/game/892020247.jpg.webp,档案单品原图
KR-MER-0196,视觉色纸 Collection 3,鬼龍紅郎 「あんさんぶるスターズ! ビジュアル色紙コレクション3」,エンスカイ,非官图已撤,非官方图片来源：cdn.suruga-ya.jp,从网页展示层撤下；不补图,实图已入库,assets/images/KR-MER-0196.webp,,駿河屋角色单品档案原图,https://cdn.suruga-ya.jp/database/pics_webp/game/860003033.jpg.webp,档案单品原图
KR-MER-0197,Clear Card Collection Gum 4 SP26,SP26[スペシャルカード]：鬼龍紅郎 「あんさんぶるスターズ! クリアカードコレクションガム4」,エンスカイ,非官图已撤,非官方图片来源：cdn.suruga-ya.jp,从网页展示层撤下；不补图,实图已入库,assets/images/KR-MER-0197.webp,https://cdn.suruga-ya.jp/database/pics_webp/game/g3352814.jpg.webp,駿河屋角色单品档案原图,https://cdn.suruga-ya.jp/database/pics_webp/game/g3352814.jpg.webp,档案单品原图
KR-MER-0198,视觉色纸 Collection 8,鬼龍紅郎 「あんさんぶるスターズ! ビジュアル色紙コレクション8」,エンスカイ,非官图已撤,非官方图片来源：cdn.suruga-ya.jp,从网页展示层撤下；不补图,实图已入库,assets/images/KR-MER-0198.webp,,駿河屋角色单品档案原图,https://cdn.suruga-ya.jp/database/pics_webp/game/860004228.jpg.webp,档案单品原图
KR-MER-0199,生写 Collection 3,鬼龍紅郎 「あんさんぶるスターズ! 生ブロマイドコレクション3」,エンスカイ,非官图已撤,非官方图片来源：cdn.suruga-ya.jp,从网页展示层撤下；不补图,实图已入库,,https://cdn.suruga-ya.jp/database/pics_webp/game/892013418.jpg.webp,駿河屋角色单品档案原图,https://cdn.suruga-ya.jp/database/pics_webp/game/892013418.jpg.webp,档案单品原图
KR-MER-0200,旧版 Arcana Card Collection 1,鬼龍紅郎 「あんさんぶるスターズ! アルカナカードコレクション」,エンスカイ,非官图已撤,非官方图片来源：cdn.suruga-ya.jp,从网页展示层撤下；不补图,实图已入库,,https://cdn.suruga-ya.jp/database/pics_webp/game/892028934.jpg.webp,駿河屋角色单品档案原图,https://cdn.suruga-ya.jp/database/pics_webp/game/892028934.jpg.webp,档案单品原图
KR-MER-0201,Clear Card Gum 11 BOX购买特典,BOX23[プロモーションカード]：鬼龍紅郎 「あんさんぶるスターズ! クリアカードコレクションガム11」初回限定BOX購入特典,エンスカイ,非官图已撤,非官方图片来源：cdn.suruga-ya.jp,从网页展示层撤下；不补图,实图已入库,assets/images/KR-MER-0201.webp,https://cdn.suruga-ya.jp/database/pics_webp/game/gg484656.jpg.webp,駿河屋角色单品档案原图,https://cdn.suruga-ya.jp/database/pics_webp/game/gg484656.jpg.webp,档案单品原图
KR-MER-0202,5周年 Memorial Postcard 红月之鬼,鬼龍紅郎(紅月の鬼) メモリアルポストカード -ring for SMILE selection-,ムービック,非官图已撤,非官方图片来源：cdn.suruga-ya.jp,从网页展示层撤下；不补图,实图已入库,,https://cdn.suruga-ya.jp/database/pics_webp/game/892542168.jpg.webp,駿河屋角色单品档案原图,https://cdn.suruga-ya.jp/database/pics_webp/game/892542168.jpg.webp,档案单品原图
KR-MER-0203,!! Arcana Card Collection 1,鬼龍紅郎 「あんさんぶるスターズ!! アルカナカードコレクション」,エンスカイ,非官图已撤,非官方图片来源：cdn.suruga-ya.jp,从网页展示层撤下；不补图,实图已入库,,https://images.weserv.nl/?url=https%3A%2F%2Fcdn.suruga-ya.jp%2Fdatabase%2Fpics_webp%2Fgame%2F892061951.jpg.webp&output=webp&q=92,駿河屋角色单品档案原图,https://cdn.suruga-ya.jp/database/pics_webp/game/892061951.jpg.webp,档案单品原图
KR-MER-0204,6周年 gracolle P.A.shots!!,鬼龍紅郎 「あんさんぶるスターズ!! gracolle P.A.shots!! ES 6th Anniversary」,フロンティアワークス,非官图已撤,非官方图片来源：www.suruga-ya.jp,从网页展示层撤下；不补图,实图已入库,assets/images/KR-MER-0204.webp,,駿河屋角色单品图,https://www.suruga-ya.jp/product/detail/892074740,角色单品图
KR-MER-0205,!!视觉色纸 Collection 2,鬼龍紅郎 「あんさんぶるスターズ!! ビジュアル色紙コレクション2」,エンスカイ,非官图已撤,非官方图片来源：cdn.suruga-ya.jp,从网页展示层撤下；不补图,实图已入库,assets/images/KR-MER-0205.webp,,駿河屋角色单品档案原图,https://cdn.suruga-ya.jp/database/pics_webp/game/860029713.jpg.webp,档案单品原图
KR-MER-0206,P.A.shots!! Extra SHUFFLE Private,鬼龍紅郎 「あんさんぶるスターズ!! P.A.shots!! Extra -SHUFFLE- Private」,フロンティアワークス,非官图已撤,非官方图片来源：www.suruga-ya.com,从网页展示层撤下；不补图,实图已入库,assets/images/KR-MER-0206.webp,,駿河屋角色单品图,https://www.suruga-ya.com/zh-hant/product/892128914,角色单品图
KR-MER-0207,P.A.shots!! Extra SHUFFLE Action,鬼龍紅郎 「あんさんぶるスターズ!! P.A.shots!! Extra -SHUFFLE- Action」,フロンティアワークス,非官图已撤,非官方图片来源：www.suruga-ya.com,从网页展示层撤下；不补图,实图已入库,assets/images/KR-MER-0207.webp,,駿河屋角色单品图,https://www.suruga-ya.com/en/product/892128964,角色单品图
KR-MER-0208,EMOCA2 SNS风透明卡,鬼龍紅郎 「あんさんぶるスターズ! EMOCA2」,エンスカイ,非官图已撤,非官方图片来源：cdn.suruga-ya.jp,从网页展示层撤下；不补图,实图已入库,,https://cdn.suruga-ya.jp/database/pics_webp/game/892105130.jpg.webp,駿河屋角色单品档案原图,https://cdn.suruga-ya.jp/database/pics_webp/game/892105130.jpg.webp,档案单品原图
KR-MER-0209,旧版 Arcana Card Collection 3,鬼龍紅郎 「あんさんぶるスターズ! アルカナカードコレクション3」,エンスカイ,非官图已撤,非官方图片来源：cdn.suruga-ya.jp,从网页展示层撤下；不补图,实图已入库,,https://cdn.suruga-ya.jp/database/pics_webp/game/892108975.jpg.webp,駿河屋角色单品档案原图,https://cdn.suruga-ya.jp/database/pics_webp/game/892108975.jpg.webp,档案单品原图
KR-MER-0210,7周年 gracolle P.A.shots!!,鬼龍紅郎 「あんさんぶるスターズ!! gracolle P.A.shots!! ES 7th Anniversary」,フロンティアワークス,非官图已撤,非官方图片来源：www.suruga-ya.jp,从网页展示层撤下；不补图,实图已入库,assets/images/KR-MER-0210.webp,,駿河屋角色单品图,https://www.suruga-ya.jp/kaitori/kaitori_detail/892117599,角色单品图
KR-MER-0211,EMOCA3 SNS风透明卡,鬼龍紅郎 「あんさんぶるスターズ!! EMOCA3」,エンスカイ,非官图已撤,非官方图片来源：cdn.suruga-ya.jp,从网页展示层撤下；不补图,实图已入库,,https://cdn.suruga-ya.jp/database/pics_webp/game/892152834.jpg.webp,駿河屋角色单品档案原图,https://cdn.suruga-ya.jp/database/pics_webp/game/892152834.jpg.webp,档案单品原图
KR-MER-0212,P.A.shots!! 梦之咲Memorial Private,鬼龍紅郎 「あんさんぶるスターズ!! P.A.shots!! Extra -夢ノ咲Memorial- Private」,pattythree,非官图已撤,非官方图片来源：www.suruga-ya.jp,从网页展示层撤下；不补图,实图已入库,assets/images/KR-MER-0212.webp,,駿河屋角色单品图,https://www.suruga-ya.jp/product/detail/892248953,角色单品图
KR-MER-0214,!!视觉色纸 Collection 8,鬼龍紅郎 「あんさんぶるスターズ!! ビジュアル色紙コレクション8」,エンスカイ,非官图已撤,非官方图片来源：cdn.suruga-ya.jp,从网页展示层撤下；不补图,实图已入库,assets/images/KR-MER-0214.webp,,駿河屋角色单品档案原图,https://cdn.suruga-ya.jp/database/pics_webp/game/860054466.jpg.webp,档案单品原图
KR-MER-0215,TRIP gracolle P.A.shots!!,鬼龍紅郎 「あんさんぶるスターズ!! gracolle P.A.shots!! ALBUM SERIES TRIP」,pattythree,非官图已撤,非官方图片来源：www.suruga-ya.jp,从网页展示层撤下；不补图,实图已入库,assets/images/KR-MER-0215.webp,,駿河屋角色单品图,https://www.suruga-ya.jp/product/detail/892283176,角色单品图
KR-MER-0216,9周年 gracolle P.A.shots!!,鬼龍紅郎 「あんさんぶるスターズ!! gracolle P.A.shots!! ES 9th Anniversary」,pattythree,非官图已撤,非官方图片来源：www.suruga-ya.jp,从网页展示层撤下；不补图,实图已入库,assets/images/KR-MER-0216.webp,,駿河屋角色单品图,https://www.suruga-ya.jp/product/detail/892366495,角色单品图
KR-MER-0217,!! Arcana Card Collection 3,鬼龍紅郎 「あんさんぶるスターズ!! アルカナカードコレクション3」,エンスカイ,非官图已撤,非官方图片来源：cdn.suruga-ya.jp,从网页展示层撤下；不补图,实图已入库,,https://cdn.suruga-ya.jp/database/pics_webp/game/892369974.jpg.webp,駿河屋角色单品档案原图,https://cdn.suruga-ya.jp/database/pics_webp/game/892369974.jpg.webp,档案单品原图
KR-MER-0218,追忆Selection 场面写明信片 后期特典,鬼龍紅郎 特製 場面写ポストカード 「あんさんぶるスターズ!! 追憶セレクション POP-UP STORE」 グッズ購入特典 後期,カミオジャパン,非官图已撤,非官方图片来源：cdn.suruga-ya.jp,从网页展示层撤下；不补图,实图已入库,,https://cdn.suruga-ya.jp/database/pics_webp/game/892595431.jpg.webp,駿河屋鬼龍紅郎角色单品档案原图,https://cdn.suruga-ya.jp/database/pics_webp/game/892595431.jpg.webp,档案单品原图
KR-MER-0219,Crossroad Picharm 红月衣装 双人透明卡,蓮巳敬人＆鬼龍紅郎(紅月衣装ver.) 「追憶セレクション POP-UP STORE クロスロード Picharm トレーディングクリアカード」,カミオジャパン,非官图已撤,非官方图片来源：www.suruga-ya.jp,从网页展示层撤下；不补图,实图已入库,assets/images/KR-MER-0219.webp,,Crossroad封口图片工程,https://www.suruga-ya.jp/search?category=&search_word=%E8%93%AE%E5%B7%B3%E6%95%AC%E4%BA%BA+%E3%82%AB%E3%83%BC%E3%83%89,封口主图
KR-MER-0220,Crossroad Picharm Deadmans服 双人透明卡,蓮巳敬人＆鬼龍紅郎(デッドマンズ衣装ver./ライト緑) 「追憶セレクション POP-UP STORE クロスロード Picharm トレーディングクリアカード」,カミオジャパン,非官图已撤,非官方图片来源：www.suruga-ya.jp,从网页展示层撤下；不补图,实图已入库,assets/images/KR-MER-0220.webp,,Crossroad封口图片工程,https://www.suruga-ya.jp/search?category=&search_word=%E8%93%AE%E5%B7%B3%E6%95%AC%E4%BA%BA+%E3%82%AB%E3%83%BC%E3%83%89,封口主图
KR-MER-0221,DREAM LIVEくじ Clear Photo Card 1,鬼龍紅郎 クリアフォトカード1 「あんさんぶるスターズ!! DREAM LIVEくじ」 C賞,ローソンエンタテインメント,非官图已撤,非官方图片来源：cdn.suruga-ya.jp,从网页展示层撤下；不补图,实图已入库,assets/images/KR-MER-0221.webp,https://cdn.suruga-ya.jp/database/pics_webp/game/892723871.jpg.webp,駿河屋角色单品档案原图,https://cdn.suruga-ya.jp/database/pics_webp/game/892723871.jpg.webp,档案单品原图
KR-MER-0222,!! Clear Card Collection Gum 4 SP.72,SP.72[スペシャルカード]：鬼龍紅郎 「あんさんぶるスターズ!! クリアカードコレクションガム4」,エンスカイ,非官图已撤,非官方图片来源：cdn.suruga-ya.jp,从网页展示层撤下；不补图,实图已入库,assets/images/KR-MER-0222.webp,https://cdn.suruga-ya.jp/database/pics_webp/game/gu597512.jpg.webp,駿河屋角色单品档案原图,https://cdn.suruga-ya.jp/database/pics_webp/game/gu597512.jpg.webp,档案单品原图
KR-MER-0224,中国限定 星幻时序拍立得卡,鬼龍紅郎 「あんさんぶるスターズ!! 星幻時序チェキ」 中国限定,中国官方渠道,非官图已撤,非官方图片来源：cdn.suruga-ya.jp,从网页展示层撤下；不补图,实图已入库,,https://cdn.suruga-ya.jp/database/pics_webp/game/892390734.jpg.webp,駿河屋角色单品档案原图,https://cdn.suruga-ya.jp/database/pics_webp/game/892390734.jpg.webp,档案单品原图
KR-MER-0225,中国限定 星灿Polaroid,鬼龍紅郎 「あんさんぶるスターズ!! 星燦ポロライド」 中国限定,中国官方渠道,非官图已撤,非官方图片来源：cdn.suruga-ya.jp,从网页展示层撤下；不补图,实图已入库,,https://cdn.suruga-ya.jp/database/pics_webp/game/892174631.jpg.webp,駿河屋鬼龍紅郎角色单品档案原图,https://cdn.suruga-ya.jp/database/pics_webp/game/892174631.jpg.webp,档案单品原图
KR-MER-0226,中国限定 恋恋系列学生证 A组,鬼龍紅郎 「あんさんぶるスターズ!! 恋恋シリーズ学生証 Aグループ」 中国限定,中国官方渠道,非官图已撤,非官方图片来源：cdn.suruga-ya.jp,从网页展示层撤下；不补图,实图已入库,,https://cdn.suruga-ya.jp/database/pics_webp/game/892390784.jpg.webp,駿河屋角色单品档案原图,https://cdn.suruga-ya.jp/database/pics_webp/game/892390784.jpg.webp,档案单品原图
KR-MER-0227,中国限定 聚光舞台10周年拍立得风卡,鬼龍紅郎 中国 聚光舞台10周年 チェキ風カード,中国官方渠道,非官图已撤,非官方图片来源：static.mercdn.net,从网页展示层撤下；不补图,实图已入库,assets/images/KR-MER-0227.webp,https://static.mercdn.net/item/detail/orig/photos/m47554757575_1.jpg?1786161894,Mercari鬼龍紅郎精确聚光舞台10周年单卡实物,https://static.mercdn.net/item/detail/orig/photos/m47554757575_1.jpg?1786161894,精确二手角色单卡实物图
KR-MER-0228,Animate Cafe CoLotta 初代 A组,鬼龍紅郎 「あんさんぶるスターズ!×animatecafe CoLotta(トレーディングアクリルプレートキーホルダー) Aグループ」,アニメイト,非官图已撤,非官方图片来源：cdn.suruga-ya.jp,从网页展示层撤下；不补图,实图已入库,,https://cdn.suruga-ya.jp/database/pics_webp/game/608624516.jpg.webp,駿河屋鬼龍紅郎角色单品档案原图,https://cdn.suruga-ya.jp/database/pics_webp/game/608624516.jpg.webp,档案单品原图
KR-MER-0229,Animate Cafe 野餐ver.亚克力立牌挂件,鬼龍紅郎 「あんさんぶるスターズ!×animatecafe トレーディングアクリルスタンドキーホルダー 夢ノ咲ピクニックver. Aグループ」,アニメイト,非官图已撤,非官方图片来源：cdn.suruga-ya.jp,从网页展示层撤下；不补图,实图已入库,,https://cdn.suruga-ya.jp/database/pics_webp/game/608624472.jpg.webp,駿河屋鬼龍紅郎角色单品档案原图,https://cdn.suruga-ya.jp/database/pics_webp/game/608624472.jpg.webp,档案单品原图
KR-MER-0230,Namjatown Cat Festival A赏亚克力立牌,鬼龍紅郎 アクリルスタンド 「あんさんぶるスターズ! in ナンジャタウン ～キャット*フェスティバル～」 キャット・ライブガラポン!! A賞,ナムコ,非官图已撤,非官方图片来源：cdn.suruga-ya.jp,从网页展示层撤下；不补图,实图已入库,,https://cdn.suruga-ya.jp/database/pics_webp/game/608709327.jpg.webp,駿河屋角色单品档案原图,https://cdn.suruga-ya.jp/database/pics_webp/game/608709327.jpg.webp,档案单品原图
KR-MER-0231,Animate Cafe Blood Banquet亚克力立牌挂件,鬼龍紅郎 「あんさんぶるスターズ!×animatecafe トレーディングアクリルスタンドキーホルダー ブラッドバンケットver. Aグループ」,アニメイト,非官图已撤,非官方图片来源：cdn.suruga-ya.jp,从网页展示层撤下；不补图,实图已入库,,https://cdn.suruga-ya.jp/database/pics_webp/game/608717253.jpg.webp,駿河屋鬼龍紅郎角色单品档案原图,https://cdn.suruga-ya.jp/database/pics_webp/game/608717253.jpg.webp,档案单品原图
KR-MER-0232,ぴた!でふぉめ 亚克力立牌 vol.2,鬼龍紅郎 「あんさんぶるスターズ! ぴた!でふぉめ アクリルスタンド vol.2」,タカラトミーアーツ,非官图已撤,非官方图片来源：static.mercdn.net,从网页展示层撤下；不补图,实图已入库,assets/images/KR-MER-0232.webp,https://static.mercdn.net/item/detail/orig/photos/m41961818279_1.jpg?1766643845,Mercari鬼龍紅郎ぴた!でふぉめアクスタ实物＋駿河屋唯一对应Vol.2角色档案,https://static.mercdn.net/item/detail/orig/photos/m41961818279_1.jpg?1766643845,精确同系列实物组图・角色无歧义裁切
KR-MER-0233,DREAM LIVE 3rd Double Star 亚克力立牌 B,鬼龍紅郎 「あんさんぶるスターズ! DREAM LIVE -3rd Tour Double Star!- アクリルスタンドコレクション ver.B」,DREAM LIVE,非官图已撤,非官方图片来源：cdn.suruga-ya.jp,从网页展示层撤下；不补图,实图已入库,,https://cdn.suruga-ya.jp/database/pics_webp/game/608764595.jpg.webp,駿河屋角色单品档案原图,https://cdn.suruga-ya.jp/database/pics_webp/game/608764595.jpg.webp,档案单品原图
KR-MER-0234,红月亚克力板立牌,鬼龍紅郎 アクリルプレートスタンド 「あんさんぶるスターズ!」 紅月,ムービック,非官图已撤,非官方图片来源：cdn.suruga-ya.jp,从网页展示层撤下；不补图,实图已入库,,https://cdn.suruga-ya.jp/database/pics_webp/game/608785079.jpg.webp,駿河屋角色单品档案原图,https://cdn.suruga-ya.jp/database/pics_webp/game/608785079.jpg.webp,档案单品原图
KR-MER-0235,TV动画 Animate Cafe亚克力立牌挂件 A,鬼龍紅郎 「TVアニメ あんさんぶるスターズ!×animatecafe トレーディングアクリルスタンドキーホルダーA」,アニメイト,非官图已撤,非官方图片来源：cdn.suruga-ya.jp,从网页展示层撤下；不补图,实图已入库,,https://cdn.suruga-ya.jp/database/pics_webp/game/608816834.jpg.webp,駿河屋鬼龍紅郎角色单品档案原图,https://cdn.suruga-ya.jp/database/pics_webp/game/608816834.jpg.webp,档案单品原图
KR-MER-0236,字母造型亚克力挂件,鬼龍紅郎 「あんさんぶるスターズ! イニシャルアクリルキーホルダーD」,フロンティアワークス,非官图已撤,非官方图片来源：cdn.suruga-ya.jp,从网页展示层撤下；不补图,实图已入库,,https://cdn.suruga-ya.jp/database/pics_webp/game/608836942.jpg.webp,駿河屋角色单品档案原图,https://cdn.suruga-ya.jp/database/pics_webp/game/608836942.jpg.webp,档案单品原图
KR-MER-0237,新章红月亚克力立牌 2020,鬼龍紅郎 アクリルスタンド 紅月 「あんさんぶるスターズ!!」,ムービック,非官图已撤,非官方图片来源：cdn.suruga-ya.jp,从网页展示层撤下；不补图,实图已入库,,https://cdn.suruga-ya.jp/database/pics_webp/game/508034031.jpg.webp,駿河屋鬼龍紅郎角色单品档案原图,https://cdn.suruga-ya.jp/database/pics_webp/game/508034031.jpg.webp,档案单品原图
KR-MER-0239,Ani-Art 亚克力立牌 Ver.A,鬼龍紅郎 「あんさんぶるスターズ! トレーディング Ani-Art アクリルスタンド Ver.A」,アルマビアンカ,非官图已撤,非官方图片来源：cdn.suruga-ya.jp,从网页展示层撤下；不补图,实图已入库,assets/images/KR-MER-0239.webp,https://cdn.suruga-ya.jp/database/pics_webp/game/608863256.jpg.webp,駿河屋角色单品档案原图,https://cdn.suruga-ya.jp/database/pics_webp/game/608863256.jpg.webp,档案单品原图
KR-MER-0240,Domino厚板自立亚克力挂件,鬼龍紅郎 「あんさんぶるスターズ! トレーディングドミノアクリルキーホルダーB」,フロンティアワークス,非官图已撤,非官方图片来源：cdn.suruga-ya.jp,从网页展示层撤下；不补图,实图已入库,,https://cdn.suruga-ya.jp/database/pics_webp/game/508085299.jpg.webp,駿河屋角色单品档案原图,https://cdn.suruga-ya.jp/database/pics_webp/game/508085299.jpg.webp,档案单品原图
KR-MER-0241,Ani-Art 亚克力立牌 ver.A vol.2,鬼龍紅郎 「あんさんぶるスターズ! トレーディング Ani-Art アクリルスタンド ver.A vol.2」,アルマビアンカ,非官图已撤,非官方图片来源：cdn.suruga-ya.jp,从网页展示层撤下；不补图,实图已入库,assets/images/KR-MER-0241.webp,https://cdn.suruga-ya.jp/database/pics_webp/game/508135250.jpg.webp,駿河屋角色单品档案原图,https://cdn.suruga-ya.jp/database/pics_webp/game/508135250.jpg.webp,档案单品原图
KR-MER-0242,TV动画 Animate Cafe第二弹 樱ver.,鬼龍紅郎 「TVアニメ あんさんぶるスターズ!×animatecafe 第二弾 トレーディングアクリルスタンドキーホルダー(桜ver.) Aグループ」,アニメイト,非官图已撤,非官方图片来源：cdn.suruga-ya.jp,从网页展示层撤下；不补图,实图已入库,,https://cdn.suruga-ya.jp/database/pics_webp/game/508210417.jpg.webp,駿河屋鬼龍紅郎角色单品档案原图,https://cdn.suruga-ya.jp/database/pics_webp/game/508210417.jpg.webp,档案单品原图
KR-MER-0243,5周年ありがとうSTORE 亚克力立牌 B,鬼龍紅郎 「あんさんぶるスターズ!! あんスタ!!5周年ありがとう!STORE in 東急プラザ表参道原宿 アクリルスタンドコレクション B」,官方STORE,非官图已撤,非官方图片来源：cdn.suruga-ya.jp,从网页展示层撤下；不补图,实图已入库,assets/images/KR-MER-0243.webp,https://cdn.suruga-ya.jp/database/pics_webp/game/508244362.jpg.webp,駿河屋角色单品档案原图,https://cdn.suruga-ya.jp/database/pics_webp/game/508244362.jpg.webp,档案单品原图
KR-MER-0244,满天×Switch Astro Magic World立牌 B,鬼龍紅郎 「あんさんぶるスターズ!! プラネタリウム“満天”×Switch アストロマジックワールド アクリルスタンドコレクションB」,トイズ・プランニング,非官图已撤,非官方图片来源：static.mercdn.net,从网页展示层撤下；不补图,实图已入库,assets/images/KR-MER-0244.webp,https://static.mercdn.net/item/detail/orig/photos/m99312300202_1.jpg?1754906950,Mercari紅月3点精确实物・台座Kuro Kiryu直印＋同Collection规格强证,https://static.mercdn.net/item/detail/orig/photos/m99312300202_1.jpg?1754906950,精确同组实物・商品本体角色名直印裁切
KR-MER-0245,读卖巨人联动亚克力立牌 B,鬼龍紅郎 「あんさんぶるスターズ!!×GIANTS トレーディングアクリルスタンドB」,読売新聞東京本社,非官图已撤,非官方图片来源：static.mercdn.net,从网页展示层撤下；不补图,实图已入库,assets/images/KR-MER-0245.webp,https://static.mercdn.net/item/detail/orig/photos/m54911219430_1.jpg?1743925554,Mercari鬼龍紅郎GIANTS精确单品实物＋駿河屋角色直证,https://static.mercdn.net/item/detail/orig/photos/m54911219430_1.jpg?1743925554,精确二手角色单品实物图
KR-MER-0246,Animate Cafe CoLotta vol.4 B,鬼龍紅郎 「あんさんぶるスターズ!!×animatecafe CoLotta vol.4(トレーディングアクリルプレートキーホルダー) グループB」,アニメイト,非官图已撤,非官方图片来源：cdn.suruga-ya.jp,从网页展示层撤下；不补图,实图已入库,,https://cdn.suruga-ya.jp/database/pics_webp/game/508671620.jpg.webp,駿河屋鬼龍紅郎角色单品档案原图,https://cdn.suruga-ya.jp/database/pics_webp/game/508671620.jpg.webp,档案单品原图
KR-MER-0247,才能开花 Twinkle 亚克力挂件,鬼龍紅郎 才能開花トゥインクルアクキー 「あんさんぶるスターズ!!」,アニメイト,非官图已撤,非官方图片来源：cdn.suruga-ya.jp,从网页展示层撤下；不补图,实图已入库,,https://cdn.suruga-ya.jp/database/pics_webp/game/508841573.jpg.webp,駿河屋鬼龍紅郎角色单品档案原图,https://cdn.suruga-ya.jp/database/pics_webp/game/508841573.jpg.webp,档案单品原图
KR-MER-0248,Crossroad Animate Cafe Deadmans极光立牌,鬼龍紅郎(デッドマンズ) 「あんさんぶるスターズ!! 追憶セレクション クロスロード×animatecafe トレーディング描き起こしビジュアル オーロラアクリルスタンドコレクション」,アニメイト,非官图已撤,非官方图片来源：www.suruga-ya.jp,从网页展示层撤下；不补图,实图已入库,assets/images/KR-MER-0248.webp,,Crossroad封口图片工程,https://www.suruga-ya.jp/product/detail/560230068,封口主图
KR-MER-0249,8周年 mini Idol Charm,鬼龍紅郎 ES 8th Anniv. miniアイドルチャーム 「あんさんぶるスターズ!!」,pattythree,非官图已撤,非官方图片来源：cdn.suruga-ya.jp,从网页展示层撤下；不补图,实图已入库,,https://cdn.suruga-ya.jp/database/pics_webp/game/560118967.jpg.webp,駿河屋角色单品档案原图＋pattythree官方规格,https://cdn.suruga-ya.jp/database/pics_webp/game/560118967.jpg.webp,档案单品原图
KR-MER-0250,Starry Symphony dead of night×卡拉铁立牌,鬼龍紅郎 アクリルスタンド 「あんさんぶるスターズ!! Cast Live Starry Symphony -the dead of night-×カラオケの鉄人」,鉄人化計画,非官图已撤,非官方图片来源：cdn.suruga-ya.jp,从网页展示层撤下；不补图,实图已入库,assets/images/KR-MER-0250.webp,,駿河屋角色单品档案原图,https://cdn.suruga-ya.jp/database/pics_webp/game/560335183.jpg.webp,档案单品原图
KR-MER-0251,Crossroad 一番赏拱门亚克力立牌,鬼龍紅郎 追憶*それぞれのクロスロード アーチアクリルスタンド 「一番くじ あんさんぶるスターズ!～追憶セレクション メモリアル～」 B賞,BANDAI SPIRITS,非官图已撤,非官方图片来源：www.suruga-ya.jp,从网页展示层撤下；不补图,实图已入库,assets/images/KR-MER-0251.webp,,Crossroad封口图片工程,https://www.suruga-ya.jp/search?category=&page=2&search_word=%E9%AC%BC%E9%BE%8D%E7%B4%85%E9%83%8E%20%E3%82%A2%E3%82%AF%E3%83%AA%E3%83%AB%E3%82%B9%E3%82%BF%E3%83%B3%E3%83%89,封口主图
KR-MER-0252,东京Character Street迷你立牌,鬼龍紅郎 オリジナルミニアクスタ 「あんさんぶるスターズ!! POP UP SHOP in 東京キャラクターストリート」,パイレーツファクトリー,非官图已撤,非官方图片来源：cdn.suruga-ya.jp,从网页展示层撤下；不补图,实图已入库,,https://cdn.suruga-ya.jp/database/pics_webp/game/560316779.jpg.webp,駿河屋角色单品档案原图,https://cdn.suruga-ya.jp/database/pics_webp/game/560316779.jpg.webp,档案单品原图
KR-MER-0253,DREAM LIVE 8th Praesepe 亚克力立牌,鬼龍紅郎(紅月) アクリルスタンド ver.Praesepe 「あんさんぶるスターズ!! DREAM LIVE -8th Tour “Praesepe #Cancer”-」,DREAM LIVE,非官图已撤,非官方图片来源：cdn.suruga-ya.jp,从网页展示层撤下；不补图,实图已入库,,https://cdn.suruga-ya.jp/database/pics_webp/game/560235805.jpg.webp,駿河屋角色单品档案原图,https://cdn.suruga-ya.jp/database/pics_webp/game/560235805.jpg.webp,档案单品原图
KR-MER-0254,TOY Box厚板亚克力挂件 vol.1,鬼龍紅郎 「あんさんぶるスターズ!! TOYボックスコレクション vol.1」,amie,非官图已撤,非官方图片来源：cdn.suruga-ya.jp,从网页展示层撤下；不补图,实图已入库,,https://cdn.suruga-ya.jp/database/pics_webp/game/560332632.jpg.webp,駿河屋角色单品档案原图,https://cdn.suruga-ya.jp/database/pics_webp/game/560332632.jpg.webp,档案单品原图
KR-MER-0255,SPOTLIGHT 亚克力立牌,鬼龍紅郎 SPOTLIGHT アクリルスタンド 「あんさんぶるスターズ!!」,pattythree,非官图已撤,非官方图片来源：cdn.suruga-ya.jp,从网页展示层撤下；不补图,实图已入库,assets/images/KR-MER-0255.webp,https://cdn.suruga-ya.jp/database/pics_webp/game/560388754.jpg.webp,駿河屋角色单品档案原图,https://cdn.suruga-ya.jp/database/pics_webp/game/560388754.jpg.webp,档案单品原图
KR-MER-0256,Bukubu第二弹 红郎&飒马双人立牌,鬼龍紅郎＆神崎颯馬(我ばいとする) 「あんさんぶるスターズ!!×大川ぶくぶ先生 あんさんぶくぶスターズ!! トレーディングアクリルスタンド 第二弾 Vol.1」,イクリエ,非官图已撤,非官方图片来源：cdn.suruga-ya.jp,从网页展示层撤下；不补图,实图已入库,assets/images/KR-MER-0256.webp,,駿河屋角色单品档案原图,https://cdn.suruga-ya.jp/database/pics_webp/game/560668962.jpg.webp,档案单品原图
KR-MER-0257,Costume Acrylic Stand ★★★,鬼龍紅郎 コスチュームアクリルスタンド★★★ 「あんさんぶるスターズ!!」,pattythree,非官图已撤,非官方图片来源：cdn.suruga-ya.jp,从网页展示层撤下；不补图,实图已入库,,https://cdn.suruga-ya.jp/database/pics_webp/game/560537760.jpg.webp,駿河屋角色单品档案原图＋pattythree公式,https://cdn.suruga-ya.jp/database/pics_webp/game/560537760.jpg.webp,档案单品原图
KR-MER-0258,UMAJO Weekend Party 亚克力立牌 C,鬼龍紅郎 「あんさんぶるスターズ!!×UMAJO Ensemble Weekend Party～俺たちと過ごす、とっておきの週末!～ アクリルスタンドC」,pattythree,非官图已撤,非官方图片来源：cdn.suruga-ya.jp,从网页展示层撤下；不补图,实图已入库,assets/images/KR-MER-0258.webp,https://cdn.suruga-ya.jp/database/pics_webp/game/560692816.jpg.webp,駿河屋角色单品档案原图,https://cdn.suruga-ya.jp/database/pics_webp/game/560692816.jpg.webp,档案单品原图
KR-MER-0259,Crossroad POP-UP Deadmans服框式立牌,鬼龍紅郎(デッドマンズ衣装ver.) クロスロード フレームアクリルスタンド 「あんさんぶるスターズ!! 追憶セレクション POP-UP STORE」,カミオジャパン,非官图已撤,非官方图片来源：www.suruga-ya.jp,从网页展示层撤下；不补图,实图已入库,assets/images/KR-MER-0259.webp,,Crossroad封口图片工程,https://www.suruga-ya.jp/search?category=&page=2&search_word=%E9%AC%BC%E9%BE%8D%E7%B4%85%E9%83%8E%20%E3%82%A2%E3%82%AF%E3%83%AA%E3%83%AB%E3%82%B9%E3%82%BF%E3%83%B3%E3%83%89,封口主图
KR-MER-0260,10th Fest×Animate Cafe描起亚克力立牌 E组,鬼龍紅郎 「あんさんぶるスターズ!! あんスタ10thフェス×animatecafe 描き起こしビジュアル アクリルスタンドコレクションEグループ」,アニメイト,非官图已撤,非官方图片来源：cdn.suruga-ya.jp,从网页展示层撤下；不补图,实图已入库,,https://cdn.suruga-ya.jp/database/pics_webp/game/561731297.jpg.webp,駿河屋鬼龍紅郎角色单品档案原图,https://cdn.suruga-ya.jp/database/pics_webp/game/561731297.jpg.webp,档案单品原图
KR-MER-0261,10th Fest×Animate Cafe CoLotta vol.6 3组,鬼龍紅郎 「あんさんぶるスターズ!! あんスタ10thフェス×animatecafe CoLotta vol.6(トレーディングアクリルプレートキーホルダー)3グループ」,アニメイト,非官图已撤,非官方图片来源：cdn.suruga-ya.jp,从网页展示层撤下；不补图,实图已入库,,https://cdn.suruga-ya.jp/database/pics_webp/game/561731331.jpg.webp,駿河屋鬼龍紅郎角色单品档案原图,https://cdn.suruga-ya.jp/database/pics_webp/game/561731331.jpg.webp,档案单品原图
KR-MER-0262,中国6周年购买特典 角色亚克力板,鬼龍紅郎 キャラアクリルボード 「あんさんぶるスターズ!!」 中国6周年記念グッズ購入特典,中国官方渠道,非官图已撤,非官方图片来源：cdn.suruga-ya.jp,从网页展示层撤下；不补图,实图已入库,assets/images/KR-MER-0262.webp,https://cdn.suruga-ya.jp/database/pics_webp/game/508765146.jpg.webp,駿河屋鬼龍紅郎角色单品档案原图,https://cdn.suruga-ya.jp/database/pics_webp/game/508765146.jpg.webp,档案单品原图
KR-MER-0263,中国6周年 群星CD亚克力立牌,[単品] 鬼龍紅郎 群星アクリルスタンド 「あんさんぶるスターズ!!」 中国6周年記念グッズ,中国官方渠道,非官图已撤,非官方图片来源：cdn.suruga-ya.jp,从网页展示层撤下；不补图,实图已入库,assets/images/KR-MER-0263.webp,https://cdn.suruga-ya.jp/database/pics_webp/game/560034755.jpg.webp,駿河屋鬼龍紅郎角色单品档案原图,https://cdn.suruga-ya.jp/database/pics_webp/game/560034755.jpg.webp,档案单品原图
KR-MER-0264,中国限定 花漾亚克力立牌 B组,鬼龍紅郎 「あんさんぶるスターズ!! 花漾アクリルスタンド Bグループ」 中国限定,中国官方渠道,非官图已撤,非官方图片来源：cdn.suruga-ya.jp,从网页展示层撤下；不补图,实图已入库,,https://cdn.suruga-ya.jp/database/pics_webp/game/508587891.jpg.webp,駿河屋鬼龍紅郎角色单品档案原图,https://cdn.suruga-ya.jp/database/pics_webp/game/508587891.jpg.webp,档案单品原图
KR-MER-0265,中国限定 流砂CoLotta vol.2 B组,鬼龍紅郎 「あんさんぶるスターズ!! 流砂CoLotta(トレーディングアクリルプレート) vol.2 Bグループ」 中国限定,中国官方渠道,非官图已撤,非官方图片来源：cdn.suruga-ya.jp,从网页展示层撤下；不补图,实图已入库,assets/images/KR-MER-0265.webp,https://cdn.suruga-ya.jp/database/pics_webp/game/508564815.jpg.webp,駿河屋鬼龍紅郎角色单品档案原图,https://cdn.suruga-ya.jp/database/pics_webp/game/508564815.jpg.webp,档案单品原图
KR-MER-0266,中国限定 时光亚克力立牌 B组,鬼龍紅郎 「あんさんぶるスターズ!! 時光アクリルスタンド Bグループ」 中国限定,中国官方渠道,非官图已撤,非官方图片来源：cdn.suruga-ya.jp,从网页展示层撤下；不补图,实图已入库,assets/images/KR-MER-0266.webp,https://cdn.suruga-ya.jp/database/pics_webp/game/508420304.jpg.webp,駿河屋鬼龍紅郎角色单品档案原图,https://cdn.suruga-ya.jp/database/pics_webp/game/508420304.jpg.webp,档案单品原图
KR-MER-0267,中国限定 星之所向亚克力立牌 A,鬼龍紅郎 「あんさんぶるスターズ!! 星之所向 アクリルスタンド A」 中国限定,中国官方渠道,非官图已撤,非官方图片来源：cdn.suruga-ya.jp,从网页展示层撤下；不补图,实图已入库,,https://cdn.suruga-ya.jp/database/pics_webp/game/508603454.jpg.webp,駿河屋角色单品档案原图,https://cdn.suruga-ya.jp/database/pics_webp/game/508603454.jpg.webp,档案单品原图
KR-MER-0268,中国限定 窗扉(花窗)亚克力立牌 D,鬼龍紅郎 「あんさんぶるスターズ!! 窓扉(花窓) アクリルスタンド D」 中国限定,中国官方渠道,非官图已撤,非官方图片来源：cdn.suruga-ya.jp,从网页展示层撤下；不补图,实图已入库,,https://cdn.suruga-ya.jp/database/pics_webp/game/508191696.jpg.webp,駿河屋鬼龍紅郎角色单品档案原图,https://cdn.suruga-ya.jp/database/pics_webp/game/508191696.jpg.webp,档案单品原图
KR-MER-0269,中国限定 新春亚克力立牌 甲,鬼龍紅郎 「あんさんぶるスターズ! 新春アクリルスタンド 甲」 中国限定,中国官方渠道,非官图已撤,非官方图片来源：cdn.suruga-ya.jp,从网页展示层撤下；不补图,实图已入库,,https://cdn.suruga-ya.jp/database/pics_webp/game/508351169.jpg.webp,駿河屋角色单品档案原图,https://cdn.suruga-ya.jp/database/pics_webp/game/508351169.jpg.webp,档案单品原图
KR-MER-0270,中国限定 童趣亚克力立牌 A组,鬼龍紅郎 「あんさんぶるスターズ!! 童趣アクリルスタンド Aグループ」 中国限定,中国官方渠道,非官图已撤,非官方图片来源：static.mercdn.net,从网页展示层撤下；不补图,实图已入库,assets/images/KR-MER-0270.webp,https://static.mercdn.net/item/detail/orig/photos/m22182368471_1.jpg?1748758077,Mercari鬼龍紅郎精确童趣アクスタ单品实物＋駿河屋角色索引,https://static.mercdn.net/item/detail/orig/photos/m22182368471_1.jpg?1748758077,精确二手角色单品实物图
KR-MER-0271,中国限定 繁梦亚克力立牌,鬼龍紅郎 繁夢アクリルスタンド 「あんさんぶるスターズ!!」 中国限定,中国官方渠道,非官图已撤,非官方图片来源：img.lashinbang.com,从网页展示层撤下；不补图,实图已入库,,https://img.lashinbang.com/934/203511601934_L.jpg,らしんばん鬼龍紅郎角色单品档案图,https://img.lashinbang.com/934/203511601934_L.jpg,二手档案单品图
KR-MER-0272,中国限定 冬日亚克力立牌,鬼龍紅郎 冬日アクリルスタンド 「あんさんぶるスターズ!!」 中国限定,中国官方渠道,非官图已撤,非官方图片来源：static.mercdn.net,从网页展示层撤下；不补图,实图已入库,assets/images/KR-MER-0272.webp,https://static.mercdn.net/item/detail/orig/photos/m47974430654_1.jpg?1777719179,Mercari鬼龍紅郎精确冬日アクスタ单品实物＋駿河屋角色档案,https://static.mercdn.net/item/detail/orig/photos/m47974430654_1.jpg?1777719179,精确二手角色单品实物图
KR-MER-0273,中国限定 5周年绊系列红月亚克力立牌,鬼龍紅郎 「あんさんぶるスターズ!! 5周年 絆シリーズ アクリルスタンド 紅月」 中国限定,中国官方渠道,非官图已撤,非官方图片来源：img.lashinbang.com,从网页展示层撤下；不补图,实图已入库,,https://img.lashinbang.com/727/203511080727_L.jpg,らしんばん鬼龍紅郎角色单品档案图,https://img.lashinbang.com/727/203511080727_L.jpg,二手档案单品图
KR-MER-0274,中国限定 Rehearsal亚克力立牌 B,鬼龍紅郎 「あんさんぶるスターズ! リハーサルアクリルスタンドB」 中国限定,中国官方渠道,非官图已撤,非官方图片来源：cdn.suruga-ya.jp,从网页展示层撤下；不补图,实图已入库,assets/images/KR-MER-0274.webp,https://cdn.suruga-ya.jp/database/pics_webp/game/508129878.jpg.webp,駿河屋鬼龍紅郎角色单品档案原图,https://cdn.suruga-ya.jp/database/pics_webp/game/508129878.jpg.webp,档案单品原图
KR-MER-0275,SPOTLIGHT ちょいおき亚克力Compact Figure,鬼龍紅郎 ちょいおきアクリルコンパクトフィギュア SPOTLIGHT ver. 「あんさんぶるスターズ!!」,pattythree,非官图已撤,非官方图片来源：cdn.suruga-ya.jp,从网页展示层撤下；不补图,实图已入库,assets/images/KR-MER-0275.webp,https://cdn.suruga-ya.jp/database/pics_webp/game/560388812.jpg.webp,駿河屋角色单品档案原图,https://cdn.suruga-ya.jp/database/pics_webp/game/560388812.jpg.webp,档案单品原图
KR-MER-0276,小馒头4｜普通版,鬼龍紅郎 「あんさんぶるスターズ! おまんじゅうにぎにぎマスコット4」,エンスカイ,非官图已撤,非官方图片来源：cdn.suruga-ya.jp,从网页展示层撤下；不补图,实图已入库,,https://cdn.suruga-ya.jp/database/pics_webp/game/608403743.jpg.webp,駿河屋角色单品档案原图,https://cdn.suruga-ya.jp/database/pics_webp/game/608403743.jpg.webp,档案单品原图
KR-MER-0277,2016 Birthday Bear,バースデーベア(鬼龍紅郎) ぬいぐるみ 「あんさんぶるスターズ!」,ムービック,非官图已撤,非官方图片来源：cdn.suruga-ya.jp,从网页展示层撤下；不补图,实图已入库,,https://cdn.suruga-ya.jp/database/pics_webp/game/646077171.jpg.webp,駿河屋角色单品档案原图,https://cdn.suruga-ya.jp/database/pics_webp/game/646077171.jpg.webp,档案单品原图
KR-MER-0278,小馒头ちび2,鬼龍紅郎 「あんさんぶるスターズ! おまんじゅうにぎにぎマスコット ちび2」,エンスカイ,非官图已撤,非官方图片来源：cdn.suruga-ya.jp,从网页展示层撤下；不补图,实图已入库,,https://cdn.suruga-ya.jp/database/pics_webp/game/608432834.jpg.webp,駿河屋角色单品档案原图,https://cdn.suruga-ya.jp/database/pics_webp/game/608432834.jpg.webp,档案单品原图
KR-MER-0279,坐姿毛绒 vol.9,鬼龍紅郎 おすわりぬいぐるみvol.9 「あんさんぶるスターズ!」,エンスカイ,非官图已撤,非官方图片来源：cdn.suruga-ya.jp,从网页展示层撤下；不补图,实图已入库,,https://cdn.suruga-ya.jp/database/pics_webp/game/646086170.jpg.webp,駿河屋角色单品档案原图,https://cdn.suruga-ya.jp/database/pics_webp/game/646086170.jpg.webp,档案单品原图
KR-MER-0280,Sanrio联动小馒头,鬼龍紅郎 おまんじゅうにぎにぎマスコット 「あんさんぶるスターズ!×サンリオキャラクターズ」,エンスカイ,非官图已撤,非官方图片来源：cdn.suruga-ya.jp,从网页展示层撤下；不补图,实图已入库,,https://cdn.suruga-ya.jp/database/pics_webp/game/608676371.jpg.webp,駿河屋角色单品档案原图,https://cdn.suruga-ya.jp/database/pics_webp/game/608676371.jpg.webp,档案单品原图
KR-MER-0281,Costume Mascot vol.1,鬼龍紅郎 「あんさんぶるスターズ! コスチュームマスコットvol.1」,エンスカイ,非官图已撤,非官方图片来源：cdn.suruga-ya.jp,从网页展示层撤下；不补图,实图已入库,assets/images/KR-MER-0281.webp,https://cdn.suruga-ya.jp/database/pics_webp/game/608712211.jpg.webp,駿河屋角色单品档案原图,https://cdn.suruga-ya.jp/database/pics_webp/game/608712211.jpg.webp,档案单品原图
KR-MER-0282,ちゅんコレ小鸟毛绒,鬼龍紅郎 ちゅんコレ 「あんさんぶるスターズ!」,ブロッコリー,非官图已撤,非官方图片来源：cdn.suruga-ya.jp,从网页展示层撤下；不补图,实图已入库,,https://cdn.suruga-ya.jp/database/pics_webp/game/608592936.jpg.webp,駿河屋角色单品档案原图,https://cdn.suruga-ya.jp/database/pics_webp/game/608592936.jpg.webp,档案单品原图
KR-MER-0283,ぱぺマス!! vol.4,鬼龍紅郎 「あんさんぶるスターズ! ぱぺマス!! vol.4」,エンスカイ,非官图已撤,非官方图片来源：cdn.suruga-ya.jp,从网页展示层撤下；不补图,实图已入库,,https://cdn.suruga-ya.jp/database/pics_webp/game/508002224.jpg.webp,駿河屋角色单品档案原图,https://cdn.suruga-ya.jp/database/pics_webp/game/508002224.jpg.webp,档案单品原图
KR-MER-0284,梦之咲购买部换装毛绒本体 Vol.2,鬼龍紅郎 夢ノ咲学院購買部 着せ替えぬいぐるみ Vol.2 「あんさんぶるスターズ!」,バンダイナムコアーツ,非官图已撤,非官方图片来源：static.mercdn.net,从网页展示层撤下；不补图,实图已入库,assets/images/KR-MER-0284.webp,https://static.mercdn.net/item/detail/orig/photos/m41594775572_1.jpg?1749339958,夢ノ咲学院購買部官方Vol.2角色直证＋Mercari鬼龍紅郎实物・TU-2773标签交叉,https://static.mercdn.net/item/detail/orig/photos/m41594775572_1.jpg?1749339958,精确二手角色实物＋背标型番交叉
KR-MER-0285,5周年服装毛绒 vol.6,鬼龍紅郎 「あんさんぶるスターズ!! コスチュームマスコット -5th Anniversary- vol.6」,エンスカイ,非官图已撤,非官方图片来源：cdn.suruga-ya.jp,从网页展示层撤下；不补图,实图已入库,assets/images/KR-MER-0285.webp,https://cdn.suruga-ya.jp/database/pics_webp/game/508159501.jpg.webp,駿河屋角色单品档案原图,https://cdn.suruga-ya.jp/database/pics_webp/game/508159501.jpg.webp,档案单品原图
KR-MER-0286,小馒头ねくすと6｜普通版,鬼龍紅郎 「あんさんぶるスターズ!! おまんじゅうにぎにぎマスコット ねくすと6」,エンスカイ,非官图已撤,非官方图片来源：cdn.suruga-ya.jp,从网页展示层撤下；不补图,实图已入库,,https://cdn.suruga-ya.jp/database/pics_webp/game/508116578.jpg.webp,駿河屋角色单品档案原图,https://cdn.suruga-ya.jp/database/pics_webp/game/508116578.jpg.webp,档案单品原图
KR-MER-0287,小馒头ねくすと6｜BOX特典ver.,鬼龍紅郎(特典ver.) 「あんさんぶるスターズ!! おまんじゅうにぎにぎマスコット ねくすと6」 アニメガ/ソフマップBOX購入特典,アニメガ/ソフマップ/エンスカイ,非官图已撤,非官方图片来源：cdn.suruga-ya.jp,从网页展示层撤下；不补图,实图已入库,,https://cdn.suruga-ya.jp/database/pics_webp/game/508427724.jpg.webp,駿河屋角色单品档案原图,https://cdn.suruga-ya.jp/database/pics_webp/game/508427724.jpg.webp,档案单品原图
KR-MER-0288,Birthday Cookie Bear,鬼龍紅郎 バースデークッキーベア 「あんさんぶるスターズ!!」,サンライズ,非官图已撤,非官方图片来源：cdn.suruga-ya.jp,从网页展示层撤下；不补图,实图已入库,assets/images/KR-MER-0288.webp,https://cdn.suruga-ya.jp/database/pics_webp/game/646169969.jpg.webp,駿河屋鬼龍紅郎角色单品档案原图,https://cdn.suruga-ya.jp/database/pics_webp/game/646169969.jpg.webp,档案单品原图
KR-MER-0289,ふわすや包裹系毛绒 vol.4,鬼龍紅郎 「ふわすやマスコット あんさんぶるスターズ!! vol.4」,エスケイジャパン,非官图已撤,非官方图片来源：item-shopping.c.yimg.jp,从网页展示层撤下；不补图,实图已入库,assets/images/KR-MER-0289.webp,,Yahoo正規取扱店鬼龍紅郎商品图＋官方Family规格,https://item-shopping.c.yimg.jp/i/n/lead-netstore_212405s533azk7,角色零售商品图
KR-MER-0290,一起生活毛绒,鬼龍紅郎 一緒に暮らすぬい(ぬいぐるみ) 「あんさんぶるスターズ!!」,pattythree,非官图已撤,非官方图片来源：cdn.suruga-ya.jp,从网页展示层撤下；不补图,实图已入库,,https://cdn.suruga-ya.jp/pics_webp/boxart_bn/646201775-0001.jpg.webp?v=10757b96f4dd7f56beb6,駿河屋鬼龍紅郎角色单品图＋pattythree官方规格,https://cdn.suruga-ya.jp/pics_webp/boxart_bn/646201775-0001.jpg.webp?v=10757b96f4dd7f56beb6,角色单品商品图
KR-MER-0291,中国限定 巡梦毛绒 第一弹,鬼龍紅郎 巡夢ぬいぐるみ 第一弾 「あんさんぶるスターズ!!」 中国限定,中国官方渠道,非官图已撤,非官方图片来源：cdn.suruga-ya.jp,从网页展示层撤下；不补图,实图已入库,,https://cdn.suruga-ya.jp/database/pics_webp/game/560231447.jpg.webp,駿河屋角色单品档案原图,https://cdn.suruga-ya.jp/database/pics_webp/game/560231447.jpg.webp,档案单品原图
KR-MER-0292,中国限定 甜梦毛绒,鬼龍紅郎 甜夢ぬいぐるみ 「あんさんぶるスターズ!!」 中国限定,中国官方渠道,非官图已撤,非官方图片来源：cdn.suruga-ya.jp,从网页展示层撤下；不补图,实图已入库,,https://cdn.suruga-ya.jp/database/pics_webp/game/560600945.jpg.webp,駿河屋鬼龍紅郎角色单品档案原图,https://cdn.suruga-ya.jp/database/pics_webp/game/560600945.jpg.webp,档案单品原图
KR-MER-0293,もちもち vol.13 睡眠特典版,鬼龍紅郎 おやすみver. 「もちもちマスコット あんさんぶるスターズ!! vol.13」 アニメイトBOX購入特典,アニメイト/エスケイジャパン,非官图已撤,非官方图片来源：cdn.suruga-ya.jp,从网页展示层撤下；不补图,实图已入库,assets/images/KR-MER-0293.webp,https://cdn.suruga-ya.jp/database/pics_webp/game/561735394.jpg.webp,駿河屋角色单品档案原图＋SK-Japan官方特典直证,https://cdn.suruga-ya.jp/database/pics_webp/game/561735394.jpg.webp,档案单品原图
KR-MER-0294,姓名ぬい Holder vol.7,鬼龍紅郎 おなまえ☆ぬいホルダー vol.7 「あんさんぶるスターズ!!」,エスケイジャパン,非官图已撤,非官方图片来源：item-shopping.c.yimg.jp,从网页展示层撤下；不补图,官方图已入库・预约未发售,assets/images/KR-MER-0294.jpg,,Yahooまちキャラ鬼龍紅郎予約商品CG＋駿河屋角色精确页,https://item-shopping.c.yimg.jp/i/n/machichara_4544815093100,预约商品CG
KR-MER-0295,心形抱枕,鬼龍紅郎 ハート型クッション 「あんさんぶるスターズ!」,KADOKAWA,非官图已撤,非官方图片来源：img.amiami.jp,从网页展示层撤下；不补图,官方图已入库,,https://img.amiami.jp/images/product/main/162/GOODS-00097532.jpg,AmiAmi官方鬼龍紅郎商品图,https://img.amiami.jp/images/product/main/162/GOODS-00097532.jpg,官方角色商品图
KR-MER-0296,Big小馒头抱枕 vol.5,鬼龍紅郎 ビッグおまんじゅうクッションvol.5 「あんさんぶるスターズ!」,エンスカイ,非官图已撤,非官方图片来源：cdn.suruga-ya.jp,从网页展示层撤下；不补图,实图已入库,,https://cdn.suruga-ya.jp/database/pics_webp/game/863011784.jpg.webp,駿河屋角色单品档案原图,https://cdn.suruga-ya.jp/database/pics_webp/game/863011784.jpg.webp,档案单品原图
KR-MER-0297,连接抱枕 第一弹,鬼龍紅郎 つながるクッション 第一弾 「あんさんぶるスターズ!」,amie,非官图已撤,非官方图片来源：s3-ap-northeast-1.amazonaws.com,从网页展示层撤下；不补图,实图已入库,,https://s3-ap-northeast-1.amazonaws.com/hobbystock/img/item/00000184672/pc_detail_0.jpg,HobbyStock鬼龍紅郎官方零售商品图＋駿河屋角色档案,https://s3-ap-northeast-1.amazonaws.com/hobbystock/img/item/00000184672/pc_detail_0.jpg,官方零售商品图
KR-MER-0298,mogu mogu抱枕,鬼龍紅郎 mogu moguクッション 「あんさんぶるスターズ!」,バンダイナムコアーツ,非官图已撤,非官方图片来源：img.amiami.jp,从网页展示层撤下；不补图,实图已入库,,https://img.amiami.jp/images/product/main/193/GOODS-00330652.jpg,AmiAmi角色官方商品主图,https://img.amiami.jp/images/product/main/193/GOODS-00330652.jpg,官方零售主图
KR-MER-0299,!! Big小馒头抱枕 vol.4,鬼龍紅郎 ビッグおまんじゅうクッションvol.4 「あんさんぶるスターズ!!」,エンスカイ,非官图已撤,非官方图片来源：cdn.suruga-ya.jp,从网页展示层撤下；不补图,实图已入库,,https://cdn.suruga-ya.jp/database/pics_webp/game/863032195.jpg.webp,駿河屋角色单品档案原图,https://cdn.suruga-ya.jp/database/pics_webp/game/863032195.jpg.webp,档案单品原图
KR-MER-0301,超大ねくすと小馒头抱枕 第3弹,鬼龍紅郎 めっちゃビッグおまんじゅうクッションねくすと 第3弾 「あんさんぶるスターズ!!」,エンスカイ,非官图已撤,非官方图片来源：cdn.suruga-ya.jp,从网页展示层撤下；不补图,实图已入库,,https://cdn.suruga-ya.jp/database/pics_webp/game/863065775.jpg.webp,駿河屋角色单品档案原图,https://cdn.suruga-ya.jp/database/pics_webp/game/863065775.jpg.webp,档案单品原图
KR-MER-0302,迷你文件夹 Ver.B,鬼龍紅郎 「あんさんぶるスターズ!ミニクリアファイルコレクション Ver.B」,ムービック,非官图已撤,非官方图片来源：cdn.suruga-ya.jp,从网页展示层撤下；不补图,实图已入库,,https://cdn.suruga-ya.jp/database/pics_webp/game/994943790.jpg.webp,駿河屋角色单品档案原图,https://cdn.suruga-ya.jp/database/pics_webp/game/994943790.jpg.webp,档案单品原图
KR-MER-0304,文件夹 Collection vol.5 B,鬼龍紅郎 「あんさんぶるスターズ! クリアファイルコレクション vol.5 B」,ムービック,非官图已撤,非官方图片来源：cdn.suruga-ya.jp,从网页展示层撤下；不补图,实图已入库,,https://cdn.suruga-ya.jp/database/pics_webp/game/994947501.jpg.webp,駿河屋角色单品档案原图,https://cdn.suruga-ya.jp/database/pics_webp/game/994947501.jpg.webp,档案单品原图
KR-MER-0305,文件夹 Collection vol.8 B,鬼龍紅郎 「あんさんぶるスターズ! クリアファイルコレクション vol.8 B」,ムービック,非官图已撤,非官方图片来源：cdn.suruga-ya.jp,从网页展示层撤下；不补图,实图已入库,,https://cdn.suruga-ya.jp/database/pics_webp/game/994970925.jpg.webp,駿河屋角色单品档案原图,https://cdn.suruga-ya.jp/database/pics_webp/game/994970925.jpg.webp,档案单品原图
KR-MER-0306,Starry Stage 3rd A4文件夹,鬼龍紅郎 A4クリアファイル 「あんさんぶるスターズ! Starry Stage 3rd」,Starry Stage,非官图已撤,非官方图片来源：cdn.suruga-ya.jp,从网页展示层撤下；不补图,实图已入库,assets/images/KR-MER-0306.webp,https://cdn.suruga-ya.jp/database/pics_webp/game/994970437.jpg.webp,駿河屋角色单品档案原图,https://cdn.suruga-ya.jp/database/pics_webp/game/994970437.jpg.webp,档案单品原图
KR-MER-0307,ENSEMBLE HOLIDAY四人A5迷你文件夹,斎宮宗＆瀬名泉＆鬼龍紅郎＆衣更真緒 描き起こしビジュアル A5ミニクリアファイル 「あんさんぶるスターズ!! ENSEMBLE HOLIDAY!!×animatecafe」,アニメイト,非官图已撤,非官方图片来源：cdn.suruga-ya.jp,从网页展示层撤下；不补图,实图已入库,,https://cdn.suruga-ya.jp/database/pics_webp/game/994159314.jpg.webp,駿河屋精确商品档案原图（四人同一实体）,https://cdn.suruga-ya.jp/database/pics_webp/game/994159314.jpg.webp,档案商品原图（四人同一实体）
KR-MER-0308,10周年A款A4文件夹,鬼龍紅郎(A/青春が紡ぐ硬い糸/才能開花後) IDOL SHOWCASE A4クリアファイル＜紅月＞ 「あんさんぶるスターズ!! 10周年展示会 Bright me up!!」,pattythree,非官图已撤,非官方图片来源：cdn.suruga-ya.jp,从网页展示层撤下；不补图,实图已入库,assets/images/KR-MER-0308.webp,,駿河屋角色单品档案原图,https://cdn.suruga-ya.jp/database/pics_webp/game/994185672.jpg.webp,档案单品原图
KR-MER-0309,10周年B款A4文件夹,鬼龍紅郎(B/明日へ繋ぐ瘢痕/才能開花後) IDOL SHOWCASE A4クリアファイル＜紅月＞ 「あんさんぶるスターズ!! 10周年展示会 Bright me up!!」,pattythree,非官图已撤,非官方图片来源：cdn.suruga-ya.jp,从网页展示层撤下；不补图,实图已入库,assets/images/KR-MER-0309.webp,,駿河屋角色单品档案原图,https://cdn.suruga-ya.jp/database/pics_webp/game/994185673.jpg.webp,档案单品原图
KR-MER-0310,10周年C款A4文件夹,鬼龍紅郎(C/在りし日の風来坊/才能開花後) IDOL SHOWCASE A4クリアファイル＜紅月＞ 「あんさんぶるスターズ!! 10周年展示会 Bright me up!!」,pattythree,非官图已撤,非官方图片来源：cdn.suruga-ya.jp,从网页展示层撤下；不补图,实图已入库,assets/images/KR-MER-0310.webp,,駿河屋角色单品档案原图,https://cdn.suruga-ya.jp/database/pics_webp/game/994185674.jpg.webp,档案单品原图
KR-MER-0311,10周年D款A4文件夹,鬼龍紅郎(D/欲望の宝石商/才能開花後) IDOL SHOWCASE A4クリアファイル＜紅月＞ 「あんさんぶるスターズ!! 10周年展示会 Bright me up!!」,pattythree,非官图已撤,非官方图片来源：cdn.suruga-ya.jp,从网页展示层撤下；不补图,实图已入库,assets/images/KR-MER-0311.webp,,駿河屋角色单品档案原图,https://cdn.suruga-ya.jp/database/pics_webp/game/994185675.jpg.webp,档案单品原图
KR-MER-0312,10周年E款A4文件夹,鬼龍紅郎(E/剛勇ドラゴン/才能開花後) IDOL SHOWCASE A4クリアファイル＜紅月＞ 「あんさんぶるスターズ!! 10周年展示会 Bright me up!!」,pattythree,非官图已撤,非官方图片来源：cdn.suruga-ya.jp,从网页展示层撤下；不补图,实图已入库,assets/images/KR-MER-0312.webp,,駿河屋角色单品档案原图,https://cdn.suruga-ya.jp/database/pics_webp/game/994185676.jpg.webp,档案单品原图
KR-MER-0313,10周年SPOTLIGHT SHUFFLE文件夹,鬼龍紅郎 SPOTLIGHT SHUFFLE A4クリアファイル 「あんさんぶるスターズ!! 10周年展示会 Bright me up!!」,pattythree,非官图已撤,非官方图片来源：cdn.suruga-ya.jp,从网页展示层撤下；不补图,实图已入库,assets/images/KR-MER-0313.webp,https://cdn.suruga-ya.jp/database/pics_webp/game/994185474.jpg.webp,駿河屋角色单品档案原图,https://cdn.suruga-ya.jp/database/pics_webp/game/994185474.jpg.webp,档案单品原图
KR-MER-0314,Deco Sticker初代,鬼龍紅郎 「あんさんぶるスターズ! デコステッカー」,エンスカイ,非官图已撤,非官方图片来源：cdn.suruga-ya.jp,从网页展示层撤下；不补图,实图已入库,assets/images/KR-MER-0314.webp,,駿河屋角色单品档案原图,https://cdn.suruga-ya.jp/database/pics_webp/game/662000800.jpg.webp,档案单品原图
KR-MER-0315,Deco Sticker 2 衣装,鬼龍紅郎(衣装) 「あんさんぶるスターズ! デコステッカー2」,エンスカイ,非官图已撤,非官方图片来源：cdn.suruga-ya.jp,从网页展示层撤下；不补图,实图已入库,assets/images/KR-MER-0315.webp,https://cdn.suruga-ya.jp/pics_webp/boxart_m/662000890m.jpg.webp,駿河屋全70種セットsample＋同页列顺・鬼龍紅郎(衣装)第57项无歧义裁切,https://cdn.suruga-ya.jp/pics_webp/boxart_m/662000890m.jpg.webp,官方档案全套sample・同页顺序定位裁切
KR-MER-0316,旧サインステッカー 第四弹 Gold,鬼龍紅郎(ゴールド) 「あんさんぶるスターズ! サインステッカーセット 第四弾」,amie,非官图已撤,非官方图片来源：cdn.suruga-ya.jp,从网页展示层撤下；不补图,实图已入库,,https://cdn.suruga-ya.jp/database/pics_webp/game/859033920.jpg.webp,駿河屋角色单品档案原图,https://cdn.suruga-ya.jp/database/pics_webp/game/859033920.jpg.webp,档案单品原图
KR-MER-0317,5周年Carry Deco购买特典贴,鬼龍紅郎 キャリデコステッカー 「あんさんぶるスターズ!! 5th Anniversary ～未来への旅路(トラベル)☆～フェア in アニメイト」 グッズ購入特典,アニメイト,非官图已撤,非官方图片来源：cdn.suruga-ya.jp,从网页展示层撤下；不补图,实图已入库,,https://cdn.suruga-ya.jp/database/pics_webp/game/859040929.jpg.webp,駿河屋角色单品档案原图,https://cdn.suruga-ya.jp/database/pics_webp/game/859040929.jpg.webp,档案单品原图
KR-MER-0318,新版Sign Sticker Star Glitter vol.3,鬼龍紅郎 「あんさんぶるスターズ!! サインステッカー スターラメver. Vol.3」,amie,非官图已撤,非官方图片来源：cdn.suruga-ya.jp,从网页展示层撤下；不补图,实图已入库,,https://cdn.suruga-ya.jp/database/pics_webp/game/859043924.jpg.webp,駿河屋角色单品档案原图,https://cdn.suruga-ya.jp/database/pics_webp/game/859043924.jpg.webp,档案单品原图
KR-MER-0319,Ani-Art Sticker,鬼龍紅郎 Ani-Art ステッカー 「あんさんぶるスターズ!」,アルマビアンカ,非官图已撤,非官方图片来源：cdn.suruga-ya.jp,从网页展示层撤下；不补图,实图已入库,assets/images/KR-MER-0319.webp,https://cdn.suruga-ya.jp/database/pics_webp/game/859044944.jpg.webp,駿河屋角色单品档案原图,https://cdn.suruga-ya.jp/database/pics_webp/game/859044944.jpg.webp,档案单品原图
KR-MER-0320,5周年ありがとうSTORE视觉贴,鬼龍紅郎 ビジュアルステッカー 「あんさんぶるスターズ!! あんスタ!!5周年ありがとう!STORE」,トイズ・プランニング,非官图已撤,非官方图片来源：cdn.suruga-ya.jp,从网页展示层撤下；不补图,实图已入库,assets/images/KR-MER-0320.webp,https://cdn.suruga-ya.jp/database/pics_webp/game/859064913.jpg.webp,駿河屋角色单品档案原图,https://cdn.suruga-ya.jp/database/pics_webp/game/859064913.jpg.webp,档案单品原图
KR-MER-0321,Prism Travel Sticker,45.鬼龍紅郎 プリズムトラベルステッカー 「あんさんぶるスターズ!!」,エンスカイ,非官图已撤,非官方图片来源：cdn.suruga-ya.jp,从网页展示层撤下；不补图,实图已入库,,https://cdn.suruga-ya.jp/database/pics_webp/game/859052730.jpg.webp,駿河屋角色单品档案原图,https://cdn.suruga-ya.jp/database/pics_webp/game/859052730.jpg.webp,档案单品原图
KR-MER-0322,Animate Cafe描起全息贴 B,鬼龍紅郎 「あんさんぶるスターズ!!×animatecafe 描き起こしビジュアルホログラムステッカーコレクション グループB」,アニメイト,非官图已撤,非官方图片来源：cdn.suruga-ya.jp,从网页展示层撤下；不补图,实图已入库,,https://cdn.suruga-ya.jp/database/pics_webp/game/859082797.jpg.webp,駿河屋鬼龍紅郎角色单品档案原图,https://cdn.suruga-ya.jp/database/pics_webp/game/859082797.jpg.webp,档案单品原图
KR-MER-0323,!! Deco Sticker Gum,鬼龍紅郎 「あんさんぶるスターズ!! デコステッカーガムつき」,エンスカイ,非官图已撤,非官方图片来源：cdn.suruga-ya.jp,从网页展示层撤下；不补图,实图已入库,,https://cdn.suruga-ya.jp/database/pics_webp/game/662004328.jpg.webp,駿河屋角色单品档案原图,https://cdn.suruga-ya.jp/database/pics_webp/game/662004328.jpg.webp,档案单品原图
KR-MER-0324,Crossroad红月极光贴,鬼龍紅郎(紅月) 「あんさんぶるスターズ!! 追憶セレクション クロスロード×animatecafe トレーディング描き起こしビジュアル オーロラステッカーコレクション」,アニメイト,非官图已撤,非官方图片来源：www.suruga-ya.jp,从网页展示层撤下；不补图,实图已入库,assets/images/KR-MER-0324.webp,,Crossroad封口图片工程,https://www.suruga-ya.jp/product/detail/859122729,封口主图
KR-MER-0325,10th Fest×Animate Cafe闪亮贴 E,鬼龍紅郎 「あんさんぶるスターズ!! あんスタ10thフェス×animatecafe 描き起こしビジュアル キラキラステッカーコレクションEグループ」,アニメイト,非官图已撤,非官方图片来源：cdn.suruga-ya.jp,从网页展示层撤下；不补图,实图已入库,,https://cdn.suruga-ya.jp/database/pics_webp/game/859260237.jpg.webp,駿河屋鬼龍紅郎角色单品档案原图,https://cdn.suruga-ya.jp/database/pics_webp/game/859260237.jpg.webp,档案单品原图
KR-MER-0326,Mini选举海报,30.鬼龍紅郎 「あんさんぶるスターズ! ミニ選挙ポスターコレクション」,ムービック,非官图已撤,非官方图片来源：cdn.suruga-ya.jp,从网页展示层撤下；不补图,实图已入库,,https://cdn.suruga-ya.jp/database/pics_webp/game/608930948.jpg.webp,駿河屋角色单品档案原图,https://cdn.suruga-ya.jp/database/pics_webp/game/608930948.jpg.webp,档案单品原图
KR-MER-0327,8周年等身大纸海报,等身大ポスター 鬼龍紅郎 「あんさんぶるスターズ!!」,フロンティアワークス,非官图已撤,非官方图片来源：cdn.suruga-ya.jp,从网页展示层撤下；不补图,实图已入库,,https://cdn.suruga-ya.jp/database/pics_webp/game/608998546.jpg.webp,駿河屋鬼龍紅郎角色单品档案原图,https://cdn.suruga-ya.jp/database/pics_webp/game/608998546.jpg.webp,档案单品原图
KR-MER-0328,Rubber Strap Collection B 2015,14.鬼龍紅郎 「あんさんぶるスターズ! ラバーストラップコレクションB」,ムービック,非官图已撤,非官方图片来源：cdn.suruga-ya.jp,从网页展示层撤下；不补图,实图已入库,assets/images/KR-MER-0328.webp,https://cdn.suruga-ya.jp/database/pics_webp/game/608377319.jpg.webp,駿河屋鬼龍紅郎角色单品档案原图,https://cdn.suruga-ya.jp/database/pics_webp/game/608377319.jpg.webp,档案单品原图
KR-MER-0329,柔软透明大挂件 Collections 3,鬼龍紅郎 「あんさんぶるスターズ! やわらかクリアストラップL コレクションズ3＜B＞」,エンスカイ,非官图已撤,非官方图片来源：cdn.suruga-ya.jp,从网页展示层撤下；不补图,实图已入库,,https://cdn.suruga-ya.jp/database/pics_webp/game/608391572.jpg.webp,駿河屋角色单品档案原图,https://cdn.suruga-ya.jp/database/pics_webp/game/608391572.jpg.webp,档案单品原图
KR-MER-0330,夏祭风铃金属挂件 B,9.鬼龍紅郎 「あんさんぶるスターズ! メタルチャームコレクション 夏祭りシリーズB」,ムービック,非官图已撤,非官方图片来源：cdn.suruga-ya.jp,从网页展示层撤下；不补图,实图已入库,,https://cdn.suruga-ya.jp/database/pics_webp/game/608555517.jpg.webp,駿河屋角色单品档案原图,https://cdn.suruga-ya.jp/database/pics_webp/game/608555517.jpg.webp,档案单品原图
KR-MER-0331,First Live 一番赏心跳橡胶挂件,鬼龍紅郎 どきどき!ラバーストラップ 「一番くじ あんさんぶるスターズ!～ファーストライブ!～」 M賞,バンプレスト,非官图已撤,非官方图片来源：cdn.suruga-ya.jp,从网页展示层撤下；不补图,实图已入库,,https://cdn.suruga-ya.jp/database/pics_webp/game/608407347.jpg.webp,駿河屋角色单品档案原图,https://cdn.suruga-ya.jp/database/pics_webp/game/608407347.jpg.webp,档案单品原图
KR-MER-0332,汉之背中 Visual Frame Tag vol.1,鬼龍紅郎(漢の背中) ビジュアルフレームタグvol.1 「あんさんぶるスターズ!」,バンプレスト,非官图已撤,非官方图片来源：cdn.suruga-ya.jp,从网页展示层撤下；不补图,实图已入库,,https://cdn.suruga-ya.jp/database/pics_webp/game/608429729.jpg.webp,駿河屋角色单品档案原图,https://cdn.suruga-ya.jp/database/pics_webp/game/608429729.jpg.webp,档案单品原图
KR-MER-0334,Lawson 2017橡胶挂件,鬼龍紅郎 「あんさんぶるスターズ!×ローソン ラバーストラップ」,ローソン,非官图已撤,非官方图片来源：cdn.suruga-ya.jp,从网页展示层撤下；不补图,实图已入库,,https://cdn.suruga-ya.jp/database/pics_webp/game/608594259.jpg.webp,駿河屋角色单品档案原图,https://cdn.suruga-ya.jp/database/pics_webp/game/608594259.jpg.webp,档案单品原图
KR-MER-0335,1月 Birthday Charm Set,鬼龍紅郎 バースデーチャームセット 1月 「あんさんぶるスターズ!」,ムービック,非官图已撤,非官方图片来源：cdn.suruga-ya.jp,从网页展示层撤下；不补图,实图已入库,,https://cdn.suruga-ya.jp/database/pics_webp/game/608781923.jpg.webp,駿河屋角色单品档案原图,https://cdn.suruga-ya.jp/database/pics_webp/game/608781923.jpg.webp,档案单品原图
KR-MER-0336,球Vic Plate Keychain 第9弹,鬼龍紅郎 「あんさんぶるスターズ! 球Vic プレートキーチェーン 第9弾」,ムービック,非官图已撤,非官方图片来源：cdn.suruga-ya.jp,从网页展示层撤下；不补图,实图已入库,assets/images/KR-MER-0336.webp,https://cdn.suruga-ya.jp/database/pics_webp/game/560510469.jpg.webp,駿河屋角色单品档案原图,https://cdn.suruga-ya.jp/database/pics_webp/game/560510469.jpg.webp,档案单品原图
KR-MER-0337,Deco Badge Keyholder fine/Valkyrie/红月,鬼龍紅郎 デコバッジキーホルダー-fine＆Valkyrie＆紅月- 「あんさんぶるスターズ!」,タイトー,非官图已撤,非官方图片来源：cdn.suruga-ya.jp,从网页展示层撤下；不补图,实图已入库,,https://cdn.suruga-ya.jp/database/pics_webp/game/871600755.jpg.webp,駿河屋角色单品档案原图,https://cdn.suruga-ya.jp/database/pics_webp/game/871600755.jpg.webp,档案单品原图
KR-MER-0338,Capsule Rubber Mascot Next Stage3,鬼龍紅郎 「あんさんぶるスターズ! カプセルラバーマスコット Next Stage3」,バンダイ,非官图已撤,非官方图片来源：cdn.suruga-ya.jp,从网页展示层撤下；不补图,实图已入库,,https://cdn.suruga-ya.jp/database/pics_webp/game/608837887.jpg.webp,駿河屋角色单品档案原图＋BANDAI公式Family,https://cdn.suruga-ya.jp/database/pics_webp/game/608837887.jpg.webp,档案单品原图
KR-MER-0339,一番アクセ 三年生戒指 O赏,鬼龍紅郎 3年生 リング 「一番アクセ あんさんぶるスターズ!」 O賞,BANDAI SPIRITS,非官图已撤,非官方图片来源：cdn.suruga-ya.jp,从网页展示层撤下；不补图,实图已入库,,https://cdn.suruga-ya.jp/database/pics_webp/game/765008632.jpg.webp,駿河屋鬼龍紅郎角色单品档案原图,https://cdn.suruga-ya.jp/database/pics_webp/game/765008632.jpg.webp,档案单品原图
KR-MER-0340,红郎角色复刻项链 B,B.鬼龍紅郎のネックレス 「あんさんぶるスターズ!」,ムービック,非官图已撤,非官方图片来源：cdn.suruga-ya.jp,从网页展示层撤下；不补图,实图已入库,,https://cdn.suruga-ya.jp/database/pics_webp/game/765006261.jpg.webp,駿河屋角色单品档案原图＋AmiAmi初版规格,https://cdn.suruga-ya.jp/database/pics_webp/game/765006261.jpg.webp,档案单品原图
KR-MER-0341,橡胶挂件 Collection Vol.B,鬼龍紅郎 「あんさんぶるスターズ! ラバーストラップコレクション Vol.B」,ムービック,非官图已撤,非官方图片来源：cdn.suruga-ya.jp,从网页展示层撤下；不补图,实图已入库,assets/images/KR-MER-0341.webp,https://cdn.suruga-ya.jp/database/pics_webp/game/608827615.jpg.webp,駿河屋鬼龍紅郎角色单品档案原图,https://cdn.suruga-ya.jp/database/pics_webp/game/608827615.jpg.webp,档案单品原图
KR-MER-0342,Pitatto 钥匙扣 初代,鬼龍紅郎 Pitattoキーホルダー 「あんさんぶるスターズ!!」,amie,非官图已撤,非官方图片来源：www.hlj.co.jp,从网页展示层撤下；不补图,实图已入库,assets/images/KR-MER-0342.webp,,HLJ角色商品主图＋駿河屋角色单品档案,https://www.hlj.co.jp/product/AMA13735,商品主图
KR-MER-0343,フレフレ团扇Charm Vol.3,鬼龍紅郎 「あんさんぶるスターズ!! フレフレうちわチャームコレクション vol.3」,amie,非官图已撤,非官方图片来源：cdn.suruga-ya.jp,从网页展示层撤下；不补图,实图已入库,,https://cdn.suruga-ya.jp/database/pics_webp/game/508078802.jpg.webp,駿河屋角色单品档案原图,https://cdn.suruga-ya.jp/database/pics_webp/game/508078802.jpg.webp,档案单品原图
KR-MER-0344,5周年 Animate Ring 普通版,鬼龍紅郎 アニメイトリング フリーサイズ 「あんさんぶるスターズ!! 5th Anniversary」,フロンティアワークス,非官图已撤,非官方图片来源：cdn.suruga-ya.jp,从网页展示层撤下；不补图,实图已入库,,https://cdn.suruga-ya.jp/database/pics_webp/game/765017701.jpg.webp,駿河屋角色单品档案原图,https://cdn.suruga-ya.jp/database/pics_webp/game/765017701.jpg.webp,档案单品原图
KR-MER-0345,5周年 Animate Ring Premium银制版,鬼龍紅郎 アニメイトリング Premiumシリーズ 「あんさんぶるスターズ!! 5th Anniversary」,フロンティアワークス,非官图已撤,非官方图片来源：cdn.suruga-ya.jp,从网页展示层撤下；不补图,实图已入库,,https://cdn.suruga-ya.jp/database/pics_webp/game/765017703.jpg.webp,駿河屋角色单品档案原图（9号）,https://cdn.suruga-ya.jp/database/pics_webp/game/765017703.jpg.webp,档案单品原图
KR-MER-0346,Charm Plate C BOX,鬼龍紅郎 「あんさんぶるスターズ! チャームプレート C.BOX」,ハセ・プロ/バンダイ,非官图已撤,非官方图片来源：cdn.suruga-ya.jp,从网页展示层撤下；不补图,实图已入库,,https://cdn.suruga-ya.jp/database/pics_webp/game/508315562.jpg.webp,駿河屋角色单品档案原图,https://cdn.suruga-ya.jp/database/pics_webp/game/508315562.jpg.webp,档案单品原图
KR-MER-0347,Memorial Ticket Charm,鬼龍紅郎 メモリアルチケットチャーム 「あんさんぶるスターズ!!」,amie,非官图已撤,非官方图片来源：cdn.suruga-ya.jp,从网页展示层撤下；不补图,实图已入库,,https://cdn.suruga-ya.jp/database/pics_webp/game/508371634.jpg.webp,駿河屋角色单品档案原图,https://cdn.suruga-ya.jp/database/pics_webp/game/508371634.jpg.webp,档案单品原图
KR-MER-0348,推したい名! 橡胶姓名Charm,鬼龍紅郎 推したい名!ラバーチャーム 「一番くじ あんさんぶるスターズ!! ～Let’s enjoy together! vol.1～」 H賞,BANDAI SPIRITS,非官图已撤,非官方图片来源：cdn.suruga-ya.jp,从网页展示层撤下；不补图,实图已入库,assets/images/KR-MER-0348.webp,https://cdn.suruga-ya.jp/database/pics_webp/game/508431456.jpg.webp,既有駿河屋鬼龍紅郎角色单品档案原图,https://cdn.suruga-ya.jp/database/pics_webp/game/508431456.jpg.webp,档案单品原图
KR-MER-0349,中国4周年 誓约Ring 金色,鬼龍紅郎 誓約リング ゴールド 13号 「あんさんぶるスターズ!」 中国4周年記念グッズ,中国官方渠道,非官图已撤,非官方图片来源：cdn.suruga-ya.jp,从网页展示层撤下；不补图,实图已入库,,https://cdn.suruga-ya.jp/database/pics_webp/game/765025038.jpg.webp,駿河屋鬼龍紅郎精确商品セット原图,https://cdn.suruga-ya.jp/database/pics_webp/game/765025038.jpg.webp,档案商品セット原图
KR-MER-0350,中国6周年 誓言Ring Set 粉金,鬼龍紅郎 誓言リングセット ピンクゴールド フリーサイズ 「あんさんぶるスターズ!!」 中国6周年記念グッズ,中国官方渠道,非官图已撤,非官方图片来源：cdn.suruga-ya.jp,从网页展示层撤下；不补图,实图已入库,,https://cdn.suruga-ya.jp/database/pics_webp/game/765025181.jpg.webp,駿河屋鬼龍紅郎精确商品セット原图,https://cdn.suruga-ya.jp/database/pics_webp/game/765025181.jpg.webp,档案商品セット原图
KR-MER-0351,7周年 Jackpot Charm Set,鬼龍紅郎 ES 7th Anniv. ジャックポットチャームセット 「あんさんぶるスターズ!!」,フロンティアワークス,非官图已撤,非官方图片来源：cdn.suruga-ya.jp,从网页展示层撤下；不补图,实图已入库,,https://cdn.suruga-ya.jp/database/pics_webp/game/508831426.jpg.webp,駿河屋角色单品档案原图＋らしんばん同JAN日期,https://cdn.suruga-ya.jp/database/pics_webp/game/508831426.jpg.webp,档案单品原图
KR-MER-0352,Memorial Aurora Ticket Charm -SHUFFLE-,鬼龍紅郎 メモリアルオーロラチケットチャーム-SHUFFLE- 「あんさんぶるスターズ!!」,amie,非官图已撤,非官方图片来源：cdn.suruga-ya.jp,从网页展示层撤下；不补图,实图已入库,,https://cdn.suruga-ya.jp/database/pics_webp/game/560216517.jpg.webp,駿河屋角色单品档案原图,https://cdn.suruga-ya.jp/database/pics_webp/game/560216517.jpg.webp,档案单品原图
KR-MER-0353,みにコレ Chararing Charm vol.4,鬼龍紅郎 「あんさんぶるスターズ!! みにコレ!Chararingチャームコレクション vol.4」,エスケイジャパン,非官图已撤,非官方图片来源：cdn.suruga-ya.jp,从网页展示层撤下；不补图,实图已入库,,https://cdn.suruga-ya.jp/database/pics_webp/game/560720447.jpg.webp,駿河屋角色单品档案原图＋SK JAPAN公式,https://cdn.suruga-ya.jp/database/pics_webp/game/560720447.jpg.webp,档案单品原图
KR-MER-0354,みにコレ Mini Photo Frame Keychain Vol.4,鬼龍紅郎 「あんさんぶるスターズ!! みにコレ!ミニフォトフレームキーチェーン Vol.4」,エスケイジャパン,非官图已撤,非官方图片来源：cdn.suruga-ya.jp,从网页展示层撤下；不补图,实图已入库,,https://images.weserv.nl/?url=https%3A%2F%2Fcdn.suruga-ya.jp%2Fdatabase%2Fpics_webp%2Fgame%2F561114347.jpg.webp&output=webp&q=92,駿河屋角色单品档案原图＋SK JAPAN公式,https://cdn.suruga-ya.jp/database/pics_webp/game/561114347.jpg.webp,档案单品原图
KR-MER-0355,9周年 Fragment Keyholder FLARE,鬼龍紅郎 ES 9th Anniv. フラグメントキーホルダー FLARE 「あんさんぶるスターズ!!」,pattythree,非官图已撤,非官方图片来源：cdn.suruga-ya.jp,从网页展示层撤下；不补图,实图已入库,,https://cdn.suruga-ya.jp/database/pics_webp/game/561080880.jpg.webp,駿河屋角色单品档案原图,https://cdn.suruga-ya.jp/database/pics_webp/game/561080880.jpg.webp,档案单品原图
KR-MER-0356,PlayCharm vol.1,鬼龍紅郎 PlayCharm vol.1 「あんさんぶるスターズ!!」,バンダイナムコヌイ,非官图已撤,非官方图片来源：www.suruga-ya.jp,从网页展示层撤下；不补图,实图已入库,assets/images/KR-MER-0356.webp,,駿河屋角色单品档案图,https://www.suruga-ya.jp/product/detail/878059286,角色商品页主图
KR-MER-0357,10周年 Festival Balloon Charm,鬼龍紅郎 フェスティバルシリーズ バルーンチャーム 「あんさんぶるスターズ!! 10周年展示会 Bright me up!!」,pattythree,非官图已撤,非官方图片来源：cdn.suruga-ya.jp,从网页展示层撤下；不补图,实图已入库,,https://cdn.suruga-ya.jp/database/pics_webp/game/561709224.jpg.webp,駿河屋角色单品档案原图,https://cdn.suruga-ya.jp/database/pics_webp/game/561709224.jpg.webp,档案单品原图
KR-MER-0359,Animate Cafe 第2弹饮品特典杯垫,鬼龍紅郎 コースター 「あんさんぶるスターズ!×animatecafe 第2弾」 ドリンク注文特典,アニメイト,非官图已撤,非官方图片来源：cdn.suruga-ya.jp,从网页展示层撤下；不补图,实图已入库,,https://cdn.suruga-ya.jp/database/pics_webp/game/992021197.jpg.webp,駿河屋鬼龍紅郎角色单品档案原图,https://cdn.suruga-ya.jp/database/pics_webp/game/992021197.jpg.webp,档案单品原图
KR-MER-0361,Animate Cafe 2017菜单特典杯垫,鬼龍紅郎 コースター 「あんさんぶるスターズ!×animatecafe」 メニュー注文特典,アニメイト,非官图已撤,非官方图片来源：cdn.suruga-ya.jp,从网页展示层撤下；不补图,实图已入库,,https://cdn.suruga-ya.jp/database/pics_webp/game/992029506.jpg.webp,駿河屋鬼龍紅郎角色单品档案原图,https://cdn.suruga-ya.jp/database/pics_webp/game/992029506.jpg.webp,档案单品原图
KR-MER-0363,梦之咲Picnic ver.杯垫,鬼龍紅郎(夢ノ咲ピクニックver.) コースター 「あんさんぶるスターズ!×animatecafe」,アニメイト,非官图已撤,非官方图片来源：cdn.suruga-ya.jp,从网页展示层撤下；不补图,实图已入库,,https://cdn.suruga-ya.jp/database/pics_webp/game/992044395.jpg.webp,駿河屋鬼龍紅郎角色单品档案原图,https://cdn.suruga-ya.jp/database/pics_webp/game/992044395.jpg.webp,档案单品原图
KR-MER-0364,Animate Cafe 全息杯垫,鬼龍紅郎 ホログラムコースター 「あんさんぶるスターズ!!×animatecafe」,アニメイト,非官图已撤,非官方图片来源：cdn.suruga-ya.jp,从网页展示层撤下；不补图,实图已入库,,https://cdn.suruga-ya.jp/database/pics_webp/game/992129724.jpg.webp,駿河屋鬼龍紅郎角色单品档案原图,https://cdn.suruga-ya.jp/database/pics_webp/game/992129724.jpg.webp,档案单品原图
KR-MER-0365,Crossroad 红月服极光杯垫,鬼龍紅郎(紅月) オーロラコースター 「追憶セレクション『クロスロード』×Gratte」,アニメイト,非官图已撤,非官方图片来源：www.suruga-ya.jp,从网页展示层撤下；不补图,实图已入库,assets/images/KR-MER-0365.webp,,Crossroad封口图片工程,https://www.suruga-ya.jp/product/detail/992170303,封口主图
KR-MER-0366,Crossroad Deadmans极光杯垫,鬼龍紅郎(デッドマンズ) オーロラコースター 「追憶セレクション『クロスロード』×Gratte」,アニメイト,非官图已撤,非官方图片来源：www.suruga-ya.jp,从网页展示层撤下；不补图,实图已入库,assets/images/KR-MER-0366.webp,,Crossroad封口图片工程,https://www.suruga-ya.jp/product/detail/992170297,封口主图
KR-MER-0367,2018 初代滚珠香水,鬼龍紅郎 ロールオンフレグランス 「あんさんぶるスターズ!」,ムービック,非官图已撤,非官方图片来源：cdn.suruga-ya.jp,从网页展示层撤下；不补图,实图已入库,assets/images/KR-MER-0367.webp,https://cdn.suruga-ya.jp/database/pics_webp/game/869001792.jpg.webp,駿河屋鬼龍紅郎角色单品档案原图,https://cdn.suruga-ya.jp/database/pics_webp/game/869001792.jpg.webp,档案单品原图
KR-MER-0368,Visual Bath Towel vol.2,鬼龍紅郎 ビジュアルバスタオルvol.2 「あんさんぶるスターズ!」,エンスカイ,非官图已撤,非官方图片来源：cdn.suruga-ya.jp,从网页展示层撤下；不补图,实图已入库,,https://cdn.suruga-ya.jp/database/pics_webp/game/608473194.jpg.webp,駿河屋角色单品档案原图,https://cdn.suruga-ya.jp/database/pics_webp/game/608473194.jpg.webp,档案单品原图
KR-MER-0369,Visual Mini Towel vol.3,鬼龍紅郎 ビジュアルミニタオル vol.3 「あんさんぶるスターズ!」,エンスカイ,非官图已撤,非官方图片来源：cdn.suruga-ya.jp,从网页展示层撤下；不补图,实图已入库,,https://cdn.suruga-ya.jp/database/pics_webp/game/608559851.jpg.webp,駿河屋角色单品档案原图,https://cdn.suruga-ya.jp/database/pics_webp/game/608559851.jpg.webp,档案单品原图
KR-MER-0370,Visual Bath Towel vol.3,鬼龍紅郎 ビジュアルバスタオルvol.3 「あんさんぶるスターズ!」,エンスカイ,非官图已撤,非官方图片来源：cdn.suruga-ya.jp,从网页展示层撤下；不补图,实图已入库,,https://cdn.suruga-ya.jp/database/pics_webp/game/608629659.jpg.webp,駿河屋角色单品档案原图,https://cdn.suruga-ya.jp/database/pics_webp/game/608629659.jpg.webp,档案单品原图
KR-MER-0372,Visual Bath Towel vol.5,鬼龍紅郎 ビジュアルバスタオルvol.5 「あんさんぶるスターズ!」,エンスカイ,非官图已撤,非官方图片来源：cdn.suruga-ya.jp,从网页展示层撤下；不补图,实图已入库,,https://cdn.suruga-ya.jp/database/pics_webp/game/608781767.jpg.webp,駿河屋角色单品档案原图,https://cdn.suruga-ya.jp/database/pics_webp/game/608781767.jpg.webp,档案单品原图
KR-MER-0373,Bukubu Face迷你毛巾 C,鬼龍紅郎 Faceミニタオル C 「あんさんぶくぶスターズ!」,KADOKAWA,非官图已撤,非官方图片来源：static.mercdn.net,从网页展示层撤下；不补图,实图已入库,assets/images/KR-MER-0373.webp,https://static.mercdn.net/item/detail/orig/photos/m21498537267_1.jpg?1777110421,Mercari鬼龍紅郎FaceミニタオルC精确实物＋駿河屋角色直证,https://static.mercdn.net/item/detail/orig/photos/m21498537267_1.jpg?1777110421,精确二手角色单品实物图
KR-MER-0374,Visual Bath Towel vol.6,鬼龍紅郎 ビジュアルバスタオル vol.6 「あんさんぶるスターズ!!」,エンスカイ,非官图已撤,非官方图片来源：cdn.suruga-ya.jp,从网页展示层撤下；不补图,实图已入库,,https://cdn.suruga-ya.jp/database/pics_webp/game/561439039.jpg.webp,駿河屋角色单品档案原图,https://cdn.suruga-ya.jp/database/pics_webp/game/561439039.jpg.webp,档案单品原图
KR-MER-0375,中国限定 Live纪念毛巾,鬼龍紅郎 ライブ記念タオル 「あんさんぶるスターズ!!」 中国限定,中国官方渠道,非官图已撤,非官方图片来源：cdn.suruga-ya.jp,从网页展示层撤下；不补图,实图已入库,,https://cdn.suruga-ya.jp/database/pics_webp/game/560093862.jpg.webp,駿河屋鬼龍紅郎角色单品档案原图,https://cdn.suruga-ya.jp/database/pics_webp/game/560093862.jpg.webp,駿河屋角色原图
KR-MER-0376,中国限定 6周年纪念毛巾,鬼龍紅郎 6周年記念タオル 「あんさんぶるスターズ!!」 中国限定,中国官方渠道,非官图已撤,非官方图片来源：cdn.suruga-ya.jp,从网页展示层撤下；不补图,实图已入库,,https://cdn.suruga-ya.jp/database/pics_webp/game/560141621.jpg.webp,駿河屋鬼龍紅郎角色单品档案原图,https://cdn.suruga-ya.jp/database/pics_webp/game/560141621.jpg.webp,档案单品原图
KR-MER-0377,TV动画角色衣架,鬼龍紅郎 キャラハンガー 「TVアニメ あんさんぶるスターズ!」,フロンティアワークス,非官图已撤,非官方图片来源：cdn.suruga-ya.jp,从网页展示层撤下；不补图,实图已入库,,https://cdn.suruga-ya.jp/database/pics_webp/game/608848160.jpg.webp,駿河屋角色单品档案原图＋AmiAmi商品规格,https://cdn.suruga-ya.jp/database/pics_webp/game/608848160.jpg.webp,档案单品原图
KR-MER-0378,Stargazer Jewel Ring Light A,鬼龍紅郎 ジュエルリングライトコレクション A 「DREAM LIVE 5th Tour -Stargazer-」,ムービック,非官图已撤,非官方图片来源：cdn.suruga-ya.jp,从网页展示层撤下；不补图,实图已入库,,https://cdn.suruga-ya.jp/database/pics_webp/game/508210250.jpg.webp,駿河屋角色单品档案原图,https://cdn.suruga-ya.jp/database/pics_webp/game/508210250.jpg.webp,档案单品原图
KR-MER-0379,DREAM LIVE 6th Ring Light,鬼龍紅郎 リングライト 「DREAM LIVE -6th Tour “Synchronic Spheres”-」,DREAM LIVE,非官图已撤,非官方图片来源：static.mercdn.net,从网页展示层撤下；不补图,实图已入库,assets/images/KR-MER-0379.webp,https://static.mercdn.net/item/detail/orig/photos/m19030131414_1.jpg?1686314636,Mercari精确6th鬼龍紅郎单品实物＋DREAM LIVE 6th官方商品线,https://static.mercdn.net/item/detail/orig/photos/m19030131414_1.jpg?1686314636,精确二手角色单品实物图
KR-MER-0380,Allied Worlds Ring Light A,鬼龍紅郎 RingLight Collection A 「DREAM LIVE 7th Tour -Allied Worlds-」,ムービック,非官图已撤,非官方图片来源：cdn.suruga-ya.jp,从网页展示层撤下；不补图,实图已入库,,https://cdn.suruga-ya.jp/database/pics_webp/game/508649693.jpg.webp,駿河屋角色单品档案原图,https://cdn.suruga-ya.jp/database/pics_webp/game/508649693.jpg.webp,档案单品原图
KR-MER-0381,DREAM LIVE 8th Praesepe Ring Light,鬼龍紅郎(紅月) 「あんさんぶるスターズ!! DREAM LIVE -8th Tour “Praesepe #Cancer”- リングライトコレクション ver.Praesepe/B」,DREAM LIVE,非官图已撤,非官方图片来源：cdn.suruga-ya.jp,从网页展示层撤下；不补图,实图已入库,,https://cdn.suruga-ya.jp/database/pics_webp/game/560235833.jpg.webp,駿河屋角色单品档案原图,https://cdn.suruga-ya.jp/database/pics_webp/game/560235833.jpg.webp,档案单品原图
KR-MER-0382,DREAM LIVE 8th Penlight Wristlet,鬼龍紅郎(紅月) ペンライトリスレット ver.Praesepe 「あんさんぶるスターズ!! DREAM LIVE -8th Tour “Praesepe #Cancer”-」,DREAM LIVE,非官图已撤,非官方图片来源：cdn.suruga-ya.jp,从网页展示层撤下；不补图,实图已入库,,https://cdn.suruga-ya.jp/database/pics_webp/game/560235893.jpg.webp,駿河屋角色单品档案原图,https://cdn.suruga-ya.jp/database/pics_webp/game/560235893.jpg.webp,档案单品原图
KR-MER-0386,chill Light Panel,鬼龍紅郎 chillライトパネル 「あんさんぶるスターズ!!」,amie,非官图已撤,非官方图片来源：cdn.suruga-ya.jp,从网页展示层撤下；不补图,实图已入库,,https://cdn.suruga-ya.jp/database/pics_webp/game/561033795.jpg.webp,駿河屋角色单品档案原图,https://cdn.suruga-ya.jp/database/pics_webp/game/561033795.jpg.webp,档案单品原图
KR-MER-0387,Magical Stick Kuro,39.鬼龍紅郎 マジカルステッキ 「あんさんぶるスターズ!!」,エンスカイ,非官图已撤,非官方图片来源：cdn.suruga-ya.jp,从网页展示层撤下；不补图,实图已入库,assets/images/KR-MER-0387.webp,https://cdn.suruga-ya.jp/database/pics_webp/game/561004524.jpg.webp,駿河屋鬼龍紅郎角色单品档案原图,https://cdn.suruga-ya.jp/database/pics_webp/game/561004524.jpg.webp,档案单品原图
KR-MER-0389,10周年 Case & Sticker Set,鬼龍紅郎 ケース＆ステッカーセット 「あんさんぶるスターズ!! 10周年展示会 Bright me up!!」,pattythree,非官图已撤,非官方图片来源：cdn.suruga-ya.jp,从网页展示层撤下；不补图,实图已入库,,https://cdn.suruga-ya.jp/database/pics_webp/game/561709388.jpg.webp,駿河屋角色单品档案原图,https://cdn.suruga-ya.jp/database/pics_webp/game/561709388.jpg.webp,档案单品原图
KR-MER-0391,Feature Scout2 2022 SUMMER Idol,鬼龍紅郎 「あんさんぶるスターズ!! フィーチャースカウト2缶バッジ[2022 SUMMER]-Idol Side-」,pattythree,来源不明已撤,图片来源URL缺失，不能证明为官图,从网页展示层撤下；不补图,实图已入库,assets/images/KR-MER-0391.webp,,公开真实商品图/旧图鉴迁移,,既有实图
KR-MER-0392,Feature Scout2 2022 SUMMER Casual,鬼龍紅郎 「あんさんぶるスターズ!! フィーチャースカウト2缶バッジ[2022 SUMMER]-Casual Side-」,pattythree,来源不明已撤,图片来源URL缺失，不能证明为官图,从网页展示层撤下；不补图,实图已入库,assets/images/KR-MER-0392.webp,,公开真实商品图/旧图鉴迁移,,既有实图
KR-MER-0393,Feature Scout2 2023 AUTUMN Casual,鬼龍紅郎 「あんさんぶるスターズ!! フィーチャースカウト2缶バッジ[2023 AUTUMN]-Casual Side-」,pattythree,来源不明已撤,图片来源URL缺失，不能证明为官图,从网页展示层撤下；不补图,实图已入库,assets/images/KR-MER-0393.webp,,公开真实商品图/旧图鉴迁移,,既有实图
KR-MER-0394,Collection 2024 Oct. Casual,鬼龍紅郎 「あんさんぶるスターズ!! コレクション缶バッジ[2024 Oct.]-Casual Side-」,pattythree,来源不明已撤,图片来源URL缺失，不能证明为官图,从网页展示层撤下；不补图,实图已入库,assets/images/KR-MER-0394.webp,,公开真实商品图/旧图鉴迁移,,既有实图
KR-MER-0395,Collection 2025 May Casual,鬼龍紅郎 「あんさんぶるスターズ!! コレクション缶バッジ[2025 May]-Casual Side-」,pattythree,来源不明已撤,图片来源URL缺失，不能证明为官图,从网页展示层撤下；不补图,实图已入库,assets/images/KR-MER-0395.webp,,公开真实商品图/旧图鉴迁移,,既有实图
KR-MER-0396,9周年 Fragment Acrylic Stand FLARE,鬼龍紅郎 ES 9th Anniv. フラグメントアクリルスタンド FLARE 「あんさんぶるスターズ!!」,pattythree,非官图已撤,非官方图片来源：cdn.suruga-ya.jp,从网页展示层撤下；不补图,实图已入库,,https://cdn.suruga-ya.jp/database/pics_webp/game/561080826.jpg.webp,駿河屋角色单品档案原图,https://cdn.suruga-ya.jp/database/pics_webp/game/561080826.jpg.webp,档案单品原图
KR-MER-0397,Star Keyholder Sparkle Vol.7,鬼龍紅郎 「あんさんぶるスターズ!! スターキーホルダーコレクションSparkle Vol.7」,amie,非官图已撤,非官方图片来源：cdn.suruga-ya.jp,从网页展示层撤下；不补图,实图已入库,,https://cdn.suruga-ya.jp/database/pics_webp/game/561492604.jpg.webp,駿河屋角色单品档案原图,https://cdn.suruga-ya.jp/database/pics_webp/game/561492604.jpg.webp,档案单品原图
KR-MER-0398,みにコレ 前发夹2 Vol.7,鬼龍紅郎 「あんさんぶるスターズ!! みにコレ!前髪クリップ2 vol.7」,エスケイジャパン,非官图已撤,非官方图片来源：cdn.suruga-ya.jp,从网页展示层撤下；不补图,实图已入库,,https://cdn.suruga-ya.jp/database/pics_webp/game/871879452.jpg.webp,駿河屋角色单品档案原图＋SK JAPAN公式,https://cdn.suruga-ya.jp/database/pics_webp/game/871879452.jpg.webp,档案单品原图
KR-MER-0399,DREAM LIVEくじ Clear Photo Card 2,鬼龍紅郎 クリアフォトカード2 「あんさんぶるスターズ!! DREAM LIVEくじ」 D賞,ローソンエンタテインメント,非官图已撤,非官方图片来源：cdn.suruga-ya.jp,从网页展示层撤下；不补图,实图已入库,assets/images/KR-MER-0399.webp,https://cdn.suruga-ya.jp/database/pics_webp/game/892723938.jpg.webp,駿河屋角色单品档案原图,https://cdn.suruga-ya.jp/database/pics_webp/game/892723938.jpg.webp,档案单品原图
KR-MER-0400,Starry Symphony Superbloom Heart Badge C,鬼龍紅郎 「あんさんぶるスターズ!! Cast Live Starry Symphony 4th -Superbloom- ハート缶バッジコレクション -Superbloom- ＜C：ALKALOID/紅月/Switch＞,ソニー・ミュージックソリューションズ,非官图已撤,非官方图片来源：cdn.suruga-ya.jp,从网页展示层撤下；不补图,实图已入库,assets/images/KR-MER-0400.webp,https://cdn.suruga-ya.jp/database/pics_webp/game/889017525.jpg.webp,駿河屋角色单品档案原图,https://cdn.suruga-ya.jp/database/pics_webp/game/889017525.jpg.webp,档案单品原图
KR-MER-0401,Starry Symphony Superbloom Card Collection B,鬼龍紅郎 「あんさんぶるスターズ!! Cast Live Starry Symphony 4th -Superbloom- カードコレクション -Superbloom- ＜A：流星隊/ALKALOID/Crazy：B/Ra*bits/紅月/Knights/J＆A＞,ソニー・ミュージックソリューションズ,非官图已撤,非官方图片来源：cdn.suruga-ya.jp,从网页展示层撤下；不补图,实图已入库,assets/images/KR-MER-0401.webp,https://cdn.suruga-ya.jp/database/pics_webp/game/892458711.jpg.webp,駿河屋角色单品档案原图,https://cdn.suruga-ya.jp/database/pics_webp/game/892458711.jpg.webp,档案单品原图
KR-MER-0403,TRIP gracolle CANBA!! box A,鬼龍紅郎 「あんさんぶるスターズ!! gracolle CANBA!! ALBUM SERIES TRIP box A」,pattythree,非官图已撤,非官方图片来源：cdn.suruga-ya.jp,从网页展示层撤下；不补图,实图已入库,,https://cdn.suruga-ya.jp/database/pics_webp/game/871420470.jpg.webp,駿河屋角色单品档案原图,https://cdn.suruga-ya.jp/database/pics_webp/game/871420470.jpg.webp,档案单品原图
KR-MER-0404,ENSEMBLE HOLIDAY CoLotta Vol.5 C,鬼龍紅郎 「あんさんぶるスターズ!! ENSEMBLE HOLIDAY!!×animatecafe CoLotta vol.5 Cグループ」,アニメイト,非官图已撤,非官方图片来源：cdn.suruga-ya.jp,从网页展示层撤下；不补图,实图已入库,,https://cdn.suruga-ya.jp/database/pics_webp/game/560709074.jpg.webp,駿河屋鬼龍紅郎角色单品档案原图,https://cdn.suruga-ya.jp/database/pics_webp/game/560709074.jpg.webp,档案单品原图
KR-MER-0405,ENSEMBLE HOLIDAY Cafe杯垫 C,鬼龍紅郎 コースター(Cグループ) 「あんさんぶるスターズ!! ENSEMBLE HOLIDAY!!×animatecafe」,アニメイト,非官图已撤,非官方图片来源：cdn.suruga-ya.jp,从网页展示层撤下；不补图,实图已入库,,https://cdn.suruga-ya.jp/database/pics_webp/game/992218219.jpg.webp,駿河屋鬼龍紅郎角色单品档案原图,https://cdn.suruga-ya.jp/database/pics_webp/game/992218219.jpg.webp,档案单品原图
KR-MER-0406,ENSEMBLE HOLIDAY 描起亚克力立牌 C,鬼龍紅郎 「あんさんぶるスターズ!! ENSEMBLE HOLIDAY!!×animatecafe 描き起こしビジュアル アクリルスタンドコレクション(Cグループ)」,アニメイト,非官图已撤,非官方图片来源：cdn.suruga-ya.jp,从网页展示层撤下；不补图,实图已入库,,https://cdn.suruga-ya.jp/database/pics_webp/game/560709015.jpg.webp,駿河屋鬼龍紅郎角色单品档案原图,https://cdn.suruga-ya.jp/database/pics_webp/game/560709015.jpg.webp,档案单品原图
KR-MER-0407,Starry Symphony dead of night票风全息卡,鬼龍紅郎 「あんさんぶるスターズ!! CAST LIVE Starry Symphony -the dead of night- チケット風ホロカードコレクション」,ソニー・ミュージックソリューションズ,非官图已撤,非官方图片来源：cdn.suruga-ya.jp,从网页展示层撤下；不补图,实图已入库,assets/images/KR-MER-0407.webp,,駿河屋角色单品档案原图,https://cdn.suruga-ya.jp/pics_webp/boxart_bn/892187521-0001.jpg.webp?v=807f3552973b8f8ab8f9,档案单品原图
KR-MER-0408,Starry Symphony × 卡拉铁亚克力搅拌棒,鬼龍紅郎 「あんさんぶるスターズ!! Cast Live Starry Symphony -the dead of night-×カラオケの鉄人 トレーディングアクリルマドラー」,鉄人化計画,非官图已撤,非官方图片来源：cdn.suruga-ya.jp,从网页展示层撤下；不补图,实图已入库,assets/images/KR-MER-0408.webp,,駿河屋角色单品档案原图,https://cdn.suruga-ya.jp/database/pics_webp/game/992180084.jpg.webp,档案单品原图
KR-MER-0409,Star Keyholder Autumn ver.,鬼龍紅郎 「あんさんぶるスターズ! スターキーホルダーコレクション Autumn ver.」,amie,非官图已撤,非官方图片来源：cdn.suruga-ya.jp,从网页展示层撤下；不补图,实图已入库,,https://cdn.suruga-ya.jp/pics_webp/boxart_m/608514398m.jpg.webp,駿河屋角色档案缩略图,https://cdn.suruga-ya.jp/pics_webp/boxart_m/608514398m.jpg.webp,档案缩略图・待大图升级
KR-MER-0410,Acrylic Keyholder Collection 第四弹,鬼龍紅郎 「あんさんぶるスターズ! アクリルキーホルダーコレクション 第四弾」,amie,非官图已撤,非官方图片来源：cdn.suruga-ya.jp,从网页展示层撤下；不补图,实图已入库,,https://cdn.suruga-ya.jp/database/pics_webp/game/608875243.jpg.webp,駿河屋角色单品档案原图,https://cdn.suruga-ya.jp/database/pics_webp/game/608875243.jpg.webp,档案单品原图
KR-MER-0411,Star Keyholder Everyday! Vol.2,鬼龍紅郎 「あんさんぶるスターズ!! スターキーホルダーコレクション Everyday! Vol.2」,amie,非官图已撤,非官方图片来源：cdn.suruga-ya.jp,从网页展示层撤下；不补图,实图已入库,,https://cdn.suruga-ya.jp/database/pics_webp/game/508489376.jpg.webp,駿河屋角色单品档案原图,https://cdn.suruga-ya.jp/database/pics_webp/game/508489376.jpg.webp,档案单品原图
KR-MER-0412,Crossroad 一番赏亚克力夹 G赏,鬼龍紅郎(追憶*それぞれのクロスロード) アクリルクリップ 「一番くじ あんさんぶるスターズ!～追憶セレクション メモリアル～」 G賞,BANDAI SPIRITS,非官图已撤,非官方图片来源：www.suruga-ya.jp,从网页展示层撤下；不补图,实图已入库,assets/images/KR-MER-0412.webp,,Crossroad封口图片工程,https://www.suruga-ya.jp/product/detail/560340346,封口主图
KR-MER-0413,Enstars Chips Vol.3 3D卡,鬼龍紅郎(3D) 「あんさんぶるスターズ!!チップスVol.3」,eStream,非官图已撤,非官方图片来源：cdn.suruga-ya.jp,从网页展示层撤下；不补图,实图已入库,assets/images/KR-MER-0413.webp,https://cdn.suruga-ya.jp/database/pics_webp/game/666004698.jpg.webp,駿河屋角色单品档案原图,https://cdn.suruga-ya.jp/database/pics_webp/game/666004698.jpg.webp,档案单品原图
KR-MER-0414,TWINKLE ARCANA STAND 第4弹,鬼龍紅郎 TWINKLE ARCANA STAND [Puffy☆Bunny ＆ 舞闘会] 「あんさんぶるスターズ!!」,エンスカイ,非官图已撤,非官方图片来源：cdn.suruga-ya.jp,从网页展示层撤下；不补图,实图已入库,,https://cdn.suruga-ya.jp/database/pics_webp/game/560220179.jpg.webp,駿河屋角色单品档案原图＋AmiAmi商品规格,https://cdn.suruga-ya.jp/database/pics_webp/game/560220179.jpg.webp,档案单品原图
KR-MER-0441,Collection 2026 Jun. Idol Side,鬼龍紅郎 「あんさんぶるスターズ!! コレクション缶バッジ[2026 Jun.]-Idol Side-」,pattythree,来源不明已撤,图片来源URL缺失，不能证明为官图,从网页展示层撤下；不补图,实图已入库,assets/images/KR-MER-0441.webp,,公开真实商品图/旧图鉴迁移,,既有实图
KR-MER-0442,Collection 2026 Jun. Casual Side,鬼龍紅郎 「あんさんぶるスターズ!! コレクション缶バッジ[2026 Jun.]-Casual Side-」,pattythree,来源不明已撤,图片来源URL缺失，不能证明为官图,从网页展示层撤下；不补图,实图已入库,assets/images/KR-MER-0442.webp,,公开真实商品图/旧图鉴迁移,,既有实图
KR-MER-0443,ぴくりあ Premium Vol.2,鬼龍紅郎 「あんさんぶるスターズ!! ぴくりあコレクションPremium Vol.2」,amie,非官图已撤,非官方图片来源：cdn.suruga-ya.jp,从网页展示层撤下；不补图,实图已入库,assets/images/KR-MER-0443.webp,https://cdn.suruga-ya.jp/database/pics_webp/game/892193237.jpg.webp,駿河屋角色单品档案原图,https://cdn.suruga-ya.jp/database/pics_webp/game/892193237.jpg.webp,档案单品原图
KR-MER-0444,ちみぽっけ Collection Vol.4,鬼龍紅郎 「あんさんぶるスターズ!! ちみぽっけコレクション Vol.4」,amie,非官图已撤,非官方图片来源：cdn.suruga-ya.jp,从网页展示层撤下；不补图,实图已入库,,https://cdn.suruga-ya.jp/database/pics_webp/game/560328102.jpg.webp,駿河屋角色单品档案原图,https://cdn.suruga-ya.jp/database/pics_webp/game/560328102.jpg.webp,档案单品原图
KR-MER-0445,Jewelry Plate Collection Vol.4,鬼龍紅郎 「あんさんぶるスターズ!! ジュエリープレートコレクション vol.4」,amie,非官图已撤,非官方图片来源：cdn.suruga-ya.jp,从网页展示层撤下；不补图,实图已入库,,https://images.weserv.nl/?url=https%3A%2F%2Fcdn.suruga-ya.jp%2Fdatabase%2Fpics_webp%2Fgame%2F561268260.jpg.webp&output=webp&q=92,駿河屋角色单品档案原图＋AmiAmi官方Family,https://cdn.suruga-ya.jp/database/pics_webp/game/561268260.jpg.webp,档案单品原图
KR-MER-0447,ちみ Ring Collection Vol.1,鬼龍紅郎 「あんさんぶるスターズ!! ちみリングコレクション Vol.1」,amie,非官图已撤,非官方图片来源：cdn.suruga-ya.jp,从网页展示层撤下；不补图,实图已入库,,https://cdn.suruga-ya.jp/database/pics_webp/game/508803009.jpg.webp,駿河屋角色单品档案原图,https://cdn.suruga-ya.jp/database/pics_webp/game/508803009.jpg.webp,档案单品原图
KR-MER-0450,おでかけ Photo Collection 第三弹,鬼龍紅郎 「あんさんぶるスターズ! おでかけフォトコレクション 第三弾」,amie,非官图已撤,非官方图片来源：cdn.suruga-ya.jp,从网页展示层撤下；不补图,实图已入库,,https://cdn.suruga-ya.jp/database/pics_webp/game/608612106.jpg.webp,駿河屋角色单品档案原图,https://cdn.suruga-ya.jp/database/pics_webp/game/608612106.jpg.webp,档案单品原图
KR-MER-0451,Petal徽章 Sugar Glitter C,鬼龍紅郎 「あんさんぶるスターズ! ペタル缶バッジコレクション シュガーラメver. C」,amie,非官图已撤,非官方图片来源：cdn.suruga-ya.jp,从网页展示层撤下；不补图,实图已入库,,https://cdn.suruga-ya.jp/database/pics_webp/game/871054303.jpg.webp,駿河屋角色单品档案原图,https://cdn.suruga-ya.jp/database/pics_webp/game/871054303.jpg.webp,档案单品原图
KR-MER-0452,Petal徽章 第八弹,鬼龍紅郎 「あんさんぶるスターズ! ペタル缶バッジコレクション 第八弾」,amie,非官图已撤,非官方图片来源：cdn.suruga-ya.jp,从网页展示层撤下；不补图,实图已入库,,https://cdn.suruga-ya.jp/database/pics_webp/game/871712953.jpg.webp,駿河屋角色单品档案原图,https://cdn.suruga-ya.jp/database/pics_webp/game/871712953.jpg.webp,档案单品原图
KR-MER-0453,Petal徽章 memories C,鬼龍紅郎 「あんさんぶるスターズ! ペタル缶バッジコレクション memories ver. C」,amie,非官图已撤,非官方图片来源：cdn.suruga-ya.jp,从网页展示层撤下；不补图,实图已入库,,https://cdn.suruga-ya.jp/database/pics_webp/game/871054272.jpg.webp,駿河屋角色单品档案原图,https://cdn.suruga-ya.jp/database/pics_webp/game/871054272.jpg.webp,档案单品原图
KR-MER-0454,Petal徽章 第四弹,鬼龍紅郎 「あんさんぶるスターズ! ペタル缶バッジコレクション 第四弾」,amie,非官图已撤,非官方图片来源：cdn.suruga-ya.jp,从网页展示层撤下；不补图,实图已入库,,https://cdn.suruga-ya.jp/database/pics_webp/game/871673270.jpg.webp,駿河屋角色单品档案原图,https://cdn.suruga-ya.jp/database/pics_webp/game/871673270.jpg.webp,档案单品原图
KR-MER-0455,Star Keyholder Unit 第四弹,鬼龍紅郎 「あんさんぶるスターズ! スターキーホルダーコレクション Unit ver.第四弾」,amie,非官图已撤,非官方图片来源：cdn.suruga-ya.jp,从网页展示层撤下；不补图,实图已入库,,https://cdn.suruga-ya.jp/database/pics_webp/game/608822149.jpg.webp,駿河屋角色单品档案原图,https://cdn.suruga-ya.jp/database/pics_webp/game/608822149.jpg.webp,档案单品原图
KR-MER-0456,おなまえ Acrylic Keyholder Vol.4,鬼龍紅郎 「あんさんぶるスターズ!! おなまえアクキーコレクション Vol.4」,amie,非官图已撤,非官方图片来源：cdn.suruga-ya.jp,从网页展示层撤下；不补图,实图已入库,,https://cdn.suruga-ya.jp/database/pics_webp/game/508059562.jpg.webp,駿河屋角色单品档案原图,https://cdn.suruga-ya.jp/database/pics_webp/game/508059562.jpg.webp,档案单品原图
KR-MER-0457,Petal徽章 memories B,鬼龍紅郎 「あんさんぶるスターズ! ペタル缶バッジコレクション memories ver. B」,amie,非官图已撤,非官方图片来源：cdn.suruga-ya.jp,从网页展示层撤下；不补图,实图已入库,,https://cdn.suruga-ya.jp/database/pics_webp/game/871054262.jpg.webp,駿河屋角色单品档案原图,https://cdn.suruga-ya.jp/database/pics_webp/game/871054262.jpg.webp,档案单品原图
KR-MER-0458,Sign Sticker 第二弹,鬼龍紅郎 「あんさんぶるスターズ! サインステッカー 第二弾」,amie,非官图已撤,非官方图片来源：cdn.suruga-ya.jp,从网页展示层撤下；不补图,实图已入库,assets/images/KR-MER-0458.webp,https://cdn.suruga-ya.jp/database/pics_webp/game/859021806.jpg.webp,駿河屋角色单品档案原图,https://cdn.suruga-ya.jp/database/pics_webp/game/859021806.jpg.webp,档案单品原图
KR-MER-0459,Sign Sticker ver.2 第二弹,鬼龍紅郎 「あんさんぶるスターズ! サインステッカー ver.2 第二弾」,amie,非官图已撤,非官方图片来源：cdn.suruga-ya.jp,从网页展示层撤下；不补图,实图已入库,assets/images/KR-MER-0459.webp,https://cdn.suruga-ya.jp/database/pics_webp/game/859018847.jpg.webp,駿河屋角色单品档案原图,https://cdn.suruga-ya.jp/database/pics_webp/game/859018847.jpg.webp,档案单品原图
KR-MER-0460,Acrylic Diorama 第三弹,鬼龍紅郎 「あんさんぶるスターズ! アクリルジオラマコレクション 第三弾」,amie,非官图已撤,非官方图片来源：cdn.suruga-ya.jp,从网页展示层撤下；不补图,实图已入库,,https://cdn.suruga-ya.jp/database/pics_webp/game/608507447.jpg.webp,駿河屋角色单品档案原图,https://cdn.suruga-ya.jp/database/pics_webp/game/608507447.jpg.webp,档案单品原图
KR-MER-0465,Garland Collection 第二弹,鬼龍紅郎 「あんさんぶるスターズ! ガーランドコレクション 第二弾」,amie,非官图已撤,非官方图片来源：cdn.suruga-ya.jp,从网页展示层撤下；不补图,实图已入库,,https://cdn.suruga-ya.jp/database/pics_webp/game/508111385.jpg.webp,駿河屋角色单品档案原图＋AmiAmi官方Family,https://cdn.suruga-ya.jp/database/pics_webp/game/508111385.jpg.webp,档案单品原图
KR-MER-0466,Star Keyholder Brand New Vol.2,鬼龍紅郎 「あんさんぶるスターズ!! スターキーホルダーコレクション Brand New! Vol.2」,amie,非官图已撤,非官方图片来源：cdn.suruga-ya.jp,从网页展示层撤下；不补图,实图已入库,,https://cdn.suruga-ya.jp/database/pics_webp/game/508383570.jpg.webp,駿河屋角色单品档案原图,https://cdn.suruga-ya.jp/database/pics_webp/game/508383570.jpg.webp,档案单品原图
KR-MER-0467,Cookie Code Reel 第二弹,鬼龍紅郎 「あんさんぶるスターズ! クッキーコードリール 第二弾」,amie,非官图已撤,非官方图片来源：cdn.suruga-ya.jp,从网页展示层撤下；不补图,实图已入库,,https://cdn.suruga-ya.jp/database/pics_webp/game/878012188.jpg.webp,駿河屋角色单品档案原图＋AmiAmi官方Family,https://cdn.suruga-ya.jp/database/pics_webp/game/878012188.jpg.webp,档案单品原图
KR-MER-0468,Clear Key Charm Vol.3,鬼龍紅郎 「あんさんぶるスターズ!! クリアキーチャーム Vol.3」,amie,非官图已撤,非官方图片来源：cdn.suruga-ya.jp,从网页展示层撤下；不补图,实图已入库,,https://cdn.suruga-ya.jp/database/pics_webp/game/508161671.jpg.webp,駿河屋角色单品档案原图＋AmiAmi官方Family,https://cdn.suruga-ya.jp/database/pics_webp/game/508161671.jpg.webp,档案单品原图
KR-MER-0469,Big Sign Sticker 第二弹,鬼龍紅郎 「あんさんぶるスターズ! ビッグサインステッカー 第二弾」,amie（大網）,非官图已撤,非官方图片来源：cdn.suruga-ya.jp,从网页展示层撤下；不补图,实图已入库,,https://cdn.suruga-ya.jp/database/pics_webp/game/859045901.jpg.webp,駿河屋角色单品档案原图,https://cdn.suruga-ya.jp/database/pics_webp/game/859045901.jpg.webp,档案单品原图
KR-MER-0474,Candy Charm Collection Vol.1,鬼龍紅郎 「あんさんぶるスターズ!! キャンディチャームコレクション Vol.1」,amie,非官图已撤,非官方图片来源：cdn.suruga-ya.jp,从网页展示层撤下；不补图,实图已入库,assets/images/KR-MER-0474.webp,https://cdn.suruga-ya.jp/database/pics_webp/game/508827547.jpg.webp,駿河屋全10種セット档案原图・无歧义定位裁切,https://cdn.suruga-ya.jp/database/pics_webp/game/508827547.jpg.webp,駿河屋全套档案原图・角色无歧义裁切
KR-MER-0476,Bukubu Emote Holo Sticker Vol.2,鬼龍紅郎(悩み中) 「あんさんぶくぶスターズ!! エモートホロステッカー vol.2」,amie,非官图已撤,非官方图片来源：cdn.suruga-ya.jp,从网页展示层撤下；不补图,实图已入库,,https://cdn.suruga-ya.jp/database/pics_webp/game/859127870.jpg.webp,駿河屋『悩み中』单品原图＋AmiAmi官方角色阵容映射,https://cdn.suruga-ya.jp/database/pics_webp/game/859127870.jpg.webp,角色单品原图
KR-MER-0484,おまんじゅう前发夹 F,鬼龍紅郎 「あんさんぶるスターズ!! おまんじゅう前髪クリップ F」,エンスカイ,非官图已撤,非官方图片来源：img.amiami.jp,从网页展示层撤下；不补图,官方图已入库,assets/images/KR-MER-0484.webp,https://img.amiami.jp/images/product/main/243/GOODS-04534042.jpg,AmiAmi官方全9種商品图・阵容顺序无歧义定位裁切,https://img.amiami.jp/images/product/main/243/GOODS-04534042.jpg,官方全套商品图・角色无歧义裁切
KR-MER-0485,もちもち Vol.13 普通版,鬼龍紅郎 「もちもちマスコット あんさんぶるスターズ!! Vol.13」,エスケイジャパン,非官图已撤,非官方图片来源：img21.shop-pro.jp,从网页展示层撤下；不补图,实图已入库,assets/images/KR-MER-0485.webp,https://img21.shop-pro.jp/PA01468/075/product/190442561.jpg?cmsp_timestamp=20260207171403,REALiZE鬼龍紅郎独立商品图＋SK-Japan官方Family直证,https://img21.shop-pro.jp/PA01468/075/product/190442561.jpg?cmsp_timestamp=20260207171403,精确二手/零售角色商品图
KR-MER-0486,Onamae Pitan-ko Rubber Mascot Vol.7,鬼龍紅郎 「あんさんぶるスターズ!! おなまえぴたんコ ラバーマスコット Vol.7」,アルジャーノンプロダクト,非官图已撤,非官方图片来源：cdn.suruga-ya.jp,从网页展示层撤下；不补图,实图已入库,assets/images/KR-MER-0486.webp,https://cdn.suruga-ya.jp/database/pics_webp/game/571659360.jpg.webp,駿河屋BOX档案原图・无歧义定位裁切,https://cdn.suruga-ya.jp/database/pics_webp/game/571659360.jpg.webp,駿河屋BOX档案原图・角色无歧义裁切
KR-MER-0487,Feature Scout2 2024 SPRING Casual,鬼龍紅郎 「あんさんぶるスターズ!! フィーチャースカウト2缶バッジ[2024 SPRING]-Casual Side-」,pattythree,来源不明已撤,图片来源URL缺失，不能证明为官图,从网页展示层撤下；不补图,实图已入库,assets/images/KR-MER-0487.webp,,公开真实商品图/旧图鉴迁移,,既有实图
KR-MER-0488,Feature Scout 2021 WINTER Idol,鬼龍紅郎 「あんさんぶるスターズ!! フィーチャースカウト缶バッジ[2021 WINTER]-Idol Side-」,フロンティアワークス,非官图已撤,非官方图片来源：jp.mercari.com,从网页展示层撤下；不补图,实图已入库,,https://static.mercdn.net/item/detail/orig/photos/m69517677969_1.jpg?1739706460=,公开真实商品图/旧图鉴迁移,https://jp.mercari.com/item/m69517677969,二手实物图/圆形裁切
KR-MER-0489,Theme Scout 2022 WINTER Casual,鬼龍紅郎 「あんさんぶるスターズ!! テーマスカウト缶バッジ [2022 WINTER]-Casual Side-」,pattythree,来源不明已撤,图片来源URL缺失，不能证明为官图,从网页展示层撤下；不补图,实图已入库,assets/images/KR-MER-0489.webp,,公开真实商品图/旧图鉴迁移,,既有实图
KR-MER-0491,Clear Card 初代 No.26 / Normal,No.26[ノーマルカード]：鬼龍紅郎 「あんさんぶるスターズ! クリアカードコレクションガム」,エンスカイ,非官图已撤,非官方图片来源：cdn.suruga-ya.jp,从网页展示层撤下；不补图,实图已入库,assets/images/KR-MER-0491.webp,https://cdn.suruga-ya.jp/database/pics_webp/game/g4432641.jpg.webp,駿河屋角色单品档案原图,https://cdn.suruga-ya.jp/database/pics_webp/game/g4432641.jpg.webp,档案单品原图
KR-MER-0492,Clear Card 初代 No.57 / Normal,No.57[ノーマルカード]：鬼龍紅郎 「あんさんぶるスターズ! クリアカードコレクションガム」,エンスカイ,非官图已撤,非官方图片来源：cdn.suruga-ya.jp,从网页展示层撤下；不补图,实图已入库,assets/images/KR-MER-0492.webp,https://cdn.suruga-ya.jp/database/pics_webp/game/g4432672.jpg.webp,駿河屋角色单品档案原图,https://cdn.suruga-ya.jp/database/pics_webp/game/g4432672.jpg.webp,档案单品原图
KR-MER-0493,Clear Card Vol.2 No.88 / Normal,No.88[ノーマルカード]：鬼龍紅郎 「あんさんぶるスターズ! クリアカードコレクションガム2」,エンスカイ,非官图已撤,非官方图片来源：cdn.suruga-ya.jp,从网页展示层撤下；不补图,实图已入库,assets/images/KR-MER-0493.webp,https://cdn.suruga-ya.jp/database/pics_webp/game/g3025564.jpg.webp,駿河屋角色单品档案原图,https://cdn.suruga-ya.jp/database/pics_webp/game/g3025564.jpg.webp,档案单品原图
KR-MER-0494,Clear Card Vol.2 No.119 / Normal,No.119[ノーマルカード]：鬼龍紅郎 「あんさんぶるスターズ! クリアカードコレクションガム2」,エンスカイ,非官图已撤,非官方图片来源：cdn.suruga-ya.jp,从网页展示层撤下；不补图,实图已入库,assets/images/KR-MER-0494.webp,https://cdn.suruga-ya.jp/database/pics_webp/game/g3025595.jpg.webp,駿河屋角色单品档案原图,https://cdn.suruga-ya.jp/database/pics_webp/game/g3025595.jpg.webp,档案单品原图
KR-MER-0495,Clear Card Vol.3 No.151 / Normal,No.151[ノーマルカード]：鬼龍紅郎 「あんさんぶるスターズ! クリアカードコレクションガム3」,エンスカイ,非官图已撤,非官方图片来源：cdn.suruga-ya.jp,从网页展示层撤下；不补图,实图已入库,assets/images/KR-MER-0495.webp,https://cdn.suruga-ya.jp/database/pics_webp/game/g3151166.jpg.webp,駿河屋角色单品档案原图,https://cdn.suruga-ya.jp/database/pics_webp/game/g3151166.jpg.webp,档案单品原图
KR-MER-0496,Clear Card Vol.3 No.184 / Normal,No.184[ノーマルカード]：鬼龍紅郎 「あんさんぶるスターズ! クリアカードコレクションガム3」,エンスカイ,非官图已撤,非官方图片来源：cdn.suruga-ya.jp,从网页展示层撤下；不补图,实图已入库,assets/images/KR-MER-0496.webp,https://cdn.suruga-ya.jp/database/pics_webp/game/g3151199.jpg.webp,駿河屋角色单品档案原图,https://cdn.suruga-ya.jp/database/pics_webp/game/g3151199.jpg.webp,档案单品原图
KR-MER-0497,Clear Card Vol.3 SP18 / Special,SP18[スペシャルカード]：鬼龍紅郎 「あんさんぶるスターズ! クリアカードコレクションガム3」,エンスカイ,非官图已撤,非官方图片来源：cdn.suruga-ya.jp,从网页展示层撤下；不补图,实图已入库,assets/images/KR-MER-0497.webp,https://cdn.suruga-ya.jp/database/pics_webp/game/g3151207.jpg.webp,駿河屋角色单品档案原图,https://cdn.suruga-ya.jp/database/pics_webp/game/g3151207.jpg.webp,档案单品原图
KR-MER-0498,Clear Card Vol.4 No.217 / Normal,No.217[ノーマルカード]：鬼龍紅郎 「あんさんぶるスターズ! クリアカードコレクションガム4」,エンスカイ,非官图已撤,非官方图片来源：cdn.suruga-ya.jp,从网页展示层撤下；不补图,实图已入库,assets/images/KR-MER-0498.webp,https://cdn.suruga-ya.jp/database/pics_webp/game/g3352770.jpg.webp,駿河屋角色单品档案原图,https://cdn.suruga-ya.jp/database/pics_webp/game/g3352770.jpg.webp,档案单品原图
KR-MER-0499,Clear Card Vol.4 No.250 / Normal,No.250[ノーマルカード]：鬼龍紅郎 「あんさんぶるスターズ! クリアカードコレクションガム4」,エンスカイ,非官图已撤,非官方图片来源：cdn.suruga-ya.jp,从网页展示层撤下；不补图,实图已入库,assets/images/KR-MER-0499.webp,https://cdn.suruga-ya.jp/database/pics_webp/game/g3352801.jpg.webp,駿河屋角色单品档案原图,https://cdn.suruga-ya.jp/database/pics_webp/game/g3352801.jpg.webp,档案单品原图
KR-MER-0500,Clear Card Vol.5 No.285 / Normal,No.285[ノーマルカード]：鬼龍紅郎 「あんさんぶるスターズ! クリアカードコレクションガム5」,エンスカイ,非官图已撤,非官方图片来源：cdn.suruga-ya.jp,从网页展示层撤下；不补图,实图已入库,assets/images/KR-MER-0500.webp,https://cdn.suruga-ya.jp/database/pics_webp/game/g3407407.jpg.webp,駿河屋角色单品档案原图,https://cdn.suruga-ya.jp/database/pics_webp/game/g3407407.jpg.webp,档案单品原图
KR-MER-0501,Clear Card Vol.5 No.321 / Normal,No.321[ノーマルカード]：鬼龍紅郎 「あんさんぶるスターズ! クリアカードコレクションガム5」,エンスカイ,非官图已撤,非官方图片来源：cdn.suruga-ya.jp,从网页展示层撤下；不补图,实图已入库,assets/images/KR-MER-0501.webp,https://cdn.suruga-ya.jp/database/pics_webp/game/g3407443.jpg.webp,駿河屋角色单品档案原图,https://cdn.suruga-ya.jp/database/pics_webp/game/g3407443.jpg.webp,档案单品原图
KR-MER-0502,Clear Card Vol.6 No.357 / Normal,No.357[ノーマルカード]：鬼龍紅郎 「あんさんぶるスターズ! クリアカードコレクションガム6」,エンスカイ,非官图已撤,非官方图片来源：cdn.suruga-ya.jp,从网页展示层撤下；不补图,实图已入库,assets/images/KR-MER-0502.webp,https://cdn.suruga-ya.jp/database/pics_webp/game/g3578553.jpg.webp,駿河屋角色单品档案原图,https://cdn.suruga-ya.jp/database/pics_webp/game/g3578553.jpg.webp,档案单品原图
KR-MER-0503,Clear Card Vol.7 No.394 / Normal,No.394[ノーマルカード]：鬼龍紅郎 「あんさんぶるスターズ! クリアカードコレクションガム7」,エンスカイ,非官图已撤,非官方图片来源：cdn.suruga-ya.jp,从网页展示层撤下；不补图,实图已入库,assets/images/KR-MER-0503.webp,https://cdn.suruga-ya.jp/database/pics_webp/game/g3733416.jpg.webp,駿河屋角色单品档案原图,https://cdn.suruga-ya.jp/database/pics_webp/game/g3733416.jpg.webp,档案单品原图
KR-MER-0504,Clear Card Vol.7 SP72 / Special,SP72[スペシャルカード]：鬼龍紅郎 「あんさんぶるスターズ! クリアカードコレクションガム7」,エンスカイ,非官图已撤,非官方图片来源：cdn.suruga-ya.jp,从网页展示层撤下；不补图,实图已入库,assets/images/KR-MER-0504.webp,https://cdn.suruga-ya.jp/database/pics_webp/game/g3733435.jpg.webp,駿河屋角色单品档案原图,https://cdn.suruga-ya.jp/database/pics_webp/game/g3733435.jpg.webp,档案单品原图
KR-MER-0505,Clear Card Vol.8 No.431 / Normal,No.431[ノーマルカード]：鬼龍紅郎 「あんさんぶるスターズ! クリアカードコレクションガム8」,エンスカイ,非官图已撤,非官方图片来源：cdn.suruga-ya.jp,从网页展示层撤下；不补图,实图已入库,assets/images/KR-MER-0505.webp,https://cdn.suruga-ya.jp/database/pics_webp/game/g3888237.jpg.webp,駿河屋角色单品档案原图,https://cdn.suruga-ya.jp/database/pics_webp/game/g3888237.jpg.webp,档案单品原图
KR-MER-0506,Clear Card Vol.9 No.472 / Normal,No.472[ノーマルカード]：鬼龍紅郎 「あんさんぶるスターズ! クリアカードコレクションガム9」,エンスカイ,非官图已撤,非官方图片来源：cdn.suruga-ya.jp,从网页展示层撤下；不补图,实图已入库,assets/images/KR-MER-0506.webp,https://cdn.suruga-ya.jp/database/pics_webp/game/gg087985.jpg.webp,駿河屋角色单品档案原图,https://cdn.suruga-ya.jp/database/pics_webp/game/gg087985.jpg.webp,档案单品原图
KR-MER-0507,Clear Card Vol.10 No.513 / Normal,No.513[ノーマルカード]：鬼龍紅郎 「あんさんぶるスターズ! クリアカードコレクションガム10」,エンスカイ,非官图已撤,非官方图片来源：cdn.suruga-ya.jp,从网页展示层撤下；不补图,实图已入库,assets/images/KR-MER-0507.webp,https://cdn.suruga-ya.jp/database/pics_webp/game/gg292007.jpg.webp,駿河屋角色单品档案原图,https://cdn.suruga-ya.jp/database/pics_webp/game/gg292007.jpg.webp,档案单品原图
KR-MER-0508,Clear Card Vol.10 SP114 / Special,SP114[スペシャルカード]：鬼龍紅郎 「あんさんぶるスターズ! クリアカードコレクションガム10」,エンスカイ,非官图已撤,非官方图片来源：cdn.suruga-ya.jp,从网页展示层撤下；不补图,实图已入库,assets/images/KR-MER-0508.webp,https://cdn.suruga-ya.jp/database/pics_webp/game/gg292029.jpg.webp,駿河屋角色单品档案原图,https://cdn.suruga-ya.jp/database/pics_webp/game/gg292029.jpg.webp,档案单品原图
KR-MER-0509,Clear Card Vol.11 No.554 / Normal,No.554[ノーマルカード]：鬼龍紅郎 「あんさんぶるスターズ! クリアカードコレクションガム11」,エンスカイ,非官图已撤,非官方图片来源：cdn.suruga-ya.jp,从网页展示层撤下；不补图,实图已入库,assets/images/KR-MER-0509.webp,https://cdn.suruga-ya.jp/pics_webp/boxart_m/gg484629m.jpg.webp,駿河屋買取角色单品档案图,https://cdn.suruga-ya.jp/pics_webp/boxart_m/gg484629m.jpg.webp,档案单品原图
KR-MER-0510,Clear Card Vol.12 No.591 / Normal,No.591[ノーマルカード]：鬼龍紅郎 「あんさんぶるスターズ! クリアカードコレクションガム12」,エンスカイ,非官图已撤,非官方图片来源：cdn.suruga-ya.jp,从网页展示层撤下；不补图,实图已入库,assets/images/KR-MER-0510.webp,https://cdn.suruga-ya.jp/database/pics_webp/game/gg894621.jpg.webp,駿河屋角色单品档案原图,https://cdn.suruga-ya.jp/database/pics_webp/game/gg894621.jpg.webp,档案单品原图
KR-MER-0511,Clear Card !! 初代 No.039 / Normal,No.039[ノーマルカード]：鬼龍紅郎 「あんさんぶるスターズ!! クリアカードコレクションガム」,エンスカイ,非官图已撤,非官方图片来源：cdn.suruga-ya.jp,从网页展示层撤下；不补图,实图已入库,assets/images/KR-MER-0511.webp,https://cdn.suruga-ya.jp/database/pics_webp/game/gl425822.jpg.webp,駿河屋角色单品档案原图,https://cdn.suruga-ya.jp/database/pics_webp/game/gl425822.jpg.webp,档案单品原图
KR-MER-0512,Clear Card !! Vol.2 No.091 / Normal,No.091[ノーマルカード]：鬼龍紅郎 「あんさんぶるスターズ!! クリアカードコレクションガム2」,エンスカイ,非官图已撤,非官方图片来源：cdn.suruga-ya.jp,从网页展示层撤下；不补图,实图已入库,assets/images/KR-MER-0512.webp,https://cdn.suruga-ya.jp/database/pics_webp/game/gl968047.jpg.webp,駿河屋角色单品档案原图,https://cdn.suruga-ya.jp/database/pics_webp/game/gl968047.jpg.webp,档案单品原图
KR-MER-0513,Clear Card !! Vol.2 SP.33 / Special,SP.33[スペシャルカード]：鬼龍紅郎 「あんさんぶるスターズ!! クリアカードコレクションガム2」,エンスカイ,非官图已撤,非官方图片来源：cdn.suruga-ya.jp,从网页展示层撤下；不补图,实图已入库,assets/images/KR-MER-0513.webp,https://cdn.suruga-ya.jp/database/pics_webp/game/gl968076.jpg.webp,駿河屋角色单品档案原图,https://cdn.suruga-ya.jp/database/pics_webp/game/gl968076.jpg.webp,档案单品原图
KR-MER-0514,Clear Card !! Vol.3 No.140 / Normal,No.140[ノーマルカード]：鬼龍紅郎 「あんさんぶるスターズ!! クリアカードコレクションガム3」,エンスカイ,非官图已撤,非官方图片来源：cdn.suruga-ya.jp,从网页展示层撤下；不补图,实图已入库,assets/images/KR-MER-0514.webp,https://cdn.suruga-ya.jp/database/pics_webp/game/gn554057.jpg.webp,駿河屋角色单品档案原图,https://cdn.suruga-ya.jp/database/pics_webp/game/gn554057.jpg.webp,档案单品原图
KR-MER-0515,Clear Card !! Vol.4 No.189 / Normal,No.189[ノーマルカード]：鬼龍紅郎 「あんさんぶるスターズ!! クリアカードコレクションガム4」,エンスカイ,非官图已撤,非官方图片来源：cdn.suruga-ya.jp,从网页展示层撤下；不补图,实图已入库,assets/images/KR-MER-0515.webp,https://cdn.suruga-ya.jp/database/pics_webp/game/gu597485.jpg.webp,駿河屋角色单品档案原图,https://cdn.suruga-ya.jp/database/pics_webp/game/gu597485.jpg.webp,档案单品原图
KR-MER-0516,Capsule Can Badge -2nd LIVE-,鬼龍紅郎 「あんさんぶるスターズ! カプセル缶バッジコレクション-2nd LIVE-」,バンダイ,非官图已撤,非官方图片来源：cdn.suruga-ya.jp,从网页展示层撤下；不补图,实图已入库,,https://cdn.suruga-ya.jp/database/pics_webp/game/871739724.jpg.webp,駿河屋角色单品档案原图,https://cdn.suruga-ya.jp/database/pics_webp/game/871739724.jpg.webp,档案单品原图
KR-MER-0519,Capsule Can Badge Vol.8,鬼龍紅郎 「あんさんぶるスターズ! カプセル缶バッジコレクション vol.8」,バンダイ,非官图已撤,非官方图片来源：cdn.suruga-ya.jp,从网页展示层撤下；不补图,实图已入库,,https://cdn.suruga-ya.jp/database/pics_webp/game/871681290.jpg.webp,駿河屋角色单品档案原图,https://cdn.suruga-ya.jp/database/pics_webp/game/871681290.jpg.webp,档案单品原图
KR-MER-0520,旧版 Arcana Card Collection 2,鬼龍紅郎 「あんさんぶるスターズ! アルカナカードコレクション2」,エンスカイ,非官图已撤,非官方图片来源：cdn.suruga-ya.jp,从网页展示层撤下；不补图,实图已入库,,https://cdn.suruga-ya.jp/database/pics_webp/game/892033610.jpg.webp,駿河屋角色单品档案原图,https://cdn.suruga-ya.jp/database/pics_webp/game/892033610.jpg.webp,档案单品原图
KR-MER-0521,!! Arcana Card Collection 2,鬼龍紅郎 「あんさんぶるスターズ!! アルカナカードコレクション2」,エンスカイ,非官图已撤,非官方图片来源：cdn.suruga-ya.jp,从网页展示层撤下；不补图,实图已入库,,https://cdn.suruga-ya.jp/database/pics_webp/game/892171745.jpg.webp,駿河屋角色单品档案原图,https://cdn.suruga-ya.jp/database/pics_webp/game/892171745.jpg.webp,档案单品原图
KR-MER-0522,旧版 EMOCA 初代,鬼龍紅郎 「あんさんぶるスターズ! EMOCA」,エンスカイ,非官图已撤,非官方图片来源：cdn.suruga-ya.jp,从网页展示层撤下；不补图,实图已入库,,https://cdn.suruga-ya.jp/database/pics_webp/game/892032984.jpg.webp,駿河屋角色单品档案原图,https://cdn.suruga-ya.jp/database/pics_webp/game/892032984.jpg.webp,档案单品原图
KR-MER-0523,!! EMOCA 初代,鬼龍紅郎 「あんさんぶるスターズ!! EMOCA」,エンスカイ,非官图已撤,非官方图片来源：cdn.suruga-ya.jp,从网页展示层撤下；不补图,实图已入库,,https://cdn.suruga-ya.jp/database/pics_webp/game/892043289.jpg.webp,駿河屋角色单品档案原图,https://cdn.suruga-ya.jp/database/pics_webp/game/892043289.jpg.webp,档案单品原图
KR-MER-0524,!! EMOCA2,鬼龍紅郎 「あんさんぶるスターズ!! EMOCA2」,エンスカイ,非官图已撤,非官方图片来源：cdn.suruga-ya.jp,从网页展示层撤下；不补图,实图已入库,,https://cdn.suruga-ya.jp/database/pics_webp/game/892074211.jpg.webp,駿河屋角色单品档案原图,https://cdn.suruga-ya.jp/database/pics_webp/game/892074211.jpg.webp,档案单品原图
KR-MER-0525,ぴくりあ Vol.1 Rare,鬼龍紅郎(レア) 「あんさんぶるスターズ!! ぴくりあコレクション Vol.1」,amie,非官图已撤,非官方图片来源：cdn.suruga-ya.jp,从网页展示层撤下；不补图,实图已入库,assets/images/KR-MER-0525.webp,,駿河屋角色单品档案原图,https://cdn.suruga-ya.jp/database/pics_webp/game/892062721.jpg.webp,档案单品原图
KR-MER-0526,ぴくりあ Vol.3 Normal,鬼龍紅郎(ノーマル) 「あんさんぶるスターズ!! ぴくりあコレクション Vol.3」,amie,非官图已撤,非官方图片来源：cdn.suruga-ya.jp,从网页展示层撤下；不补图,实图已入库,assets/images/KR-MER-0526.webp,,駿河屋角色单品档案原图,https://cdn.suruga-ya.jp/database/pics_webp/game/892102975.jpg.webp,档案单品原图
KR-MER-0527,ぴくりあ Vol.3 Rare,鬼龍紅郎(レア) 「あんさんぶるスターズ!! ぴくりあコレクション Vol.3」,amie,非官图已撤,非官方图片来源：cdn.suruga-ya.jp,从网页展示层撤下；不补图,实图已入库,assets/images/KR-MER-0527.webp,,駿河屋角色单品档案原图,https://cdn.suruga-ya.jp/database/pics_webp/game/892103000.jpg.webp,档案单品原图
KR-MER-0528,生ブロマイド Collection 初代,鬼龍紅郎 「あんさんぶるスターズ! 生ブロマイドコレクション」,エンスカイ,非官图已撤,非官方图片来源：auctions.c.yimg.jp,从网页展示层撤下；不补图,实图已入库,,https://auctions.c.yimg.jp/images.auctions.yahoo.co.jp/image/dr000/auc0302/users/163d284b5887344107b5e232e0e460fe6dee804e/i-img900x1200-1645588179ivofqq91098.jpg,Yahoo!オークション AGF2015 鬼龍紅郎单品实物图,https://auctions.c.yimg.jp/images.auctions.yahoo.co.jp/image/dr000/auc0302/users/163d284b5887344107b5e232e0e460fe6dee804e/i-img900x1200-1645588179ivofqq91098.jpg,角色单品实图
KR-MER-0529,生ブロマイド Collection 2,鬼龍紅郎 「あんさんぶるスターズ! 生ブロマイドコレクション2」,エンスカイ,非官图已撤,非官方图片来源：cdn.suruga-ya.jp,从网页展示层撤下；不补图,实图已入库,,https://cdn.suruga-ya.jp/database/pics_webp/game/892012130.jpg.webp,駿河屋角色单品档案原图,https://cdn.suruga-ya.jp/database/pics_webp/game/892012130.jpg.webp,档案单品原图
KR-MER-0530,生ブロマイド Collection 6,鬼龍紅郎 「あんさんぶるスターズ! 生ブロマイドコレクション6」,エンスカイ,非官图已撤,非官方图片来源：img.lashinbang.com,从网页展示层撤下；不补图,实图已入库,,https://img.lashinbang.com/718/203711038718_L.jpg,らしんばん鬼龍紅郎角色单品商品图,https://img.lashinbang.com/718/203711038718_L.jpg,角色单品商品原图
KR-MER-0531,生ブロマイド Collection 7,鬼龍紅郎 「あんさんぶるスターズ! 生ブロマイドコレクション7」,エンスカイ,非官图已撤,非官方图片来源：cdn.suruga-ya.jp,从网页展示层撤下；不补图,实图已入库,,https://cdn.suruga-ya.jp/database/pics_webp/game/892028626.jpg.webp,駿河屋角色单品档案原图,https://cdn.suruga-ya.jp/database/pics_webp/game/892028626.jpg.webp,档案单品原图
KR-MER-0532,生ブロマイド Collection 8,鬼龍紅郎 「あんさんぶるスターズ! 生ブロマイドコレクション8」,エンスカイ,非官图已撤,非官方图片来源：cdn.suruga-ya.jp,从网页展示层撤下；不补图,实图已入库,,https://cdn.suruga-ya.jp/database/pics_webp/game/892040160.jpg.webp,駿河屋角色单品档案原图,https://cdn.suruga-ya.jp/database/pics_webp/game/892040160.jpg.webp,档案单品原图
KR-MER-0533,Music Garden Kuro 左手手前,鬼龍紅郎(左手手前) 「あんさんぶるスターズ!! ES Music Garden ESブロマイドコレクション Solo ver.D」,ムービック,非官图已撤,非官方图片来源：cdn.suruga-ya.jp,从网页展示层撤下；不补图,实图已入库,,https://cdn.suruga-ya.jp/database/pics_webp/game/892049616.jpg.webp,駿河屋角色单品档案原图,https://cdn.suruga-ya.jp/database/pics_webp/game/892049616.jpg.webp,档案单品原图
KR-MER-0534,Music Garden Kuro 左手口元,鬼龍紅郎(左手口元) 「あんさんぶるスターズ!! ES Music Garden ESブロマイドコレクション Solo ver.D」,ムービック,非官图已撤,非官方图片来源：cdn.suruga-ya.jp,从网页展示层撤下；不补图,实图已入库,,https://cdn.suruga-ya.jp/database/pics_webp/game/892049617.jpg.webp,駿河屋角色单品档案原图,https://cdn.suruga-ya.jp/database/pics_webp/game/892049617.jpg.webp,档案单品原图
KR-MER-0535,Music Garden Kuro Face,鬼龍紅郎(顔正面) 「あんさんぶるスターズ!! ES Music Garden ESブロマイドコレクション Solo ver.D」,ムービック,非官图已撤,非官方图片来源：cdn.suruga-ya.jp,从网页展示层撤下；不补图,实图已入库,,https://cdn.suruga-ya.jp/database/pics_webp/game/892049618.jpg.webp,駿河屋角色单品档案原图,https://cdn.suruga-ya.jp/database/pics_webp/game/892049618.jpg.webp,档案单品原图
KR-MER-0536,Music Garden Kuro & Keito,鬼龍紅郎＆蓮巳敬人 「あんさんぶるスターズ!! ES Music Garden ESブロマイドコレクション Solo ver.D」,ムービック,非官图已撤,非官方图片来源：cdn.suruga-ya.jp,从网页展示层撤下；不补图,实图已入库,,https://cdn.suruga-ya.jp/database/pics_webp/game/892049619.jpg.webp,駿河屋角色单品档案原图,https://cdn.suruga-ya.jp/database/pics_webp/game/892049619.jpg.webp,档案单品原图
KR-MER-0537,Music Garden Souma & Kuro,神崎颯馬＆鬼龍紅郎 「あんさんぶるスターズ!! ES Music Garden ESブロマイドコレクション Solo ver.D」,ムービック,非官图已撤,非官方图片来源：cdn.suruga-ya.jp,从网页展示层撤下；不补图,实图已入库,,https://cdn.suruga-ya.jp/database/pics_webp/game/892049622.jpg.webp,駿河屋角色单品档案原图,https://cdn.suruga-ya.jp/database/pics_webp/game/892049622.jpg.webp,档案单品原图
KR-MER-0538,Music Garden Extra visitor bromide,鬼龍紅郎 「あんさんぶるスターズ!! ES Music Garden ESブロマイドコレクション-extra-」 週替り来場者特典 3週目,ムービック,非官图已撤,非官方图片来源：static.mercdn.net,从网页展示层撤下；不补图,实图已入库,assets/images/KR-MER-0538.webp,https://static.mercdn.net/item/detail/orig/photos/m27402646868_1.jpg?1647979679,Mercari鬼龍紅郎精确ESMG第3週单品实物＋官方第3週阵容,https://static.mercdn.net/item/detail/orig/photos/m27402646868_1.jpg?1647979679,精确二手角色单品实物图
KR-MER-0539,Music Garden Live-cut Acrylic Stand D,鬼龍紅郎 「あんさんぶるスターズ!! ES Music Garden ライブカットアクリルスタンド D」,ムービック,非官图已撤,非官方图片来源：cdn.suruga-ya.jp,从网页展示层撤下；不补图,实图已入库,,https://cdn.suruga-ya.jp/database/pics_webp/game/508213828.jpg.webp,駿河屋角色单品档案原图,https://cdn.suruga-ya.jp/database/pics_webp/game/508213828.jpg.webp,档案单品原图
KR-MER-0540,Music Garden Music-box Charm D,鬼龍紅郎 「あんさんぶるスターズ!! ES Music Garden オルゴールチャーム D」,ムービック,非官图已撤,非官方图片来源：cdn.suruga-ya.jp,从网页展示层撤下；不补图,实图已入库,,https://cdn.suruga-ya.jp/database/pics_webp/game/508213771.jpg.webp,駿河屋角色单品档案原图,https://cdn.suruga-ya.jp/database/pics_webp/game/508213771.jpg.webp,档案单品原图
KR-MER-0541,Music Garden Live-cut A4 Clear File D,鬼龍紅郎 「あんさんぶるスターズ!! ES Music Garden ライブカットクリアファイル D」,ムービック,非官图已撤,非官方图片来源：cdn.suruga-ya.jp,从网页展示层撤下；不补图,实图已入库,,https://cdn.suruga-ya.jp/database/pics_webp/game/994983280.jpg.webp,駿河屋角色单品档案原图,https://cdn.suruga-ya.jp/database/pics_webp/game/994983280.jpg.webp,档案单品原图
KR-MER-0542,snap.me 鬼龍紅郎,鬼龍紅郎 「あんさんぶるスターズ!!×snap.me」,MOGURA ENTERTAINMENT,非官图已撤,非官方图片来源：cdn.suruga-ya.jp,从网页展示层撤下；不补图,实图已入库,,https://cdn.suruga-ya.jp/database/pics_webp/game/892059611.jpg.webp,駿河屋角色单品档案原图,https://cdn.suruga-ya.jp/database/pics_webp/game/892059611.jpg.webp,档案单品原图
KR-MER-0543,Crossroad Clear Trading Card 红月ver.,鬼龍紅郎(紅月ver.) 「あんさんぶるスターズ!! 追憶セレクション『クロスロード』 クリアトレカコレクション」,pattythree,非官图已撤,非官方图片来源：www.suruga-ya.jp,从网页展示层撤下；不补图,实图已入库,assets/images/KR-MER-0543.webp,,Crossroad封口图片工程,https://www.suruga-ya.jp/product/detail/892236050,封口主图
KR-MER-0544,Crossroad 2024 Clear Trading Card Deadmans,鬼龍紅郎(デッドマンズver.) 「あんさんぶるスターズ!! 追憶セレクション『クロスロード』 クリアトレカコレクション」,pattythree,非官图已撤,非官方图片来源：www.suruga-ya.jp,从网页展示层撤下；不补图,实图已入库,assets/images/KR-MER-0544.webp,,Crossroad封口图片工程,https://www.suruga-ya.jp/product/detail/892236044,封口主图
KR-MER-0545,Crossroad Picharm Deadmans 白灯 双人透明卡,蓮巳敬人＆鬼龍紅郎(デッドマンズ衣装ver./ライト白) 「追憶セレクション POP-UP STORE クロスロード Picharm トレーディングクリアカード」,カミオジャパン,非官图已撤,非官方图片来源：www.suruga-ya.jp,从网页展示层撤下；不补图,实图已入库,assets/images/KR-MER-0545.webp,,Crossroad封口图片工程,https://www.suruga-ya.jp/search?category=&search_word=%E9%AC%BC%E9%BE%8D%E7%B4%85%E9%83%8E+Picharm+%E3%83%A9%E3%82%A4%E3%83%88%E7%99%BD,封口主图
KR-MER-0546,中国 星幻時序チェキ 第三弹,鬼龍紅郎 「あんさんぶるスターズ!! 星幻時序チェキカード 第三弾」 中国限定,中国官方渠道,非官图已撤,非官方图片来源：assets.mercari-shops-static.com,从网页展示层撤下；不补图,实图已入库,,https://assets.mercari-shops-static.com/-/large/plain/2JUyyfmDxZJ4ZCP2mqxdd2.webp@jpg,駿河屋メルカリ店角色单品实物图,https://assets.mercari-shops-static.com/-/large/plain/2JUyyfmDxZJ4ZCP2mqxdd2.webp@jpg,角色单品实物图
KR-MER-0547,Cat Festival 猫形原创生写,鬼龍紅郎 ねこ型オリジナルブロマイド 「あんさんぶるスターズ! in ナンジャタウン ～キャット*フェスティバル～」 物販購入特典,ナムコ,非官图已撤,非官方图片来源：cdn.suruga-ya.jp,从网页展示层撤下；不补图,实图已入库,,https://cdn.suruga-ya.jp/database/pics_webp/game/892024078.jpg.webp,駿河屋角色单品档案原图,https://cdn.suruga-ya.jp/database/pics_webp/game/892024078.jpg.webp,档案单品原图
KR-MER-0548,Animate Cafe 2018 生日生写,鬼龍紅郎 バースデーブロマイド(2018) 「あんさんぶるスターズ!×animatecafe」,アニメイト,非官图已撤,非官方图片来源：cdn.suruga-ya.jp,从网页展示层撤下；不补图,实图已入库,,https://cdn.suruga-ya.jp/database/pics_webp/game/892202779.jpg.webp,駿河屋鬼龍紅郎角色单品档案原图,https://cdn.suruga-ya.jp/database/pics_webp/game/892202779.jpg.webp,档案单品原图
KR-MER-0549,Animate Cafe 2019 生日生写,鬼龍紅郎 バースデーブロマイド 「あんさんぶるスターズ!×animatecafe」,アニメイト,非官图已撤,非官方图片来源：cdn.suruga-ya.jp,从网页展示层撤下；不补图,实图已入库,,https://cdn.suruga-ya.jp/database/pics_webp/game/892024684.jpg.webp,駿河屋鬼龍紅郎角色单品档案原图,https://cdn.suruga-ya.jp/database/pics_webp/game/892024684.jpg.webp,档案单品原图
KR-MER-0550,Dream Live 5th 红月撮り下ろしPhoto Card,蓮巳敬人＆鬼龍紅郎＆神崎颯馬 撮り下ろしフォトカード 「あんさんぶるスターズ! DREAM LIVE -5th Tour “Stargazer”-」,ムービック,非官图已撤,非官方图片来源：cdn.suruga-ya.jp,从网页展示层撤下；不补图,实图已入库,,https://cdn.suruga-ya.jp/database/pics_webp/game/892051327.jpg.webp,駿河屋红月三人单品档案图,https://cdn.suruga-ya.jp/database/pics_webp/game/892051327.jpg.webp,档案单品原图
KR-MER-0551,10年のキセキ Die-cut Clear Sheet,鬼龍紅郎 「あんさんぶるスターズ!! POP-UP SHOP -10年のキセキ- ダイカットクリアシート Bbox」,エンスカイ,非官图已撤,非官方图片来源：cdn.suruga-ya.jp,从网页展示层撤下；不补图,实图已入库,assets/images/KR-MER-0551.webp,https://cdn.suruga-ya.jp/database/pics_webp/game/883070403.jpg.webp,駿河屋角色单品档案原图,https://cdn.suruga-ya.jp/database/pics_webp/game/883070403.jpg.webp,档案单品原图
KR-MER-0552,虹色开花 Portrait 梦之咲 C,鬼龍紅郎 「あんさんぶるスターズ! 虹色開花ポートレート 夢ノ咲 Collection C」,トイズ・プランニング,非官图已撤,非官方图片来源：cdn.suruga-ya.jp,从网页展示层撤下；不补图,实图已入库,assets/images/KR-MER-0552.webp,https://cdn.suruga-ya.jp/database/pics_webp/game/883035795.jpg.webp,駿河屋角色单品档案原图,https://cdn.suruga-ya.jp/database/pics_webp/game/883035795.jpg.webp,档案单品原图
KR-MER-0553,虹色开花 Portrait Idol A,鬼龍紅郎 「あんさんぶるスターズ!! 虹色開花ポートレート Idol Collection A」,トイズ・プランニング,非官图已撤,非官方图片来源：cdn.suruga-ya.jp,从网页展示层撤下；不补图,实图已入库,assets/images/KR-MER-0553.webp,https://cdn.suruga-ya.jp/database/pics_webp/game/883053447.jpg.webp,駿河屋角色单品档案原图,https://cdn.suruga-ya.jp/database/pics_webp/game/883053447.jpg.webp,档案单品原图
KR-MER-0554,虹色开花 Portrait Feature Scout A,鬼龍紅郎 「あんさんぶるスターズ!! 虹色開花ポートレート フィーチャースカウト Collection A」,トイズ・プランニング,非官图已撤,非官方图片来源：cdn.suruga-ya.jp,从网页展示层撤下；不补图,实图已入库,assets/images/KR-MER-0554.webp,https://cdn.suruga-ya.jp/database/pics_webp/game/883031481.jpg.webp,駿河屋角色单品档案原图,https://cdn.suruga-ya.jp/database/pics_webp/game/883031481.jpg.webp,档案单品原图
KR-MER-0555,Crossroad 一番赏 Heart Badge 2枚Set,鬼龍紅郎(追憶*それぞれのクロスロード) ハート型缶バッジセット(2個セット) 「一番くじ あんさんぶるスターズ!～追憶セレクション メモリアル～」 H賞,BANDAI SPIRITS,非官图已撤,非官方图片来源：www.suruga-ya.jp,从网页展示层撤下；不补图,实图已入库,assets/images/KR-MER-0555.webp,,Crossroad封口图片工程,https://www.suruga-ya.jp/product/detail/871349226,封口主图
KR-MER-0556,Enstars Chips Vol.3 SD卡,鬼龍紅郎(SD) 「あんさんぶるスターズ!!チップスVol.3」,eStream,非官图已撤,非官方图片来源：cdn.suruga-ya.jp,从网页展示层撤下；不补图,实图已入库,assets/images/KR-MER-0556.webp,https://cdn.suruga-ya.jp/database/pics_webp/game/666004682.jpg.webp,駿河屋角色单品档案原图,https://cdn.suruga-ya.jp/database/pics_webp/game/666004682.jpg.webp,档案单品原图
KR-MER-0557,中国7周年 Festival Aurora Ticket,鬼龍紅郎 「あんさんぶるスターズ!! フェスティバル入場券(オーロラチケット)」 中国7周年記念グッズ,中国官方渠道,非官图已撤,非官方图片来源：static.mercdn.net,从网页展示层撤下；不补图,实图已入库,assets/images/KR-MER-0557.webp,https://static.mercdn.net/item/detail/orig/photos/m85718387806_1.jpg?1711106594,Mercari鬼龍紅郎＋蓮巳敬人精确二人实物・鬼龍紅郎无歧义裁切,https://static.mercdn.net/item/detail/orig/photos/m85718387806_1.jpg?1711106594,精确二人实物・角色名无歧义裁切
KR-MER-0558,4周年 感谢祭 Clear-case Portrait,鬼龍紅郎 「あんさんぶるスターズ!～4th Anniversaryファン感謝祭～ クリアケース付きポートレートコレクション」,ムービック,非官图已撤,非官方图片来源：cdn.suruga-ya.jp,从网页展示层撤下；不补图,实图已入库,,https://cdn.suruga-ya.jp/database/pics_webp/game/883008525.jpg.webp,駿河屋角色单品档案原图,https://cdn.suruga-ya.jp/database/pics_webp/game/883008525.jpg.webp,档案单品原图
KR-MER-0559,ぴくりあ Premium Vol.4,鬼龍紅郎 「あんさんぶるスターズ!! ぴくりあコレクションPremium Vol.4」,amie,非官图已撤,非官方图片来源：cdn.suruga-ya.jp,从网页展示层撤下；不补图,实图已入库,assets/images/KR-MER-0559.webp,https://cdn.suruga-ya.jp/database/pics_webp/game/892726553.jpg.webp,駿河屋角色单品档案原图,https://cdn.suruga-ya.jp/database/pics_webp/game/892726553.jpg.webp,档案单品原图
KR-MER-0560,Bukubu Odekake Photo Light 第二弾 Kuro,鬼龍紅郎 「あんさんぶるスターズ×大川ぶくぶ先生 あんさんぶくぶスターズ! おでかけフォトコレクション Light 第二弾」,amie,非官图已撤,非官方图片来源：cdn.suruga-ya.jp,从网页展示层撤下；不补图,实图已入库,assets/images/KR-MER-0560.webp,https://cdn.suruga-ya.jp/database/pics_webp/game/608708024.jpg.webp,駿河屋角色单品档案原图,https://cdn.suruga-ya.jp/database/pics_webp/game/608708024.jpg.webp,档案单品原图
KR-MER-0561,Bukubu Odekake Photo Light 第二弾 Kuro & Arashi,鬼龍紅郎＆鳴上嵐 「あんさんぶるスターズ×大川ぶくぶ先生 あんさんぶくぶスターズ! おでかけフォトコレクション Light 第二弾」,amie,非官图已撤,非官方图片来源：cdn.suruga-ya.jp,从网页展示层撤下；不补图,实图已入库,assets/images/KR-MER-0561.webp,https://cdn.suruga-ya.jp/database/pics_webp/game/608708035.jpg.webp,駿河屋角色单品档案原图,https://cdn.suruga-ya.jp/database/pics_webp/game/608708035.jpg.webp,档案单品原图
KR-MER-0562,Odekake Photo Light Brand New Vol.2 Kuro,鬼龍紅郎 「あんさんぶるスターズ!! アニメイトオンリーショップ2022 feat.あんスタグッズおはなし団 おでかけフォトコレクションLight Brand New! Vol.2」,amie,非官图已撤,非官方图片来源：img.lashinbang.com,从网页展示层撤下；不补图,实图已入库,assets/images/KR-MER-0562.webp,https://img.lashinbang.com/734/203511202734_L.jpg,らしんばん鬼龍紅郎精确角色单品sample图＋駿河屋角色档案,https://img.lashinbang.com/734/203511202734_L.jpg,二级店铺角色sample图
KR-MER-0563,中国 黑色舞台 Cheki Card,鬼龍紅郎 「あんさんぶるスターズ!! 黒色舞台チェキカード」 中国限定,中国官方渠道,非官图已撤,非官方图片来源：cdn.suruga-ya.jp,从网页展示层撤下；不补图,实图已入库,,https://cdn.suruga-ya.jp/database/pics_webp/game/892407705.jpg.webp,駿河屋鬼龍紅郎角色单品档案原图,https://cdn.suruga-ya.jp/database/pics_webp/game/892407705.jpg.webp,档案单品原图
KR-MER-0564,中国 序曲 Cheki Card,鬼龍紅郎 「あんさんぶるスターズ!! 序曲チェキカード」 中国限定,中国官方渠道,非官图已撤,非官方图片来源：cdn.suruga-ya.jp,从网页展示层撤下；不补图,实图已入库,,https://cdn.suruga-ya.jp/database/pics_webp/game/892441707.jpg.webp,駿河屋角色单品档案原图,https://cdn.suruga-ya.jp/database/pics_webp/game/892441707.jpg.webp,档案单品原图
KR-MER-0565,中国 一心一夢 四格Film,鬼龍紅郎 「あんさんぶるスターズ!! 一心一夢 四格フィルム」 中国限定,中国官方渠道,非官图已撤,非官方图片来源：cdn.suruga-ya.jp,从网页展示层撤下；不补图,实图已入库,,https://cdn.suruga-ya.jp/database/pics_webp/game/561054966.jpg.webp,駿河屋鬼龍紅郎角色单品档案原图,https://cdn.suruga-ya.jp/database/pics_webp/game/561054966.jpg.webp,駿河屋角色原图
KR-MER-0566,中国 仕事卡 灯笼与猫,鬼龍紅郎(カンテラと猫) 「あんさんぶるスターズ! 仕事カード」 中国限定,中国官方渠道,非官图已撤,非官方图片来源：cdn.suruga-ya.jp,从网页展示层撤下；不补图,实图已入库,assets/images/KR-MER-0566.webp,https://cdn.suruga-ya.jp/database/pics_webp/game/892261894.jpg.webp,駿河屋鬼龍紅郎角色单品档案原图,https://cdn.suruga-ya.jp/database/pics_webp/game/892261894.jpg.webp,档案单品原图
KR-MER-0567,中国 仕事卡 Under Doctor,鬼龍紅郎(アンダードクトア) 「あんさんぶるスターズ! 仕事カード」 中国限定,中国官方渠道,非官图已撤,非官方图片来源：cdn.suruga-ya.jp,从网页展示层撤下；不补图,实图已入库,assets/images/KR-MER-0567.webp,https://cdn.suruga-ya.jp/database/pics_webp/game/892261898.jpg.webp,駿河屋鬼龍紅郎角色单品档案原图,https://cdn.suruga-ya.jp/database/pics_webp/game/892261898.jpg.webp,档案单品原图
KR-MER-0568,中国 星推Clear Card A BOX,鬼龍紅郎 「あんさんぶるスターズ!! 星推しクリアカード A BOX」 中国限定,中国官方渠道,非官图已撤,非官方图片来源：cdn.suruga-ya.jp,从网页展示层撤下；不补图,实图已入库,,https://cdn.suruga-ya.jp/database/pics_webp/game/892407805.jpg.webp,駿河屋鬼龍紅郎角色单品档案原图,https://cdn.suruga-ya.jp/database/pics_webp/game/892407805.jpg.webp,档案单品原图
KR-MER-0569,中国 TRIP 旅途Card,鬼龍紅郎 「あんさんぶるスターズ!! TRIPシリーズ 旅途カード」 中国限定,中国官方渠道,非官图已撤,非官方图片来源：cdn.suruga-ya.jp,从网页展示层撤下；不补图,实图已入库,,https://cdn.suruga-ya.jp/database/pics_webp/game/892373733.jpg.webp,駿河屋鬼龍紅郎角色单品档案原图,https://cdn.suruga-ya.jp/database/pics_webp/game/892373733.jpg.webp,档案单品原图
KR-MER-0570,中国 珍藏Card A Rare 月光の紅い狼 开花前,鬼龍紅郎(レア/月光の紅い狼/開花前) 「あんさんぶるスターズ! 珍藏カードA」 中国限定,中国官方渠道,非官图已撤,非官方图片来源：cdn.suruga-ya.jp,从网页展示层撤下；不补图,实图已入库,assets/images/KR-MER-0570.webp,https://cdn.suruga-ya.jp/database/pics_webp/game/892255291.jpg.webp,駿河屋鬼龍紅郎角色单品档案原图,https://cdn.suruga-ya.jp/database/pics_webp/game/892255291.jpg.webp,档案单品原图
KR-MER-0571,中国 珍藏Card B 汉之背中 开花后,鬼龍紅郎(漢の背中/開花後) 「あんさんぶるスターズ! 珍藏カードB」 中国限定,中国官方渠道,非官图已撤,非官方图片来源：static.mercdn.net,从网页展示层撤下；不补图,实图已入库,assets/images/KR-MER-0571.webp,https://static.mercdn.net/item/detail/orig/photos/m85855010050_1.jpg?1762353370,駿河屋精确B角色档案＋Mercari第1弾鬼龍紅郎珍蔵卡实物・[漢の背中]開花後映射,https://static.mercdn.net/item/detail/orig/photos/m85855010050_1.jpg?1762353370,精确Family实物・目标卡面跨源无歧义映射
KR-MER-0572,Bright me up Cross-theme Banner Badge Vol.2,鬼龍紅郎 「あんさんぶるスターズ!!Bright me up!! バナーバッジコレクション クロステーマ ver. Vol.2」,pattythree,非官图已撤,非官方图片来源：cdn.suruga-ya.jp,从网页展示层撤下；不补图,实图已入库,assets/images/KR-MER-0572.webp,https://cdn.suruga-ya.jp/database/pics_webp/game/889015462.jpg.webp,駿河屋鬼龍紅郎角色单品档案原图,https://cdn.suruga-ya.jp/database/pics_webp/game/889015462.jpg.webp,档案单品原图
KR-MER-0573,DREAM LIVE 10th Anniversary Sphere Light E,鬼龍紅郎 「あんさんぶるスターズ!! DREAM LIVE Tour -10th ALL STARS!!- アニバーサリースフィアライト グループE：UNDEAD/紅月」,フロンティアワークス,非官图已撤,非官方图片来源：cdn.suruga-ya.jp,从网页展示层撤下；不补图,实图已入库,assets/images/KR-MER-0573.webp,https://cdn.suruga-ya.jp/database/pics_webp/game/561505640.jpg.webp,駿河屋角色单品档案原图,https://cdn.suruga-ya.jp/database/pics_webp/game/561505640.jpg.webp,档案单品原图
KR-MER-0574,Crossroad Fave Bank Deadmans,鬼龍紅郎/デッドマンズ クロスロード Fave Bank 「あんさんぶるスターズ!! 追憶セレクション」,カミオジャパン,非官图已撤,非官方图片来源：www.suruga-ya.jp,从网页展示层撤下；不补图,实图已入库,assets/images/KR-MER-0574.webp,,Crossroad封口图片工程,https://www.suruga-ya.jp/product/detail/561091837,封口主图
KR-MER-0575,Crossroad Hako-niwa Badge 红月衣装,鬼龍紅郎(紅月衣装ver.) クロスロード ハコニワ缶バッジ 「あんさんぶるスターズ!! 追憶セレクション POP-UP STORE」,カミオジャパン,非官图已撤,非官方图片来源：www.suruga-ya.jp,从网页展示层撤下；不补图,实图已入库,assets/images/KR-MER-0575.webp,,Crossroad封口图片工程,https://www.suruga-ya.jp/product/detail/871912233,封口主图
KR-MER-0576,Crossroad Hako-niwa Badge Deadmans,鬼龍紅郎(デッドマンズ衣装ver.) クロスロード ハコニワ缶バッジ 「あんさんぶるスターズ!! 追憶セレクション POP-UP STORE」,カミオジャパン,非官图已撤,非官方图片来源：www.suruga-ya.jp,从网页展示层撤下；不补图,实图已入库,assets/images/KR-MER-0576.webp,,Crossroad封口图片工程,https://www.suruga-ya.jp/product/detail/871912227,封口主图
KR-MER-0581,Crossroad Trading Acrylic Clip 制服,鬼龍紅郎(制服ver.) 「あんさんぶるスターズ!! 追憶セレクション POP-UP STORE クロスロード トレーディングアクリルクリップ」,カミオジャパン,非官图已撤,非官方图片来源：www.suruga-ya.jp,从网页展示层撤下；不补图,实图已入库,assets/images/KR-MER-0581.webp,,Crossroad封口图片工程,https://www.suruga-ya.jp/product/detail/871865062,封口主图
KR-MER-0586,Crossroad Fave Bank 红月,鬼龍紅郎(紅月衣装ver.) クロスロード Fave Bank 「あんさんぶるスターズ!! 追憶セレクション POP-UP STORE」,カミオジャパン,非官图已撤,非官方图片来源：www.suruga-ya.jp,从网页展示层撤下；不补图,实图已入库,assets/images/KR-MER-0586.webp,,Crossroad封口图片工程,https://www.suruga-ya.jp/product/detail/561091843,封口主图
KR-MER-0587,Crossroad Frame Acrylic Stand 红月,鬼龍紅郎(紅月衣装ver.) クロスロード フレームアクリルスタンド 「あんさんぶるスターズ!! 追憶セレクション POP-UP STORE」,カミオジャパン,非官图已撤,非官方图片来源：www.suruga-ya.jp,从网页展示层撤下；不补图,实图已入库,assets/images/KR-MER-0587.webp,,Crossroad封口图片工程,https://www.suruga-ya.jp/product/detail/561091832,封口主图
KR-MER-0593,Event Collection 2023 WINTER Idol,鬼龍紅郎 「あんさんぶるスターズ!! イベコレ缶バッジ[2023 WINTER] -Idol Side-」,トイズ・プランニング,非官图已撤,非官方图片来源：jp.mercari.com,从网页展示层撤下；不补图,实图已入库,assets/images/KR-MER-0593.jpg,,公开真实商品图/旧图鉴迁移,https://jp.mercari.com/item/m77171186216,二手实物图/单枚裁切
KR-MER-0594,Feature Scout 2021 AUTUMN Casual,鬼龍紅郎 「あんさんぶるスターズ!! フィーチャースカウト缶バッジ[2021 AUTUMN] -Casual Side-」,フロンティアワークス,非官图已撤,非官方图片来源：jp.mercari.com,从网页展示层撤下；不补图,实图已入库,assets/images/KR-MER-0594.jpg,,公开真实商品图/旧图鉴迁移,https://jp.mercari.com/item/m55972067748,二手实物图/多件图裁切
KR-MER-0595,Dream Live 5th Tour Character Badge Edition A,鬼龍紅郎 「あんさんぶるスターズ! DREAM LIVE -5th Tour “Stargazer”- キャラバッジコレクション 5th Tour Edition A」,ムービック,非官图已撤,非官方图片来源：cdn.suruga-ya.jp,从网页展示层撤下；不补图,实图已入库,assets/images/KR-MER-0595.webp,https://cdn.suruga-ya.jp/database/pics_webp/game/871003276.jpg.webp,駿河屋角色单品档案原图,https://cdn.suruga-ya.jp/database/pics_webp/game/871003276.jpg.webp,档案单品原图
KR-MER-0596,Starry Stage 3rd Heart Glitter Badge,鬼龍紅郎 「あんさんぶるスターズ! Starry Stage 3rd ハート型グリッター缶バッジ」,Starry Stage官方流通,非官图已撤,非官方图片来源：cdn.suruga-ya.jp,从网页展示层撤下；不补图,实图已入库,assets/images/KR-MER-0596.webp,https://cdn.suruga-ya.jp/database/pics_webp/game/871721863.jpg.webp,駿河屋角色单品档案原图,https://cdn.suruga-ya.jp/database/pics_webp/game/871721863.jpg.webp,档案单品原图
KR-MER-0597,中国 綻放Clear Card 第1弹,鬼龍紅郎 「あんさんぶるスターズ!! 綻放クリアカード 第1弾」 中国限定,中国官方渠道,非官图已撤,非官方图片来源：cdn.suruga-ya.jp,从网页展示层撤下；不补图,实图已入库,assets/images/KR-MER-0597.webp,,駿河屋角色单品档案原图,https://cdn.suruga-ya.jp/database/pics_webp/game/892224122.jpg.webp,档案单品原图
KR-MER-0598,中国 綻放Clear Card 第2弹,鬼龍紅郎 「あんさんぶるスターズ!! 綻放クリアカード 第2弾」 中国限定,中国官方渠道,非官图已撤,非官方图片来源：cdn.suruga-ya.jp,从网页展示层撤下；不补图,实图已入库,assets/images/KR-MER-0598.webp,,駿河屋角色单品档案原图,https://cdn.suruga-ya.jp/database/pics_webp/game/892224172.jpg.webp,档案单品原图
KR-MER-0599,中国 綻放Clear Card 第3弹,鬼龍紅郎 「あんさんぶるスターズ!! 綻放クリアカード 第三弾」 中国限定,中国官方渠道,非官图已撤,非官方图片来源：item-shopping.c.yimg.jp,从网页展示层撤下；不补图,实图已入库,assets/images/KR-MER-0599.jpg,,らしんばん通販Yahoo角色商品サンプル图,https://item-shopping.c.yimg.jp/i/n/lashinbangtsuuhan_l06763480,二级店铺角色sample图
KR-MER-0600,中国 綻放Clear Card 第4弹,鬼龍紅郎 「あんさんぶるスターズ!! 綻放クリアカード 第四弾」 中国限定,中国官方渠道,非官图已撤,非官方图片来源：cdn.suruga-ya.jp,从网页展示层撤下；不补图,实图已入库,assets/images/KR-MER-0600.webp,,駿河屋角色单品档案原图,https://cdn.suruga-ya.jp/database/pics_webp/game/892441657.jpg.webp,档案单品原图
KR-MER-0601,中国 心悦纪念Ticket 第2弹,鬼龍紅郎 「あんさんぶるスターズ!! 心悦記念チケット 第二弾」 中国限定,中国官方渠道,非官图已撤,非官方图片来源：cdn.suruga-ya.jp,从网页展示层撤下；不补图,实图已入库,assets/images/KR-MER-0601.webp,https://cdn.suruga-ya.jp/database/pics_webp/game/883060830.jpg.webp,駿河屋鬼龍紅郎角色单品档案原图,https://cdn.suruga-ya.jp/database/pics_webp/game/883060830.jpg.webp,档案单品原图
KR-MER-0602,中国 心悦纪念Ticket 第3弹,鬼龍紅郎 「あんさんぶるスターズ!! 心悦記念チケット 第三弾」 中国限定,中国官方渠道,非官图已撤,非官方图片来源：cdn.suruga-ya.jp,从网页展示层撤下；不补图,实图已入库,assets/images/KR-MER-0602.webp,https://cdn.suruga-ya.jp/database/pics_webp/game/883068129.jpg.webp,駿河屋鬼龍紅郎角色单品档案原图,https://cdn.suruga-ya.jp/database/pics_webp/game/883068129.jpg.webp,档案单品原图
KR-MER-0604,中国 追忆Clear A 十字路 开花后,鬼龍紅郎(十字路の先/開花後) 「あんさんぶるスターズ!! 追憶クリアカード Aグループ」 中国限定,中国官方渠道,非官图已撤,非官方图片来源：cdn.suruga-ya.jp,从网页展示层撤下；不补图,实图已入库,assets/images/KR-MER-0604.webp,,駿河屋角色单品档案原图,https://cdn.suruga-ya.jp/database/pics_webp/game/892288317.jpg.webp,档案单品原图
KR-MER-0605,中国 追忆Clear B 十字路 开花前,鬼龍紅郎(十字路の先/開花前) 「あんさんぶるスターズ!! 追憶クリアカード Bグループ」 中国限定,中国官方渠道,非官图已撤,非官方图片来源：cdn.suruga-ya.jp,从网页展示层撤下；不补图,实图已入库,assets/images/KR-MER-0605.webp,,駿河屋角色单品档案原图,https://cdn.suruga-ya.jp/database/pics_webp/game/892288342.jpg.webp,档案单品原图
KR-MER-0606,Lawson Talent Bloom Clear Card 前,鬼龍紅郎(才能開花前) 「あんさんぶるスターズ!! 才能開花クリアカードコレクション」 ローソン・＠Loppi・HMV＆BOOKS online限定,ローソン/HMV,非官图已撤,非官方图片来源：static.mercdn.net,从网页展示层撤下；不补图,实图已入库,assets/images/KR-MER-0606.webp,https://static.mercdn.net/item/detail/orig/photos/m87256016756_1.jpg?1773562822,Mercari鬼龍紅郎精确才能開花クリアカード实物＋駿河屋角色直证,https://static.mercdn.net/item/detail/orig/photos/m87256016756_1.jpg?1773562822,精确二手同角色前后卡・开花前无歧义裁切
KR-MER-0607,中国 7周年Offline / 6周年Clear Card,鬼龍紅郎 「あんさんぶるスターズ!! 7周年オフラインイベント 6周年クリアカード」 中国限定,中国官方渠道,非官图已撤,非官方图片来源：cdn.suruga-ya.jp,从网页展示层撤下；不补图,实图已入库,,https://cdn.suruga-ya.jp/database/pics_webp/game/892259071.jpg.webp,駿河屋角色单品档案原图,https://cdn.suruga-ya.jp/database/pics_webp/game/892259071.jpg.webp,档案单品原图
KR-MER-0608,Event Collection 2023 WINTER Casual,鬼龍紅郎 「あんさんぶるスターズ!! イベコレ缶バッジ[2023 WINTER] -Casual Side-」,pattythree/公式流通,非官图已撤,非官方图片来源：shop.lashinbang.com,从网页展示层撤下；不补图,实图已入库,assets/images/KR-MER-0608.webp,,公开真实商品图/旧图鉴迁移,https://shop.lashinbang.com/products/detail/5885098,角色单品图
KR-MER-0609,中国 花伴Clear Card 初代,鬼龍紅郎 「あんさんぶるスターズ!! 花伴クリアカード」 中国限定,中国官方渠道,非官图已撤,非官方图片来源：cdn.suruga-ya.jp,从网页展示层撤下；不补图,实图已入库,,https://cdn.suruga-ya.jp/database/pics_webp/game/892281692.jpg.webp,駿河屋角色单品档案原图,https://cdn.suruga-ya.jp/database/pics_webp/game/892281692.jpg.webp,档案单品原图
KR-MER-0610,中国 花伴Clear Card 第二弹,鬼龍紅郎 「あんさんぶるスターズ!! 花伴クリアカード 第二弾」 中国限定,中国官方渠道,非官图已撤,非官方图片来源：jp.mercari.com,从网页展示层撤下；不补图,实图已入库,,https://static.mercdn.net/item/detail/orig/photos/m71804634709_1.jpg?1711282408=,Mercari二手实物图裁切,https://jp.mercari.com/item/m71804634709,二手实物裁切
KR-MER-0611,中国 花伴Clear Card 第四弹,鬼龍紅郎 「あんさんぶるスターズ!! 花伴クリアカード 第四弾」 中国限定,中国官方渠道,非官图已撤,非官方图片来源：cdn.suruga-ya.jp,从网页展示层撤下；不补图,实图已入库,,https://cdn.suruga-ya.jp/database/pics_webp/game/892306681.jpg.webp,駿河屋角色单品档案原图,https://cdn.suruga-ya.jp/database/pics_webp/game/892306681.jpg.webp,档案单品原图
KR-MER-0612,中国 观影纪念券 Hologram Ticket,鬼龍紅郎 「あんさんぶるスターズ!! 観影記念券(ホログラムチケット)」 中国限定,中国官方渠道,非官图已撤,非官方图片来源：cdn.suruga-ya.jp,从网页展示层撤下；不补图,实图已入库,,https://cdn.suruga-ya.jp/database/pics_webp/game/883039601.jpg.webp,駿河屋鬼龍紅郎角色单品档案原图,https://cdn.suruga-ya.jp/database/pics_webp/game/883039601.jpg.webp,档案单品原图
KR-MER-0613,中国 Hologram Live纪念Ticket 第2弹,鬼龍紅郎 「あんさんぶるスターズ!! ホログラムLive記念チケット 第2弾」 中国限定,中国官方渠道,非官图已撤,非官方图片来源：cdn.suruga-ya.jp,从网页展示层撤下；不补图,实图已入库,,https://cdn.suruga-ya.jp/database/pics_webp/game/883025765.jpg.webp,駿河屋鬼龍紅郎角色单品档案原图,https://cdn.suruga-ya.jp/database/pics_webp/game/883025765.jpg.webp,駿河屋角色原图
KR-MER-0614,中国 Aurora Holo Ticket,鬼龍紅郎 「あんさんぶるスターズ!! オーロラ ホロチケット」 中国限定,中国官方渠道,非官图已撤,非官方图片来源：cdn.suruga-ya.jp,从网页展示层撤下；不补图,实图已入库,,https://cdn.suruga-ya.jp/database/pics_webp/game/883033675.jpg.webp,駿河屋鬼龍紅郎角色单品档案原图,https://cdn.suruga-ya.jp/database/pics_webp/game/883033675.jpg.webp,档案单品原图
KR-MER-0615,中国 Animal Postcard 灯笼与猫/开花前,鬼龍紅郎(カンテラと猫/開花前) 「あんさんぶるスターズ! アニマルポストカード」 中国限定,中国官方渠道,非官图已撤,非官方图片来源：cdn.suruga-ya.jp,从网页展示层撤下；不补图,实图已入库,,https://cdn.suruga-ya.jp/database/pics_webp/game/892566949.jpg.webp,駿河屋鬼龍紅郎角色单品档案原图,https://cdn.suruga-ya.jp/database/pics_webp/game/892566949.jpg.webp,档案单品原图
KR-MER-0616,中国 唱片Collection Ticket,鬼龍紅郎 「あんさんぶるスターズ!! 唱片コレクションチケット」 中国限定,中国官方渠道,非官图已撤,非官方图片来源：static.mercdn.net,从网页展示层撤下；不补图,实图已入库,assets/images/KR-MER-0616.webp,https://static.mercdn.net/item/detail/orig/photos/m81430634589_1.jpg?1728805164,Mercari鬼龍紅郎精确唱片ホログラムチケット5枚实物＋駿河屋角色直证,https://static.mercdn.net/item/detail/orig/photos/m81430634589_1.jpg?1728805164,精确同角色多枚实物・单票裁切
KR-MER-0617,视觉色纸 Collection 5,鬼龍紅郎 「あんさんぶるスターズ! ビジュアル色紙コレクション5」,エンスカイ,非官图已撤,非官方图片来源：cdn.suruga-ya.jp,从网页展示层撤下；不补图,实图已入库,assets/images/KR-MER-0617.webp,,駿河屋角色单品档案原图,https://cdn.suruga-ya.jp/database/pics_webp/game/860003465.jpg.webp,档案单品原图
KR-MER-0618,中国 花伴 Acrylic Keyholder A,鬼龍紅郎 「あんさんぶるスターズ!! 花伴アクリルキーホルダー Aグループ」 中国一周年カフェ限定,中国一周年カフェ,非官图已撤,非官方图片来源：cdn.suruga-ya.jp,从网页展示层撤下；不补图,实图已入库,,https://cdn.suruga-ya.jp/database/pics_webp/game/508486204.jpg.webp,駿河屋鬼龍紅郎角色单品档案原图,https://cdn.suruga-ya.jp/database/pics_webp/game/508486204.jpg.webp,档案单品原图
KR-MER-0619,中国 花之契约 Badge A,鬼龍紅郎 「あんさんぶるスターズ!! 花の契約 缶バッジ Aグループ」 中国限定,中国官方渠道,非官图已撤,非官方图片来源：cdn.suruga-ya.jp,从网页展示层撤下；不补图,实图已入库,,https://cdn.suruga-ya.jp/database/pics_webp/game/871228696.jpg.webp,駿河屋鬼龍紅郎角色单品档案原图,https://cdn.suruga-ya.jp/database/pics_webp/game/871228696.jpg.webp,档案单品原图
KR-MER-0620,中国 Curtain Call Badge C,鬼龍紅郎 「あんさんぶるスターズ! カーテンコール 缶バッジ C」 中国限定,中国官方渠道,非官图已撤,非官方图片来源：cdn.suruga-ya.jp,从网页展示层撤下；不补图,实图已入库,,https://cdn.suruga-ya.jp/database/pics_webp/game/871759483.jpg.webp,駿河屋鬼龍紅郎角色单品档案原图,https://cdn.suruga-ya.jp/database/pics_webp/game/871759483.jpg.webp,駿河屋角色原图
KR-MER-0621,中国 双面 Acrylic Keyholder D Ver.3,鬼龍紅郎 「あんさんぶるスターズ! 両面アクリルキーホルダー D Ver.3」 中国限定,中国官方渠道,非官图已撤,非官方图片来源：cdn.suruga-ya.jp,从网页展示层撤下；不补图,实图已入库,assets/images/KR-MER-0621.webp,https://cdn.suruga-ya.jp/database/pics_webp/game/508350632.jpg.webp,駿河屋鬼龍紅郎角色单品档案原图,https://cdn.suruga-ya.jp/database/pics_webp/game/508350632.jpg.webp,档案单品原图
KR-MER-0622,中国 TapTap 萌星毛绒零钱包,鬼龍紅郎 萌星毛絨小銭入れ 「TapTap×あんさんぶるスターズ!!」 中国限定,TapTap/中国官方渠道,非官图已撤,非官方图片来源：cdn.suruga-ya.jp,从网页展示层撤下；不补图,实图已入库,,https://cdn.suruga-ya.jp/database/pics_webp/game/560566040.jpg.webp,駿河屋角色单品档案原图,https://cdn.suruga-ya.jp/database/pics_webp/game/560566040.jpg.webp,档案单品原图
KR-MER-0623,中国 时光 Badge A,鬼龍紅郎 「あんさんぶるスターズ! 時光 缶バッジA」 中国限定,中国官方渠道,非官图已撤,非官方图片来源：cdn.suruga-ya.jp,从网页展示层撤下；不补图,实图已入库,,https://cdn.suruga-ya.jp/database/pics_webp/game/871062581.jpg.webp,駿河屋鬼龍紅郎角色单品档案原图,https://cdn.suruga-ya.jp/database/pics_webp/game/871062581.jpg.webp,档案单品原图
KR-MER-0625,中国 星乐Card 第二弹,鬼龍紅郎 「あんさんぶるスターズ!! 星樂カード 第二弾」 中国限定,中国官方渠道,非官图已撤,非官方图片来源：cdn.suruga-ya.jp,从网页展示层撤下；不补图,实图已入库,assets/images/KR-MER-0625.webp,https://cdn.suruga-ya.jp/database/pics_webp/game/892288298.jpg.webp,駿河屋鬼龍紅郎精确第二弾角色档案原图＋MINAPLEX Family规格,https://cdn.suruga-ya.jp/database/pics_webp/game/892288298.jpg.webp,駿河屋角色单品档案原图
KR-MER-0626,中国 出会いCheki风 Acrylic Keyholder A,鬼龍紅郎 「あんさんぶるスターズ!! 出会いチェキ風アクリルキーホルダー A BOX」 中国限定,中国官方渠道,非官图已撤,非官方图片来源：cdn.suruga-ya.jp,从网页展示层撤下；不补图,实图已入库,,https://cdn.suruga-ya.jp/database/pics_webp/game/508788170.jpg.webp,駿河屋鬼龍紅郎角色单品档案原图,https://cdn.suruga-ya.jp/database/pics_webp/game/508788170.jpg.webp,駿河屋角色原图
KR-MER-0628,中国 心光 Heart Badge A,鬼龍紅郎 「あんさんぶるスターズ!! 心光ハート缶バッジ Aグループ」 中国限定,中国官方渠道,非官图已撤,非官方图片来源：cdn.suruga-ya.jp,从网页展示层撤下；不补图,实图已入库,,https://cdn.suruga-ya.jp/database/pics_webp/game/871186920.jpg.webp,駿河屋角色单品档案原图,https://cdn.suruga-ya.jp/database/pics_webp/game/871186920.jpg.webp,档案单品原图
KR-MER-0629,中国 屏风 B,鬼龍紅郎 「あんさんぶるスターズ! 屏風 B」 中国限定,中国官方渠道,非官图已撤,非官方图片来源：cdn.suruga-ya.jp,从网页展示层撤下；不补图,实图已入库,,https://cdn.suruga-ya.jp/database/pics_webp/game/883013281.jpg.webp,駿河屋角色单品档案原图,https://cdn.suruga-ya.jp/database/pics_webp/game/883013281.jpg.webp,档案单品原图
KR-MER-0630,中国 Valentine纪念Card 开花前,鬼龍紅郎(開花前) 「あんさんぶるスターズ! 記念カード バレンタインver.」 中国限定,中国官方渠道,非官图已撤,非官方图片来源：static.mercdn.net,从网页展示层撤下；不补图,实图已入库,assets/images/KR-MER-0630.webp,https://static.mercdn.net/item/detail/orig/photos/m39171693085_1.jpg?1739800830,Mercari鬼龍紅郎精确開花前单品实物＋駿河屋角色直证,https://static.mercdn.net/item/detail/orig/photos/m39171693085_1.jpg?1739800830,精确二手角色開花前单品实物
KR-MER-0631,中国 Valentine纪念Card 开花后,鬼龍紅郎(開花後) 「あんさんぶるスターズ! 記念カード バレンタインver.」 中国限定,中国官方渠道,非官图已撤,非官方图片来源：static.mercdn.net,从网页展示层撤下；不补图,实图已入库,assets/images/KR-MER-0631.webp,https://static.mercdn.net/item/detail/orig/photos/m43661898678_1.jpg?1774890230,Mercari鬼龍紅郎精确前后2枚セット＋独立開花前映射反证,https://static.mercdn.net/item/detail/orig/photos/m43661898678_1.jpg?1774890230,精确前后套装实物・独立開花前页反向映射
KR-MER-0632,中国 3周年 Badge A,鬼龍紅郎 「あんさんぶるスターズ! 3周年缶バッジ Aグループ」 中国限定,中国官方渠道,非官图已撤,非官方图片来源：cdn.suruga-ya.jp,从网页展示层撤下；不补图,实图已入库,,https://cdn.suruga-ya.jp/database/pics_webp/game/871768499.jpg.webp,駿河屋角色单品档案原图,https://cdn.suruga-ya.jp/database/pics_webp/game/871768499.jpg.webp,档案单品原图
KR-MER-0633,中国 浮影流砂 Acrylic Block,鬼龍紅郎 浮影流砂アクリルブロック 「あんさんぶるスターズ!!」 中国限定,中国官方渠道,非官图已撤,非官方图片来源：cdn.suruga-ya.jp,从网页展示层撤下；不补图,实图已入库,,https://cdn.suruga-ya.jp/database/pics_webp/game/560566089.jpg.webp,駿河屋鬼龍紅郎角色单品档案原图,https://cdn.suruga-ya.jp/database/pics_webp/game/560566089.jpg.webp,档案单品原图
KR-MER-0634,中国6周年 誓言Ring Set 白金色,鬼龍紅郎 誓言リングセット ホワイトゴールド フリーサイズ 「あんさんぶるスターズ!!」 中国6周年記念グッズ,中国官方渠道,非官图已撤,非官方图片来源：www.suruga-ya.jp,从网页展示层撤下；不补图,实图已入库,,https://www.suruga-ya.jp/database/pics/game/765025230.jpg,駿河屋鬼龍紅郎角色商品セット档案原图,https://www.suruga-ya.jp/database/pics/game/765025230.jpg,角色商品セット原图
KR-MER-0635,中国 花伴Clear Card 第五弹,鬼龍紅郎 「あんさんぶるスターズ!! 花伴クリアカード 第五弾」 中国限定,中国官方渠道,非官图已撤,非官方图片来源：jp.mercari.com,从网页展示层撤下；不补图,实图已入库,,https://images.weserv.nl/?url=https%3A%2F%2Fstatic.mercdn.net%2Fitem%2Fdetail%2Forig%2Fphotos%2Fm59870268862_1.jpg%3F1785422662&output=webp&q=92,Mercari第五弾二手实物图裁切,https://jp.mercari.com/item/m59870268862,二手实物裁切
KR-MER-0636,视觉色纸 Collection 15,鬼龍紅郎 「あんさんぶるスターズ! ビジュアル色紙コレクション15」,エンスカイ,非官图已撤,非官方图片来源：cdn.suruga-ya.jp,从网页展示层撤下；不补图,实图已入库,assets/images/KR-MER-0636.webp,,駿河屋角色单品档案原图,https://cdn.suruga-ya.jp/database/pics_webp/game/860008609.jpg.webp,档案单品原图
KR-MER-0638,Support Badge vol.1,鬼龍紅郎 「あんさんぶるスターズ! 応援缶バッジvol.1」,バンプレスト,非官图已撤,非官方图片来源：cdn.suruga-ya.jp,从网页展示层撤下；不补图,实图已入库,assets/images/KR-MER-0638.webp,,駿河屋角色单品档案原图,https://cdn.suruga-ya.jp/database/pics_webp/game/871564881.jpg.webp,档案单品原图
KR-MER-0639,Torukore Support Badge 3rd vol.1,鬼龍紅郎 「あんさんぶるスターズ! トルコレ 応援缶バッジ 3rd vol.1」,バンプレスト,非官图已撤,非官方图片来源：cdn.suruga-ya.jp,从网页展示层撤下；不补图,实图已入库,assets/images/KR-MER-0639.webp,https://cdn.suruga-ya.jp/database/pics_webp/game/871630747.jpg.webp,駿河屋角色单品档案原图,https://cdn.suruga-ya.jp/database/pics_webp/game/871630747.jpg.webp,档案单品原图
KR-MER-0640,Support Badge 6th vol.1,鬼龍紅郎 「あんさんぶるスターズ! 応援缶バッジ 6th vol.1」,バンプレスト,非官图已撤,非官方图片来源：cdn.suruga-ya.jp,从网页展示层撤下；不补图,实图已入库,assets/images/KR-MER-0640.webp,,駿河屋角色单品档案原图,https://cdn.suruga-ya.jp/database/pics_webp/game/871726670.jpg.webp,档案单品原图
KR-MER-0641,Heart Can Badge vol.5,鬼龍紅郎 「あんさんぶるスターズ! ハートカンバッジvol.5」,エンスカイ,非官图已撤,非官方图片来源：cdn.suruga-ya.jp,从网页展示层撤下；不补图,实图已入库,,https://cdn.suruga-ya.jp/database/pics_webp/game/871639233.jpg.webp,駿河屋角色单品档案原图,https://cdn.suruga-ya.jp/database/pics_webp/game/871639233.jpg.webp,档案单品原图
KR-MER-0643,Collection 2025 Aug. Casual,鬼龍紅郎 「あんさんぶるスターズ!! コレクション缶バッジ［2025 Aug.］-Casual Side-」,pattythree,来源不明已撤,图片来源URL缺失，不能证明为官图,从网页展示层撤下；不补图,实图已入库,assets/images/KR-MER-0643.webp,,公开真实商品图/旧图鉴迁移,,既有实图
KR-MER-0644,Torukore Support Badge 5th vol.1,鬼龍紅郎 「あんさんぶるスターズ! トルコレ 応援缶バッジ 5th vol.1」,バンプレスト,非官图已撤,非官方图片来源：cdn.suruga-ya.jp,从网页展示层撤下；不补图,实图已入库,assets/images/KR-MER-0644.webp,https://cdn.suruga-ya.jp/database/pics_webp/game/871692423.jpg.webp,駿河屋角色单品档案原图,https://cdn.suruga-ya.jp/database/pics_webp/game/871692423.jpg.webp,档案单品原图
KR-MER-0645,Variety Badge 3rd vol.1,鬼龍紅郎 「あんさんぶるスターズ! バラエティ缶バッジ3rd vol.1」,バンプレスト,非官图已撤,非官方图片来源：cdn.suruga-ya.jp,从网页展示层撤下；不补图,实图已入库,assets/images/KR-MER-0645.webp,,駿河屋角色单品档案原图,https://cdn.suruga-ya.jp/database/pics_webp/game/871558232.jpg.webp,档案单品原图
KR-MER-0646,Variety Badge 6th vol.1,鬼龍紅郎 「あんさんぶるスターズ! バラエティ缶バッジ6th vol.1」,バンプレスト,非官图已撤,非官方图片来源：cdn.suruga-ya.jp,从网页展示层撤下；不补图,实图已入库,assets/images/KR-MER-0646.webp,,駿河屋角色单品档案原图,https://cdn.suruga-ya.jp/database/pics_webp/game/871647351.jpg.webp,档案单品原图
KR-MER-0647,Variety Badge 8th vol.1,鬼龍紅郎 「あんさんぶるスターズ! バラエティ缶バッジ8th vol.1」,バンプレスト,非官图已撤,非官方图片来源：cdn.suruga-ya.jp,从网页展示层撤下；不补图,实图已入库,assets/images/KR-MER-0647.webp,,駿河屋角色单品档案原图,https://cdn.suruga-ya.jp/database/pics_webp/game/871713438.jpg.webp,档案单品原图
KR-MER-0648,Variety Badge 9th vol.1,鬼龍紅郎 「あんさんぶるスターズ! バラエティ缶バッジ9th vol.1」,バンプレスト,非官图已撤,非官方图片来源：cdn.suruga-ya.jp,从网页展示层撤下；不补图,实图已入库,assets/images/KR-MER-0648.webp,,駿河屋角色单品档案原图,https://cdn.suruga-ya.jp/database/pics_webp/game/871731979.jpg.webp,档案单品原图
KR-MER-0649,Heart Glitter Acrylic Badge Vol.2,鬼龍紅郎 「あんさんぶるスターズ! ハート型ラメアクリルバッジ vol.2」,メディコス・エンタテインメント,非官图已撤,非官方图片来源：cdn.suruga-ya.jp,从网页展示层撤下；不补图,实图已入库,,https://cdn.suruga-ya.jp/database/pics_webp/game/871685606.jpg.webp,駿河屋角色单品档案原图,https://cdn.suruga-ya.jp/database/pics_webp/game/871685606.jpg.webp,档案单品原图
KR-MER-0650,Valentine Marukaku Badge 2019,鬼龍紅郎 「あんさんぶるスターズ! バレンタインまるかくカンバッジ2019Ver.」,エンスカイ,非官图已撤,非官方图片来源：cdn.suruga-ya.jp,从网页展示层撤下；不补图,实图已入库,assets/images/KR-MER-0650.webp,https://cdn.suruga-ya.jp/database/pics_webp/game/871653869.jpg.webp,駿河屋角色单品档案原图,https://cdn.suruga-ya.jp/database/pics_webp/game/871653869.jpg.webp,档案单品原图
KR-MER-0654,Support Badge Rival Unit vol.1,鬼龍紅郎 「あんさんぶるスターズ! 応援缶バッジ～ライバルユニット登場!～vol.1」,バンプレスト,非官图已撤,非官方图片来源：cdn.suruga-ya.jp,从网页展示层撤下；不补图,实图已入库,,https://cdn.suruga-ya.jp/database/pics_webp/game/871600903.jpg.webp,駿河屋鬼龍紅郎精确角色单品档案原图,https://cdn.suruga-ya.jp/database/pics_webp/game/871600903.jpg.webp,档案单品原图
KR-MER-0655,3rd Anniversary Oshi Name Badge vol.1,鬼龍紅郎 「あんさんぶるスターズ! 3周年Anniversary☆推しネームバッジ vol.1」,バンプレスト,非官图已撤,非官方图片来源：cdn.suruga-ya.jp,从网页展示层撤下；不补图,实图已入库,assets/images/KR-MER-0655.webp,https://cdn.suruga-ya.jp/database/pics_webp/game/871600934.jpg.webp,駿河屋全14種セット档案原图・角色名直识裁切,https://cdn.suruga-ya.jp/database/pics_webp/game/871600934.jpg.webp,档案全套实物原图・角色名直识裁切
KR-MER-0656,Anniversary Badge January-March,鬼龍紅郎 「あんさんぶるスターズ! January-Marchアニバーサリー缶バッジ」,バンプレスト,非官图已撤,非官方图片来源：cdn.suruga-ya.jp,从网页展示层撤下；不补图,实图已入库,,https://cdn.suruga-ya.jp/database/pics_webp/game/871587865.jpg.webp,駿河屋鬼龍紅郎单品档案原图,https://cdn.suruga-ya.jp/database/pics_webp/game/871587865.jpg.webp,档案单品原图
KR-MER-0657,Deformed Badge 2,鬼龍紅郎 デフォルメ缶バッジ2 「あんさんぶるスターズ!」,フリュー,非官图已撤,非官方图片来源：cdn.suruga-ya.jp,从网页展示层撤下；不补图,实图已入库,assets/images/KR-MER-0657.webp,https://cdn.suruga-ya.jp/database/pics_webp/game/871583315.jpg.webp,駿河屋鬼龍紅郎角色单品档案原图,https://cdn.suruga-ya.jp/database/pics_webp/game/871583315.jpg.webp,档案单品原图
KR-MER-0658,Deformed Badge 4,鬼龍紅郎 「あんさんぶるスターズ! デフォルメ缶バッジ4」,フリュー,非官图已撤,非官方图片来源：cdn.suruga-ya.jp,从网页展示层撤下；不补图,实图已入库,,https://cdn.suruga-ya.jp/database/pics_webp/game/871620875.jpg.webp,駿河屋全21種セット精确档案原图・鬼龍紅郎定位裁切,https://cdn.suruga-ya.jp/database/pics_webp/game/871620875.jpg.webp,精确セット档案原图・目标单枚几何裁切
KR-MER-0659,Heart Big Badge 4th Anniversary vol.1,鬼龍紅郎 「あんさんぶるスターズ! ハート型ビッグ缶バッジ 4th Anniversary vol.1」,バンプレスト,非官图已撤,非官方图片来源：ris.luck-rock.com,从网页展示层撤下；不补图,实图已入库,assets/images/KR-MER-0659.jpg,,LUCK☆ROCK/BANPRESTO全14種奖品档案图・E鬼龍紅郎定位裁切,https://ris.luck-rock.com/RIS.php?h=400&img=images%2Fprizes%2F2019%2F0306%2F5FLBww5xjM0ubl3qvffFSmphT3RMuy6MAs6JBlZx.jpeg&w=400,历史奖品档案原图・编号E目标单枚几何裁切
KR-MER-0660,Square Oshi Badge Uniform ver. vol.1,鬼龍紅郎 「あんさんぶるスターズ! スクエア型推し缶バッジ 制服ver. vol.1」,バンプレスト,非官图已撤,非官方图片来源：goodsrepublic.com,从网页展示层撤下；不补图,实图已入库,,https://goodsrepublic.com/media/binary/004/933/200/4933200.jpg,Goods Republic鬼龍紅郎精确单品商品图＋GiGO/OOPARTS同卷强证,https://goodsrepublic.com/media/binary/004/933/200/4933200.jpg,角色单品商品原图
KR-MER-0661,Ichiban Cafe Enjoy summer! Badge Lottery B Prize,鬼龍紅郎 缶バッジ 「一番カフェ×あんさんぶるスターズ! ～Enjoy summer!～ 缶バッジくじ」 B賞,バンプレスト,非官图已撤,非官方图片来源：wowma.jp,从网页展示层撤下；不补图,实图已入库,,https://images.weserv.nl/?url=https%3A%2F%2Fcdn.suruga-ya.jp%2Fdatabase%2Fpics_webp%2Fgame%2F871542914.jpg.webp&output=webp&q=92,精确二手实物原图＋駿河屋/au PAY鬼龍紅郎单品档案,https://wowma.jp/item/638932677,二手角色单品实物原图
KR-MER-0662,Ichiban Kuji MINI Badge Omikuji,鬼龍紅郎 缶バッジ 「一番くじMINI あんさんぶるスターズ! 缶バッジおみくじ」,バンプレスト,非官图已撤,非官方图片来源：cdn.suruga-ya.jp,从网页展示层撤下；不补图,实图已入库,,https://cdn.suruga-ya.jp/database/pics_webp/game/871526669.jpg.webp,駿河屋鬼龍紅郎角色单品档案原图,https://cdn.suruga-ya.jp/database/pics_webp/game/871526669.jpg.webp,档案单品原图
KR-MER-0663,Amusement Ichiban Cafe Sweets Party vol.1 Square Badge,鬼龍紅郎 「アミューズメント一番カフェ あんさんぶるスターズ! ～お菓子パーティー♪～vol.1 スクエア缶バッジ」,バンプレスト,非官图已撤,非官方图片来源：cdn.suruga-ya.jp,从网页展示层撤下；不补图,实图已入库,,https://cdn.suruga-ya.jp/database/pics_webp/game/871649334.jpg.webp,駿河屋角色单品档案原图,https://cdn.suruga-ya.jp/database/pics_webp/game/871649334.jpg.webp,档案单品原图
KR-MER-0664,Amusement Ichiban Cafe & Ice vol.1 Square Badge Order Bonus,鬼龍紅郎 スクエア缶バッジ 「アミューズメント一番カフェ＆アイス あんさんぶるスターズ! vol.1」 ドリンクセット・アイスセット注文特典,バンプレスト,非官图已撤,非官方图片来源：static.mercdn.net,从网页展示层撤下；不补图,实图已入库,,https://static.mercdn.net/item/detail/orig/photos/m26582343919_1.jpg?1768723997,Mercari鬼龍紅郎精确Square/Ice单品实物原图＋駿河屋角色节点,https://static.mercdn.net/item/detail/orig/photos/m26582343919_1.jpg?1768723997,二手角色单品实物原图
KR-MER-0665,Amusement Ichiban Cafe & Ice vol.1 Badge,鬼龍紅郎 「アミューズメント一番カフェ＆アイス あんさんぶるスターズ! vol.1 缶バッジ」,バンプレスト,非官图已撤,非官方图片来源：img.lashinbang.com,从网页展示层撤下；不补图,实图已入库,assets/images/KR-MER-0665.webp,https://img.lashinbang.com/612/203510441612_L.jpg,らしんばん鬼龍紅郎独立商品实物图＋駿河屋精确商品页,https://img.lashinbang.com/612/203510441612_L.jpg,二手角色单品实物图
KR-MER-0666,Amusement Ichiban Cafe AUTUMN 2019 vol.1 Square Badge,鬼龍紅郎 「アミューズメント一番カフェ あんさんぶるスターズ! ～AUTUMN☆2019～vol.1 スクエア型缶バッジ」,バンプレスト,非官图已撤,非官方图片来源：cdn.suruga-ya.jp,从网页展示层撤下；不补图,实图已入库,,https://cdn.suruga-ya.jp/database/pics_webp/game/871717829.jpg.webp,駿河屋角色单品档案原图,https://cdn.suruga-ya.jp/database/pics_webp/game/871717829.jpg.webp,档案单品原图
KR-MER-0667,Amusement Ichiban Cafe 2020 WINTER Part2 Acrylic Name Badge,鬼龍紅郎 「アミューズメント一番カフェ あんさんぶるスターズ!! ～2020★WINTER～Part2 アクリルネームバッジ」 ゲームセンター限定,バンプレスト,非官图已撤,非官方图片来源：cdn.suruga-ya.jp,从网页展示层撤下；不补图,实图已入库,,https://cdn.suruga-ya.jp/database/pics_webp/game/871784874.jpg.webp,駿河屋角色单品档案原图,https://cdn.suruga-ya.jp/database/pics_webp/game/871784874.jpg.webp,档案单品原图
KR-MER-0670,Amusement Ichiban Cafe SUMMER 2019 vol.1 Acrylic Badge Bonus,鬼龍紅郎 アクリルバッジ 「アミューズメント一番カフェ あんさんぶるスターズ! ～SUMMER☆2019～vol.1」 ドリンクセット注文特典,バンプレスト,非官图已撤,非官方图片来源：static.mercdn.net,从网页展示层撤下；不补图,实图已入库,assets/images/KR-MER-0670.webp,https://static.mercdn.net/item/detail/orig/photos/m47903358554_1.jpg?1785513483,Mercari鬼龍紅郎SUMMER☆2019 vol.1精确实物＋駿河屋角色直证,https://static.mercdn.net/item/detail/orig/photos/m47903358554_1.jpg?1785513483,精确二手角色单品实物图
KR-MER-0671,Akatsuki Album Animate Bonus Character Round Badge,鬼龍紅郎 キャラ毎丸型缶バッジ 「CD あんさんぶるスターズ!アルバムシリーズ 紅月」 アニメイト購入特典,アニメイト/フロンティアワークス,非官图已撤,非官方图片来源：cdn.suruga-ya.jp,从网页展示层撤下；不补图,实图已入库,,https://cdn.suruga-ya.jp/database/pics_webp/game/871678015.jpg.webp,駿河屋角色单品档案原图,https://cdn.suruga-ya.jp/database/pics_webp/game/871678015.jpg.webp,档案单品原图
KR-MER-0672,Support Acrylic Name Badge vol.2,鬼龍紅郎 応援アクリルネームバッジ vol.2 「あんさんぶるスターズ!!」,バンプレスト,非官图已撤,非官方图片来源：cdn.suruga-ya.jp,从网页展示层撤下；不补图,实图已入库,,https://cdn.suruga-ya.jp/database/pics_webp/game/871732079.jpg.webp,駿河屋鬼龍紅郎角色单品档案原图,https://cdn.suruga-ya.jp/database/pics_webp/game/871732079.jpg.webp,档案单品原图
KR-MER-0673,Heart Can Badge Beta vol.4,鬼龍紅郎 「あんさんぶるスターズ! ハートカンバッジβ vol.4」,エンスカイ,非官图已撤,非官方图片来源：cdn.suruga-ya.jp,从网页展示层撤下；不补图,实图已入库,,https://cdn.suruga-ya.jp/database/pics_webp/game/871694696.jpg.webp,駿河屋角色单品档案原图,https://cdn.suruga-ya.jp/database/pics_webp/game/871694696.jpg.webp,档案单品原图
KR-MER-0674,Collection 2025 Aug. Idol,鬼龍紅郎 「あんさんぶるスターズ!! Bright me up!! コレクション缶バッジ[2025Aug.]-Idol Side-」,pattythree,来源不明已撤,图片来源URL缺失，不能证明为官图,从网页展示层撤下；不补图,实图已入库,assets/images/KR-MER-0674.webp,,公开真实商品图/旧图鉴迁移,,既有实图
KR-MER-0675,Clear Art Keyholder vol.1,鬼龍紅郎(剣戟!月光浪漫の歌劇) 「あんさんぶるスターズ! クリアアートキーホルダーvol.1」,バンプレスト,非官图已撤,非官方图片来源：cdn.suruga-ya.jp,从网页展示层撤下；不补图,实图已入库,,https://cdn.suruga-ya.jp/database/pics_webp/game/608423661.jpg.webp,駿河屋角色单品档案原图,https://cdn.suruga-ya.jp/database/pics_webp/game/608423661.jpg.webp,档案单品原图
KR-MER-0676,Character Big Tag vol.1,鬼龍紅郎 「あんさんぶるスターズ! キャラ型ビッグタグvol.1」,バンプレスト,非官图已撤,非官方图片来源：cdn.suruga-ya.jp,从网页展示层撤下；不补图,实图已入库,,https://cdn.suruga-ya.jp/database/pics_webp/game/608392739.jpg.webp,駿河屋角色单品档案原图,https://cdn.suruga-ya.jp/database/pics_webp/game/608392739.jpg.webp,档案单品原图
KR-MER-0677,Face Pouch 3,鬼龍紅郎 「あんさんぶるスターズ! フェイスポーチ3」,フリュー,非官图已撤,非官方图片来源：cdn.suruga-ya.jp,从网页展示层撤下；不补图,实图已入库,,https://cdn.suruga-ya.jp/database/pics_webp/game/608453020.jpg.webp,駿河屋角色单品档案原图,https://cdn.suruga-ya.jp/database/pics_webp/game/608453020.jpg.webp,档案单品原图
KR-MER-0678,Mugyutto Mascot Akatsuki & 2wink,鬼龍紅郎 「あんさんぶるスターズ! むぎゅっとマスコット-紅月＆2wink-」,タイトー,非官图已撤,非官方图片来源：cdn.suruga-ya.jp,从网页展示层撤下；不补图,实图已入库,,https://cdn.suruga-ya.jp/database/pics_webp/game/608452136.jpg.webp,駿河屋角色单品档案原图,https://cdn.suruga-ya.jp/database/pics_webp/game/608452136.jpg.webp,档案单品原图
KR-MER-0679,UMAJO Mug-style Badge C,鬼龍紅郎 「あんさんぶるスターズ!!×UMAJO Ensemble Weekend Party～俺たちと過ごす、とっておきの週末!～ ジョッキースタイル缶バッジC」,pattythree,非官图已撤,非官方图片来源：cdn.suruga-ya.jp,从网页展示层撤下；不补图,实图已入库,assets/images/KR-MER-0679.webp,https://cdn.suruga-ya.jp/database/pics_webp/game/871470972.jpg.webp,駿河屋角色单品档案原图,https://cdn.suruga-ya.jp/database/pics_webp/game/871470972.jpg.webp,档案单品原图
KR-MER-0680,Kiradoru Plate Keyholder vol.3 Christmas,鬼龍紅郎 「あんさんぶるスターズ! きらどるプレートキーホルダーvol.3 クリスマスver.」,バンプレスト,非官图已撤,非官方图片来源：cdn.suruga-ya.jp,从网页展示层撤下；不补图,实图已入库,,https://cdn.suruga-ya.jp/database/pics_webp/game/608451987.jpg.webp,駿河屋角色单品档案原图,https://cdn.suruga-ya.jp/database/pics_webp/game/608451987.jpg.webp,档案单品原图
KR-MER-0681,Relaxing Plush Akatsuki & 2wink,鬼龍紅郎 「あんさんぶるスターズ! くつろぎぬいぐるみ-紅月＆2wink-」,バンプレスト,非官图已撤,非官方图片来源：cdn.suruga-ya.jp,从网页展示层撤下；不补图,实图已入库,,https://cdn.suruga-ya.jp/database/pics_webp/game/646098008.jpg.webp,駿河屋角色单品档案原图,https://cdn.suruga-ya.jp/database/pics_webp/game/646098008.jpg.webp,档案单品原图
KR-MER-0682,Mobile Pouch 6,鬼龍紅郎 「あんさんぶるスターズ! モバイルポーチ6」,フリュー,非官图已撤,非官方图片来源：cdn.suruga-ya.jp,从网页展示层撤下；不补图,实图已入库,assets/images/KR-MER-0682.webp,https://cdn.suruga-ya.jp/database/pics_webp/game/878016912.jpg.webp,駿河屋鬼龍紅郎角色单品档案原图,https://cdn.suruga-ya.jp/database/pics_webp/game/878016912.jpg.webp,档案单品原图
KR-MER-0683,A4 Clear File Collection vol.6 B,鬼龍紅郎 A4クリアファイルコレクション vol.6 B 「あんさんぶるスターズ!」,ムービック,非官图已撤,非官方图片来源：cdn.suruga-ya.jp,从网页展示层撤下；不补图,实图已入库,assets/images/KR-MER-0683.webp,https://cdn.suruga-ya.jp/database/pics_webp/game/994972455.jpg.webp,駿河屋角色单品档案原图,https://cdn.suruga-ya.jp/database/pics_webp/game/994972455.jpg.webp,档案单品原图
KR-MER-0684,A4 Clear File Collection vol.7 B,鬼龍紅郎 A4クリアファイルコレクション Vol.7 B 「あんさんぶるスターズ!」,ムービック,非官图已撤,非官方图片来源：static.mercdn.net,从网页展示层撤下；不补图,实图已入库,assets/images/KR-MER-0684.webp,https://static.mercdn.net/item/detail/orig/photos/m78663066648_2.jpg?1764255174,Mercari鬼龍紅郎5点クリアファイル实物・商品清单＋同卷视觉双重定位裁切＋駿河屋角色直证,https://static.mercdn.net/item/detail/orig/photos/m78663066648_2.jpg?1764255174,精确二手组合实物・目标定位裁切
KR-MER-0685,Starry Symphony dead of night Heart Holo Badge,鬼龍紅郎 「あんさんぶるスターズ!! Cast Live Starry Symphony -the dead of night- ハートホロ缶バッジコレクション」,ソニー・ミュージックソリューションズ,非官图已撤,非官方图片来源：static.mercdn.net,从网页展示层撤下；不补图,实图已入库,assets/images/KR-MER-0685.webp,https://static.mercdn.net/item/detail/orig/photos/m67613894467_1.jpg?1782035667,Mercari鬼龍紅郎精确2点套装实物＋駿河屋角色直证,https://static.mercdn.net/item/detail/orig/photos/m67613894467_1.jpg?1782035667,精确二手套装实物・徽章无歧义裁切
KR-MER-0687,Sealing Clear Seal Gbox Kuro,鬼龍紅郎 「あんさんぶるスターズ!! シーリングクリアシール Gbox」,エンスカイ,非官图已撤,非官方图片来源：cdn.suruga-ya.jp,从网页展示层撤下；不补图,实图已入库,,https://cdn.suruga-ya.jp/database/pics_webp/game/859196112.jpg.webp,駿河屋角色单品档案原图,https://cdn.suruga-ya.jp/database/pics_webp/game/859196112.jpg.webp,档案单品原图
KR-MER-0688,Starry Symphony dead of night Karaoke Coaster,鬼龍紅郎 「あんさんぶるスターズ!! Cast Live Starry Symphony -the dead of night-×カラオケの鉄人 オリジナルコースター」,鉄人化計画,非官图已撤,非官方图片来源：cdn.suruga-ya.jp,从网页展示层撤下；不补图,实图已入库,assets/images/KR-MER-0688.webp,,駿河屋角色单品档案原图,https://cdn.suruga-ya.jp/database/pics_webp/game/992180070.jpg.webp,档案单品原图
KR-MER-0695,Big Plate Keyholder vol.2,鬼龍紅郎 「あんさんぶるスターズ! ビッグプレートキーホルダーvol.2」,バンプレスト,非官图已撤,非官方图片来源：cdn.suruga-ya.jp,从网页展示层撤下；不补图,实图已入库,,https://cdn.suruga-ya.jp/database/pics_webp/game/608400971.jpg.webp,駿河屋角色单品档案原图,https://cdn.suruga-ya.jp/database/pics_webp/game/608400971.jpg.webp,档案单品原图
KR-MER-0696,Kuttsuki Pass Case Akatsuki & 2wink & MaM,鬼龍紅郎 「あんさんぶるスターズ! くっつきパスケース-紅月＆2wink＆MaM-」,フリュー,非官图已撤,非官方图片来源：cdn.suruga-ya.jp,从网页展示层撤下；不补图,实图已入库,,https://cdn.suruga-ya.jp/database/pics_webp/game/608674585.jpg.webp,駿河屋角色单品档案原图,https://cdn.suruga-ya.jp/database/pics_webp/game/608674585.jpg.webp,档案单品原图
KR-MER-0697,Honki Produce Cool Rubber Strap Suporin,鬼龍紅郎 くーる!ラバーストラップ すぽりん 「一番くじ あんさんぶるスターズ!～本気!プロデュース!～」 O賞,バンプレスト,非官图已撤,非官方图片来源：cdn.suruga-ya.jp,从网页展示层撤下；不补图,实图已入库,assets/images/KR-MER-0697.webp,https://cdn.suruga-ya.jp/database/pics_webp/game/608431017.jpg.webp,駿河屋角色/紅月商品档案原图,https://cdn.suruga-ya.jp/database/pics_webp/game/608431017.jpg.webp,档案商品原图
KR-MER-0698,Ichiban Cafe First Live Part2 Connected Sign Charm,鬼龍紅郎 つながるサインチャーム 「一番カフェ×あんさんぶるスターズ!～祝☆ファーストライブ開催!PART2～」 ドリンクセット特典,バンプレスト,非官图已撤,非官方图片来源：cdn.suruga-ya.jp,从网页展示层撤下；不补图,实图已入库,assets/images/KR-MER-0698.webp,https://cdn.suruga-ya.jp/database/pics_webp/game/608540834.jpg.webp,駿河屋鬼龍紅郎角色单品档案原图,https://cdn.suruga-ya.jp/database/pics_webp/game/608540834.jpg.webp,档案单品原图
KR-MER-0699,Honki Produce Akatsuki Clear Case Set,紅月 クリアケースセット 「一番くじ あんさんぶるスターズ!～本気!プロデュース!～」 H賞,バンプレスト,非官图已撤,非官方图片来源：cdn.suruga-ya.jp,从网页展示层撤下；不补图,实图已入库,assets/images/KR-MER-0699.webp,https://cdn.suruga-ya.jp/database/pics_webp/game/608430978.jpg.webp,駿河屋角色/紅月商品档案原图,https://cdn.suruga-ya.jp/database/pics_webp/game/608430978.jpg.webp,档案商品原图
KR-MER-0700,Kuro Full Graphic T-shirt Red Free,鬼龍紅郎 フルグラフィックTシャツ レッド フリーサイズ 「あんさんぶるスターズ!」,エンスカイ,非官图已撤,非官方图片来源：cdn.suruga-ya.jp,从网页展示层撤下；不补图,实图已入库,assets/images/KR-MER-0700.webp,https://cdn.suruga-ya.jp/database/pics_webp/game/609250328.jpg.webp,駿河屋鬼龍紅郎角色单品档案原图,https://cdn.suruga-ya.jp/database/pics_webp/game/609250328.jpg.webp,档案单品原图
KR-MER-0701,Animate Cafe 2nd Anniversary Trading Badge ver.A,鬼龍紅郎 トレーディング缶バッジ 2nd Anniversary ver.(A) 「あんさんぶるスターズ!×animatecafe」,アニメイト,非官图已撤,非官方图片来源：cdn.suruga-ya.jp,从网页展示层撤下；不补图,实图已入库,assets/images/KR-MER-0701.webp,https://cdn.suruga-ya.jp/database/pics_webp/game/871556150.jpg.webp,駿河屋角色单品档案原图,https://cdn.suruga-ya.jp/database/pics_webp/game/871556150.jpg.webp,档案单品原图
KR-MER-0702,Clear Mascot 1,鬼龍紅郎 「あんさんぶるスターズ! クリアマスコット1」,フリュー,非官图已撤,非官方图片来源：cdn.suruga-ya.jp,从网页展示层撤下；不补图,实图已入库,assets/images/KR-MER-0702.webp,https://cdn.suruga-ya.jp/database/pics_webp/game/608376007.jpg.webp,駿河屋角色单品档案原图,https://cdn.suruga-ya.jp/database/pics_webp/game/608376007.jpg.webp,档案单品原图
KR-MER-0703,Clear Mascot Special Version 1,鬼龍紅郎 「あんさんぶるスターズ! クリアマスコット-Special Version1-」,フリュー,非官图已撤,非官方图片来源：cdn.suruga-ya.jp,从网页展示层撤下；不补图,实图已入库,assets/images/KR-MER-0703.webp,https://cdn.suruga-ya.jp/database/pics_webp/game/608404629.jpg.webp,駿河屋角色单品档案原图,https://cdn.suruga-ya.jp/database/pics_webp/game/608404629.jpg.webp,档案单品原图
KR-MER-0704,Clear Drop Keyholder 39 Kuro,39.鬼龍紅郎 「あんさんぶるスターズ!! クリアドロップキーホルダー」,エンスカイ,非官图已撤,非官方图片来源：cdn.suruga-ya.jp,从网页展示层撤下；不补图,实图已入库,,https://cdn.suruga-ya.jp/database/pics_webp/game/508843843.jpg.webp,駿河屋角色单品档案原图＋Animate角色官方页,https://cdn.suruga-ya.jp/database/pics_webp/game/508843843.jpg.webp,档案单品原图
KR-MER-0705,Starry Stage 3rd Mantle Bath Towel,鬼龍紅郎 マントバスタオル 「あんさんぶるスターズ! Starry Stage 3rd」,,非官图已撤,非官方图片来源：cdn.suruga-ya.jp,从网页展示层撤下；不补图,实图已入库,assets/images/KR-MER-0705.webp,https://cdn.suruga-ya.jp/database/pics_webp/game/508030307.jpg.webp,駿河屋角色单品档案原图,https://cdn.suruga-ya.jp/database/pics_webp/game/508030307.jpg.webp,档案单品原图
KR-MER-0706,Visual Bath Towel !! Vol.2,39.鬼龍紅郎 ビジュアルバスタオルVol.2 「あんさんぶるスターズ!!」,エンスカイ,非官图已撤,非官方图片来源：cdn.suruga-ya.jp,从网页展示层撤下；不补图,实图已入库,,https://cdn.suruga-ya.jp/database/pics_webp/game/508064507.jpg.webp,駿河屋角色单品档案原图,https://cdn.suruga-ya.jp/database/pics_webp/game/508064507.jpg.webp,档案单品原图
KR-MER-0707,Visual Bath Towel !! vol.4,45.鬼龍紅郎 ビジュアルバスタオルvol.4 「あんさんぶるスターズ!!」,エンスカイ,非官图已撤,非官方图片来源：cdn.suruga-ya.jp,从网页展示层撤下；不补图,实图已入库,,https://cdn.suruga-ya.jp/database/pics_webp/game/508702756.jpg.webp,駿河屋角色单品档案原图,https://cdn.suruga-ya.jp/database/pics_webp/game/508702756.jpg.webp,档案单品原图
KR-MER-0708,Big Cushion Kuro Akatsuki,P.鬼龍紅郎(紅月) ビッグクッション 「あんさんぶるスターズ!」,ムービック,非官图已撤,非官方图片来源：cdn.suruga-ya.jp,从网页展示层撤下；不补图,实图已入库,assets/images/KR-MER-0708.webp,https://cdn.suruga-ya.jp/database/pics_webp/game/863013646.jpg.webp,駿河屋鬼龍紅郎角色单品档案原图,https://cdn.suruga-ya.jp/database/pics_webp/game/863013646.jpg.webp,档案单品原图
KR-MER-0709,Metcha Big Omanjuu Cushion 2nd,鬼龍紅郎 めっちゃビッグおまんじゅうクッション 第2弾 「あんさんぶるスターズ!」 受注生産限定,エンスカイ,非官图已撤,非官方图片来源：cdn.suruga-ya.jp,从网页展示层撤下；不补图,实图已入库,,https://cdn.suruga-ya.jp/database/pics_webp/game/863035290.jpg.webp,駿河屋角色单品档案原图,https://cdn.suruga-ya.jp/database/pics_webp/game/863035290.jpg.webp,档案单品原图
KR-MER-0710,Half Cushion Kuro,鬼龍紅郎 ハーフクッション 「あんさんぶるスターズ!」,フロンティアワークス,非官图已撤,非官方图片来源：cdn.suruga-ya.jp,从网页展示层撤下；不补图,实图已入库,,https://cdn.suruga-ya.jp/pics_webp/boxart_m/863023514m.jpg.webp,駿河屋角色精确档案原图,https://cdn.suruga-ya.jp/pics_webp/boxart_m/863023514m.jpg.webp,档案单品原图
KR-MER-0712,Ichiban Kuji PUNY BEANS Kuro,鬼龍紅郎 紅月 PUNY BEANS 「一番くじ あんさんぶるスターズ!! ～Let’s enjoy together! vol.1～」 F賞,BANDAI SPIRITS,非官图已撤,非官方图片来源：cdn.suruga-ya.jp,从网页展示层撤下；不补图,实图已入库,assets/images/KR-MER-0712.webp,https://cdn.suruga-ya.jp/database/pics_webp/game/601112219.jpg.webp,駿河屋鬼龍紅郎角色单品档案原图,https://cdn.suruga-ya.jp/database/pics_webp/game/601112219.jpg.webp,档案单品原图
KR-MER-0713,Ichiban Kuji Acrylic Stand Kuro,鬼龍紅郎 アクリルスタンド 「一番くじ あんさんぶるスターズ!! ～Let’s enjoy together! vol.1～」 I賞,BANDAI SPIRITS,非官图已撤,非官方图片来源：cdn.suruga-ya.jp,从网页展示层撤下；不补图,实图已入库,assets/images/KR-MER-0713.webp,https://cdn.suruga-ya.jp/database/pics_webp/game/508431482.jpg.webp,駿河屋鬼龍紅郎角色单品档案原图,https://cdn.suruga-ya.jp/database/pics_webp/game/508431482.jpg.webp,档案单品原图
KR-MER-0714,Korotto Acrylic Mini Figure Akatsuki,鬼龍紅郎(紅月) ころっと アクリルミニフィギュア 「あんさんぶるスターズ!!」,ムービック,非官图已撤,非官方图片来源：cdn.suruga-ya.jp,从网页展示层撤下；不补图,实图已入库,assets/images/KR-MER-0714.webp,https://cdn.suruga-ya.jp/database/pics_webp/game/508186610.jpg.webp,駿河屋角色单品档案原图,https://cdn.suruga-ya.jp/database/pics_webp/game/508186610.jpg.webp,档案单品原图
KR-MER-0715,Cushion Badge Cbox Kuro,鬼龍紅郎 「あんさんぶるスターズ! クッションバッジ Cbox」,エンスカイ,非官图已撤,非官方图片来源：cdn.suruga-ya.jp,从网页展示层撤下；不补图,实图已入库,,https://cdn.suruga-ya.jp/pics_webp/boxart_m/871530084m.jpg.webp,駿河屋角色档案图＋AmiAmi Cbox Family规格,https://cdn.suruga-ya.jp/pics_webp/boxart_m/871530084m.jpg.webp,档案角色缩略原图
KR-MER-0716,Color Collection Figure 2nd Kuro,鬼龍紅郎 「カラコレ あんさんぶるスターズ! 第2弾」,ムービック,非官图已撤,非官方图片来源：cdn.suruga-ya.jp,从网页展示层撤下；不补图,实图已入库,assets/images/KR-MER-0716.webp,https://cdn.suruga-ya.jp/database/pics_webp/game/601067128.jpg.webp,駿河屋角色单品档案原图,https://cdn.suruga-ya.jp/database/pics_webp/game/601067128.jpg.webp,档案单品原图
KR-MER-0717,Big Cushion 2nd Kuro,鬼龍紅郎(2弾) ビッグクッション 「あんさんぶるスターズ!」,ムービック,非官图已撤,非官方图片来源：cdn.suruga-ya.jp,从网页展示层撤下；不补图,实图已入库,assets/images/KR-MER-0717.webp,https://cdn.suruga-ya.jp/database/pics_webp/game/863027455.jpg.webp,駿河屋鬼龍紅郎角色单品档案原图,https://cdn.suruga-ya.jp/database/pics_webp/game/863027455.jpg.webp,档案单品原图
KR-MER-0718,小馒头4｜BOX特典・漢ver.,鬼龍紅郎(漢ver.) 「あんさんぶるスターズ! おまんじゅうにぎにぎマスコット4」 エンスカイショップ限定BOX購入特典,エンスカイ,非官图已撤,非官方图片来源：cdn.suruga-ya.jp,从网页展示层撤下；不补图,实图已入库,,https://cdn.suruga-ya.jp/pics_webp/boxart_m/608436409m.jpg.webp,駿河屋角色档案图,https://cdn.suruga-ya.jp/pics_webp/boxart_m/608436409m.jpg.webp,档案角色缩略原图
KR-MER-0719,Omanjuu Plus 3rd,鬼龍紅郎 「あんさんぶるスターズ! おまんじゅうにぎにぎマスコット+(プラス) 第3弾」,エンスカイ,非官图已撤,非官方图片来源：cdn.suruga-ya.jp,从网页展示层撤下；不补图,实图已入库,,https://cdn.suruga-ya.jp/pics_webp/boxart_m/608645964m.jpg.webp,駿河屋角色档案图,https://cdn.suruga-ya.jp/pics_webp/boxart_m/608645964m.jpg.webp,档案角色缩略原图
KR-MER-0720,China Finger Puppet Mascot Kuro,鬼龍紅郎 指人形(マスコット) 「あんさんぶるスターズ!」 中国限定,中国官方渠道,非官图已撤,非官方图片来源：cdn.suruga-ya.jp,从网页展示层撤下；不补图,实图已入库,,https://cdn.suruga-ya.jp/database/pics_webp/game/508833075.jpg.webp,駿河屋角色单品档案原图,https://cdn.suruga-ya.jp/database/pics_webp/game/508833075.jpg.webp,档案单品原图
KR-MER-0721,Starry Symphony Mini Penlight Charm,鬼龍紅郎 「あんさんぶるスターズ!! CAST LIVE Starry Symphony -the dead of night- ミニペンラ チャームコレクション -the dead of night-」,ソニー・ミュージックソリューションズ,非官图已撤,非官方图片来源：cdn.suruga-ya.jp,从网页展示层撤下；不补图,实图已入库,assets/images/KR-MER-0721.webp,,駿河屋角色单品档案原图,https://cdn.suruga-ya.jp/database/pics_webp/game/560192080.jpg.webp,档案单品原图
KR-MER-0722,Acrylic Stage vol.9 Kuro,鬼龍紅郎 アクリルステージ vol.9 「あんさんぶるスターズ!!」,エスケイジャパン,非官图已撤,非官方图片来源：cdn.suruga-ya.jp,从网页展示层撤下；不补图,实图已入库,,https://cdn.suruga-ya.jp/database/pics_webp/game/560593052.jpg.webp,駿河屋角色单品档案原图＋SK JAPAN系商品资料,https://cdn.suruga-ya.jp/database/pics_webp/game/560593052.jpg.webp,档案单品原图
KR-MER-0723,Full Graphic T-shirt vol.2 Kuro,あんさんぶるスターズ!! フルグラフィックTシャツvol.2 39.鬼龍紅郎,,非官图已撤,非官方图片来源：static.mercdn.net,从网页展示层撤下；不补图,实图已入库,assets/images/KR-MER-0723.webp,,Mercari鬼龍紅郎フルグラTシャツvol.2精确未开封实物＋Animate/Ensky直证,https://static.mercdn.net/item/detail/orig/photos/m46369263503_1.jpg?1774364547,精确二手角色未开封实物图
KR-MER-0724,Slider Pouch 1 Kuro,鬼龍紅郎 「あんさんぶるスターズ! スライダーポーチ1」,エンスカイ,非官图已撤,非官方图片来源：cdn.suruga-ya.jp,从网页展示层撤下；不补图,实图已入库,,https://cdn.suruga-ya.jp/database/pics_webp/game/608427552.jpg.webp,駿河屋角色单品档案原图,https://cdn.suruga-ya.jp/database/pics_webp/game/608427552.jpg.webp,档案单品原图
KR-MER-0725,Vinyl Pouch vol.2 Kuro,鬼龍紅郎 「あんさんぶるスターズ! ビニールポーチvol.2」,バンプレスト,非官图已撤,非官方图片来源：cdn.suruga-ya.jp,从网页展示层撤下；不补图,实图已入库,,https://cdn.suruga-ya.jp/database/pics_webp/game/608380884.jpg.webp,駿河屋角色单品档案原图,https://cdn.suruga-ya.jp/database/pics_webp/game/608380884.jpg.webp,档案单品原图
KR-MER-0726,Multi Vinyl Pouch vol.3 Kuro,鬼龍紅郎 「あんさんぶるスターズ! マルチビニールポーチvol.3」,タイトー,非官图已撤,非官方图片来源：cdn.suruga-ya.jp,从网页展示层撤下；不补图,实图已入库,assets/images/KR-MER-0726.webp,https://cdn.suruga-ya.jp/database/pics_webp/game/608665014.jpg.webp,駿河屋全10種セット档案实物原图・阵容顺序无歧义裁切,https://cdn.suruga-ya.jp/database/pics_webp/game/608665014.jpg.webp,駿河屋全套档案实物原图・角色无歧义裁切
KR-MER-0727,Omanjuu Fluffy Pouch 4,鬼龍紅郎 「あんさんぶるスターズ! おまんじゅうふかふかポーチ4」,エンスカイ,非官图已撤,非官方图片来源：cdn.suruga-ya.jp,从网页展示层撤下；不补图,实图已入库,,https://cdn.suruga-ya.jp/pics_webp/boxart_m/608447692m.jpg.webp,駿河屋角色档案图,https://cdn.suruga-ya.jp/pics_webp/boxart_m/608447692m.jpg.webp,档案角色缩略原图
KR-MER-0728,Character Bag Tag 4,鬼龍紅郎 「あんさんぶるスターズ! キャラクターバッグタグ4」,フリュー,非官图已撤,非官方图片来源：cdn.suruga-ya.jp,从网页展示层撤下；不补图,实图已入库,,https://cdn.suruga-ya.jp/database/pics_webp/game/608762642.jpg.webp,駿河屋角色单品档案原图＋電撃ホビーFamily资料,https://cdn.suruga-ya.jp/database/pics_webp/game/608762642.jpg.webp,档案单品原图
KR-MER-0729,Air Fuwa Keyholder C,鬼龍紅郎 「エアふわキーホルダー あんさんぶるスターズ! C」,ハセ・プロ/バンダイ,非官图已撤,非官方图片来源：cdn.suruga-ya.jp,从网页展示层撤下；不补图,实图已入库,,https://cdn.suruga-ya.jp/database/pics_webp/game/508142447.jpg.webp,駿河屋角色单品档案原图,https://cdn.suruga-ya.jp/database/pics_webp/game/508142447.jpg.webp,档案单品原图
KR-MER-0731,China 3rd Anniversary Cheki Bromide,鬼龍紅郎 「偶像夢幻祭2 2周年ポップアップストア 3周年記念チェキ風ブロマイド」 中国限定,中国官方渠道,非官图已撤,非官方图片来源：cdn.suruga-ya.jp,从网页展示层撤下；不补图,实图已入库,,https://cdn.suruga-ya.jp/database/pics_webp/game/892107800.jpg.webp,駿河屋角色单品档案原图,https://cdn.suruga-ya.jp/database/pics_webp/game/892107800.jpg.webp,档案单品原图
KR-MER-0733,China SNS Photo Card,鬼龍紅郎 「あんさんぶるスターズ! SNSフォトカード」 中国限定,MOGURA ENTERTANMENT,非官图已撤,非官方图片来源：cdn.suruga-ya.jp,从网页展示层撤下；不补图,实图已入库,,https://cdn.suruga-ya.jp/database/pics_webp/game/892044736.jpg.webp,駿河屋鬼龍紅郎角色单品档案原图,https://cdn.suruga-ya.jp/database/pics_webp/game/892044736.jpg.webp,档案单品原图
KR-MER-0734,China Jewel Heart Badge A,鬼龍紅郎 「あんさんぶるスターズ!! 宝石心晴 ハート型缶バッジ A」 中国限定,中国官方渠道,非官图已撤,非官方图片来源：cdn.suruga-ya.jp,从网页展示层撤下；不补图,实图已入库,,https://cdn.suruga-ya.jp/database/pics_webp/game/871131053.jpg.webp,駿河屋角色单品档案原图,https://cdn.suruga-ya.jp/database/pics_webp/game/871131053.jpg.webp,档案单品原图
KR-MER-0735,China Starlight Theme Shikishi Akatsuki,星彩主題色紙 紅月 「あんさんぶるスターズ!!」 中国限定,中国官方渠道,非官图已撤,非官方图片来源：cdn.suruga-ya.jp,从网页展示层撤下；不补图,实图已入库,,https://cdn.suruga-ya.jp/database/pics_webp/game/860056460.jpg.webp,駿河屋鬼龍紅郎角色商品档案原图,https://cdn.suruga-ya.jp/database/pics_webp/game/860056460.jpg.webp,档案单品原图
KR-MER-0736,China Heartbeat Polaroid Card,鬼龍紅郎 心動時刻ポラロイド風カード 「あんさんぶるスターズ!!」 中国限定,中国官方渠道,非官图已撤,非官方图片来源：cdn.suruga-ya.jp,从网页展示层撤下；不补图,实图已入库,,https://cdn.suruga-ya.jp/database/pics_webp/game/892295175.jpg.webp,駿河屋角色单品档案原图,https://cdn.suruga-ya.jp/database/pics_webp/game/892295175.jpg.webp,档案单品原图
KR-MER-0737,China Quicksand CoLotta A,鬼龍紅郎 「あんさんぶるスターズ!! 流砂CoLotta A」 中国限定,中国官方渠道,非官图已撤,非官方图片来源：cdn.suruga-ya.jp,从网页展示层撤下；不补图,实图已入库,assets/images/KR-MER-0737.webp,https://cdn.suruga-ya.jp/database/pics_webp/game/508326575.jpg.webp,駿河屋鬼龍紅郎角色单品档案原图,https://cdn.suruga-ya.jp/database/pics_webp/game/508326575.jpg.webp,档案单品原图
KR-MER-0738,China Double-sided Acrylic Keyholder A Ver.2,鬼龍紅郎 「あんさんぶるスターズ!! 両面アクリルキーホルダー A Ver.2」 中国限定,中国官方渠道,非官图已撤,非官方图片来源：cdn.suruga-ya.jp,从网页展示层撤下；不补图,实图已入库,assets/images/KR-MER-0738.webp,https://cdn.suruga-ya.jp/database/pics_webp/game/508133197.jpg.webp,駿河屋鬼龍紅郎角色单品档案原图,https://cdn.suruga-ya.jp/database/pics_webp/game/508133197.jpg.webp,档案单品原图
KR-MER-0740,China 4th Anniversary Heart Acrylic Stand A,鬼龍紅郎 「あんさんぶるスターズ! 4周年 ハートアクリルスタンド A」 中国限定,中国官方渠道,非官图已撤,非官方图片来源：cdn.suruga-ya.jp,从网页展示层撤下；不补图,实图已入库,,https://cdn.suruga-ya.jp/database/pics_webp/game/508095606.jpg.webp,駿河屋鬼龍紅郎角色单品档案原图,https://cdn.suruga-ya.jp/database/pics_webp/game/508095606.jpg.webp,档案单品原图
KR-MER-0741,China 4th Anniversary Badge B,鬼龍紅郎 「あんさんぶるスターズ! 4周年 缶バッジB」 中国限定,中国官方渠道,非官图已撤,非官方图片来源：cdn.suruga-ya.jp,从网页展示层撤下；不补图,实图已入库,,https://cdn.suruga-ya.jp/database/pics_webp/game/871793417.jpg.webp,駿河屋鬼龍紅郎角色单品档案原图,https://cdn.suruga-ya.jp/database/pics_webp/game/871793417.jpg.webp,档案单品原图
KR-MER-0742,China Sparkle Badge A,鬼龍紅郎 「あんさんぶるスターズ!! 閃耀缶バッジ グループA」 中国限定,中国官方渠道,非官图已撤,非官方图片来源：cdn.suruga-ya.jp,从网页展示层撤下；不补图,实图已入库,,https://cdn.suruga-ya.jp/database/pics_webp/game/871308502.jpg.webp,駿河屋鬼龍紅郎角色单品档案原图,https://cdn.suruga-ya.jp/database/pics_webp/game/871308502.jpg.webp,档案单品原图
KR-MER-0744,中国限定 窗扉(花窗)徽章 B,鬼龍紅郎 「あんさんぶるスターズ!! 窓扉(花窓) 缶バッジ B」 中国限定,中国官方渠道,非官图已撤,非官方图片来源：cdn.suruga-ya.jp,从网页展示层撤下；不补图,实图已入库,,https://cdn.suruga-ya.jp/database/pics_webp/game/871779484.jpg.webp,駿河屋鬼龍紅郎角色单品档案原图,https://cdn.suruga-ya.jp/database/pics_webp/game/871779484.jpg.webp,档案单品原图
KR-MER-0745,China 5th Anniversary Bond Ring Silver,鬼龍紅郎 5周年記念 絆リング(シルバー) 13号 「あんさんぶるスターズ!!」 中国限定,中国官方渠道,非官图已撤,非官方图片来源：static.mercdn.net,从网页展示层撤下；不补图,实图已入库,assets/images/KR-MER-0745.webp,https://static.mercdn.net/item/detail/orig/photos/m46098169775_1.jpg?1765375819,Mercari鬼龍紅郎中国5周年シルバーリング精确实物＋市场13号Family索引交叉,https://static.mercdn.net/item/detail/orig/photos/m46098169775_1.jpg?1765375819,精确二手角色实物＋同Family 13号交叉
KR-MER-0754,Visual Blanket old vol.2,鬼龍紅郎 ビジュアルブランケットvol.2 「あんさんぶるスターズ!」,エンスカイ,非官图已撤,非官方图片来源：cdn.suruga-ya.jp,从网页展示层撤下；不补图,实图已入库,assets/images/KR-MER-0754.webp,https://cdn.suruga-ya.jp/database/pics_webp/game/864603413.jpg.webp,駿河屋鬼龍紅郎角色单品档案原图,https://cdn.suruga-ya.jp/database/pics_webp/game/864603413.jpg.webp,档案单品原图
KR-MER-0755,Visual Blanket old Vol.4,鬼龍紅郎 ビジュアルブランケットVol.4 「あんさんぶるスターズ!」,エンスカイ,非官图已撤,非官方图片来源：cdn.suruga-ya.jp,从网页展示层撤下；不补图,实图已入库,assets/images/KR-MER-0755.webp,https://cdn.suruga-ya.jp/database/pics_webp/game/864605387.jpg.webp,駿河屋鬼龍紅郎角色单品档案原图,https://cdn.suruga-ya.jp/database/pics_webp/game/864605387.jpg.webp,档案单品原图
KR-MER-0756,Glitter Acrylic Frame Mirror,鬼龍紅郎 キラキラアクリルフレームミラー 「あんさんぶるスターズ!!」,ムービック,非官图已撤,非官方图片来源：static.mercdn.net,从网页展示层撤下；不补图,实图已入库,assets/images/KR-MER-0756.webp,https://static.mercdn.net/item/detail/orig/photos/m27881477177_1.jpg?1722574329,Mercari鬼龍紅郎精确单品实物＋駿河屋角色档案,https://static.mercdn.net/item/detail/orig/photos/m27881477177_1.jpg?1722574329,精确二手角色单品实物图
KR-MER-0757,Big Uchiwa Kuro,鬼龍紅郎 ビッグうちわ 「あんさんぶるスターズ!」,バンダイナムコアーツ,非官图已撤,非官方图片来源：cdn.suruga-ya.jp,从网页展示层撤下；不补图,实图已入库,,https://cdn.suruga-ya.jp/database/pics_webp/game/995015921.jpg.webp,駿河屋角色单品档案原图,https://cdn.suruga-ya.jp/database/pics_webp/game/995015921.jpg.webp,档案单品原图
KR-MER-0758,Mini Uchiwa Animate Fair Bonus,鬼龍紅郎 ミニうちわ 「あんさんぶるスターズ!」 アニメイトフェア購入特典,アニメイト,非官图已撤,非官方图片来源：cdn.suruga-ya.jp,从网页展示层撤下；不补图,实图已入库,,https://cdn.suruga-ya.jp/database/pics_webp/game/995007410.jpg.webp,駿河屋角色单品档案原图,https://cdn.suruga-ya.jp/database/pics_webp/game/995007410.jpg.webp,档案单品原图
KR-MER-0759,Starry Stage 4th Clear Support Uchiwa,鬼龍紅郎 クリア応援うちわ 8月出演ユニットver. 「あんさんぶるスターズ!! Starry Stage 4th -Star's Parade-」,バンダイナムコアーツ,非官图已撤,非官方图片来源：cdn.suruga-ya.jp,从网页展示层撤下；不补图,实图已入库,,https://cdn.suruga-ya.jp/database/pics_webp/game/995016203.jpg.webp,駿河屋角色单品档案原图＋Starry Stage 4th公式,https://cdn.suruga-ya.jp/database/pics_webp/game/995016203.jpg.webp,档案单品原图
KR-MER-0760,Allied Worlds Idol Acrylic Stand,鬼龍紅郎 A/W Idol Acrylicstand 「DREAM LIVE 7th Tour -Allied Worlds-」,ムービック,非官图已撤,非官方图片来源：cdn.suruga-ya.jp,从网页展示层撤下；不补图,实图已入库,,https://cdn.suruga-ya.jp/database/pics_webp/game/508649635.jpg.webp,駿河屋角色单品档案原图,https://cdn.suruga-ya.jp/database/pics_webp/game/508649635.jpg.webp,档案单品原图
KR-MER-0762,Allied Worlds Penlight Tube,鬼龍紅郎 A/W Penlight Tube 「DREAM LIVE 7th Tour -Allied Worlds-」,ムービック,非官图已撤,非官方图片来源：cdn.suruga-ya.jp,从网页展示层撤下；不补图,实图已入库,,https://cdn.suruga-ya.jp/pics_webp/boxart_bn/508649659-0001.jpg.webp?v=32f7332f6a3428bce0c3,駿河屋角色单品档案原图,https://cdn.suruga-ya.jp/pics_webp/boxart_bn/508649659-0001.jpg.webp?v=32f7332f6a3428bce0c3,档案单品原图
KR-MER-0765,Allied Worlds Glitter Penlight Lislet,鬼龍紅郎 A/W Glitter Penlight Lislet 「DREAM LIVE 7th Tour -Allied Worlds-」,ムービック,非官图已撤,非官方图片来源：cdn.suruga-ya.jp,从网页展示层撤下；不补图,实图已入库,,https://cdn.suruga-ya.jp/database/pics_webp/game/508649682.jpg.webp,駿河屋角色单品档案原图,https://cdn.suruga-ya.jp/database/pics_webp/game/508649682.jpg.webp,档案单品原图
KR-MER-0766,Allied Worlds Idol Badge A,鬼龍紅郎 「DREAM LIVE 7th Tour -Allied Worlds- A/W Idol Badge Collection A」,ムービック,非官图已撤,非官方图片来源：cdn.suruga-ya.jp,从网页展示层撤下；不补图,实图已入库,,https://cdn.suruga-ya.jp/database/pics_webp/game/871147600.jpg.webp,駿河屋角色单品档案原图,https://cdn.suruga-ya.jp/database/pics_webp/game/871147600.jpg.webp,档案单品原图
KR-MER-0767,Allied Worlds Hologram Sticker,鬼龍紅郎 A/W Hologram Sticker 「DREAM LIVE 7th Tour -Allied Worlds-」,ムービック,非官图已撤,非官方图片来源：cdn.suruga-ya.jp,从网页展示层撤下；不补图,实图已入库,,https://cdn.suruga-ya.jp/database/pics_webp/game/859081396.jpg.webp,駿河屋角色单品档案原图,https://cdn.suruga-ya.jp/database/pics_webp/game/859081396.jpg.webp,档案单品原图
KR-MER-0769,Memorial Banner Scout 2019 Onigashima,鬼龍紅郎(鬼ヶ島) メモリアルバナーコレクション スカウト!ver. 2019,ムービック,非官图已撤,非官方图片来源：cdn.suruga-ya.jp,从网页展示层撤下；不补图,实图已入库,assets/images/KR-MER-0769.webp,https://cdn.suruga-ya.jp/database/pics_webp/game/871029973.jpg.webp,駿河屋角色单品档案原图,https://cdn.suruga-ya.jp/database/pics_webp/game/871029973.jpg.webp,档案单品原图
KR-MER-0770,Memorial Banner Scout 2019 Underdoctor,鬼龍紅郎(アンダードクトア) メモリアルバナーコレクション スカウト!ver. 2019,ムービック,非官图已撤,非官方图片来源：cdn.suruga-ya.jp,从网页展示层撤下；不补图,实图已入库,assets/images/KR-MER-0770.webp,https://cdn.suruga-ya.jp/pics_webp/boxart_m/871029985m.jpg.webp,駿河屋角色買取档案缩略图,https://cdn.suruga-ya.jp/pics_webp/boxart_m/871029985m.jpg.webp,档案缩略图・待大图升级
KR-MER-0771,Korotto Acrylic Mini Figure Casual Spring-Summer,鬼龍紅郎 ころっと アクリルミニフィギュア ver.私服(春～夏) 「あんさんぶるスターズ!!」,ムービック,非官图已撤,非官方图片来源：cdn.suruga-ya.jp,从网页展示层撤下；不补图,实图已入库,assets/images/KR-MER-0771.webp,https://cdn.suruga-ya.jp/database/pics_webp/game/508567136.jpg.webp,駿河屋角色单品档案原图,https://cdn.suruga-ya.jp/database/pics_webp/game/508567136.jpg.webp,档案单品原图
KR-MER-0773,Meteor Bonfire Badge Uniform,鬼龍紅郎(制服) キャラバッジ 「あんさんぶるスターズ! 追憶*流星の篝火」,ムービック,非官图已撤,非官方图片来源：cdn.suruga-ya.jp,从网页展示层撤下；不补图,实图已入库,,https://cdn.suruga-ya.jp/database/pics_webp/game/871724670.jpg.webp,駿河屋角色单品档案原图,https://cdn.suruga-ya.jp/database/pics_webp/game/871724670.jpg.webp,档案单品原图
KR-MER-0774,Meteor Bonfire Badge Idol,鬼龍紅郎(アイドル) キャラバッジ 「あんさんぶるスターズ! 追憶*流星の篝火」,ムービック,非官图已撤,非官方图片来源：cdn.suruga-ya.jp,从网页展示层撤下；不补图,实图已入库,,https://cdn.suruga-ya.jp/database/pics_webp/game/871724669.jpg.webp,駿河屋角色单品档案原图,https://cdn.suruga-ya.jp/database/pics_webp/game/871724669.jpg.webp,档案单品原图
KR-MER-0775,Akatsuki Acrylic Stand,鬼龍紅郎 アクリルスタンド 紅月 「あんさんぶるスターズ!!」,ムービック,非官图已撤,非官方图片来源：cdn.suruga-ya.jp,从网页展示层撤下；不补图,实图已入库,,https://cdn.suruga-ya.jp/database/pics_webp/game/508034031.jpg.webp,駿河屋角色单品档案原图,https://cdn.suruga-ya.jp/database/pics_webp/game/508034031.jpg.webp,档案单品原图
KR-MER-0776,Stargazer Acrylic Stand Collection A,鬼龍紅郎 「DREAM LIVE 5th Tour -Stargazer- アクリルスタンドコレクション 5th Tour Edition A」,ムービック,非官图已撤,非官方图片来源：cdn.suruga-ya.jp,从网页展示层撤下；不补图,实图已入库,,https://cdn.suruga-ya.jp/database/pics_webp/game/508226325.jpg.webp,駿河屋角色单品档案原图,https://cdn.suruga-ya.jp/database/pics_webp/game/508226325.jpg.webp,档案单品原图
KR-MER-0777,Acrylic Keyholder Collection vol.7 Idol Special Days B,鬼龍紅郎 アクリルキーホルダーコレクション vol.7 Idol Special Days Ver.B,ムービック,非官图已撤,非官方图片来源：cdn.suruga-ya.jp,从网页展示层撤下；不补图,实图已入库,,https://cdn.suruga-ya.jp/database/pics_webp/game/508030570.jpg.webp,駿河屋角色单品档案原图,https://cdn.suruga-ya.jp/database/pics_webp/game/508030570.jpg.webp,档案单品原图
KR-MER-0778,Stargazer Glow Body Sticker,鬼龍紅郎 光るボディステッカー 「DREAM LIVE 5th Tour -Stargazer-」,ムービック,非官图已撤,非官方图片来源：cdn.suruga-ya.jp,从网页展示层撤下；不补图,实图已入库,,https://cdn.suruga-ya.jp/database/pics_webp/game/859051072.jpg.webp,駿河屋角色单品档案原图,https://cdn.suruga-ya.jp/database/pics_webp/game/859051072.jpg.webp,档案单品原图
KR-MER-0779,Stargazer Penlight Tube,鬼龍紅郎 ペンライトチューブ 「DREAM LIVE 5th Tour -Stargazer-」,ムービック,非官图已撤,非官方图片来源：cdn.suruga-ya.jp,从网页展示层撤下；不补图,实图已入库,,https://cdn.suruga-ya.jp/database/pics_webp/game/508238282.jpg.webp,駿河屋角色单品档案原图,https://cdn.suruga-ya.jp/database/pics_webp/game/508238282.jpg.webp,档案单品原图
KR-MER-0780,Kotobukiya x Movic Rubber Strap 4th Stage,鬼龍紅郎 コトブキヤ×ムービックラバーストラップコレクション 4th stage,ムービック,非官图已撤,非官方图片来源：cdn.suruga-ya.jp,从网页展示层撤下；不补图,实图已入库,,https://cdn.suruga-ya.jp/database/pics_webp/game/608789375.jpg.webp,駿河屋角色单品档案原图,https://cdn.suruga-ya.jp/database/pics_webp/game/608789375.jpg.webp,档案单品原图
KR-MER-0782,Peta Collection B Box Normal,鬼龍紅郎 「あんさんぶるスターズ!! ぺたコレクション B-BOX」 ノーマル,ムービック,非官图已撤,非官方图片来源：static.mercdn.net,从网页展示层撤下；不补图,实图已入库,assets/images/KR-MER-0782.webp,https://static.mercdn.net/item/detail/orig/photos/m90474568866_1.jpg?1697636814,Mercari精确ぺたコレクションB＋EMOCA3鬼龍紅郎实物・目标单品裁切,https://static.mercdn.net/item/detail/orig/photos/m90474568866_1.jpg?1697636814,精确二手组合实物・目标单品裁切
KR-MER-0784,Character Badge NEW SHOT ver.D,鬼龍紅郎 「あんさんぶるスターズ!! キャラバッジコレクション NEW SHOT!! ver.D」,ムービック,非官图已撤,非官方图片来源：cdn.suruga-ya.jp,从网页展示层撤下；不补图,实图已入库,assets/images/KR-MER-0784.webp,https://cdn.suruga-ya.jp/database/pics_webp/game/871723464.jpg.webp,駿河屋角色单品档案原图,https://cdn.suruga-ya.jp/database/pics_webp/game/871723464.jpg.webp,档案单品原图
KR-MER-0785,Kumamate Miniature Costume Akatsuki,鬼龍紅郎(紅月/ステージ衣装) くまめいと ミニチュア衣装 「あんさんぶるスターズ!」,ムービック,非官图已撤,非官方图片来源：cdn.suruga-ya.jp,从网页展示层撤下；不补图,实图已入库,,https://cdn.suruga-ya.jp/database/pics_webp/game/646096329.jpg.webp,駿河屋角色单品档案原图,https://cdn.suruga-ya.jp/database/pics_webp/game/646096329.jpg.webp,档案单品原图
KR-MER-0786,Character Badge Collection D,鬼龍紅郎 「あんさんぶるスターズ!! キャラバッジコレクション D」,ムービック,非官图已撤,非官方图片来源：cdn.suruga-ya.jp,从网页展示层撤下；不补图,实图已入库,assets/images/KR-MER-0786.webp,https://cdn.suruga-ya.jp/database/pics_webp/game/871723869.jpg.webp,駿河屋角色单品档案原图,https://cdn.suruga-ya.jp/database/pics_webp/game/871723869.jpg.webp,档案单品原图
KR-MER-0788,Character Badge Collection B,鬼龍紅郎 「あんさんぶるスターズ! キャラバッジコレクションB」,ムービック,非官图已撤,非官方图片来源：cdn.suruga-ya.jp,从网页展示层撤下；不补图,实图已入库,assets/images/KR-MER-0788.webp,https://cdn.suruga-ya.jp/database/pics_webp/game/871692247.jpg.webp,駿河屋角色单品档案原图,https://cdn.suruga-ya.jp/database/pics_webp/game/871692247.jpg.webp,档案单品原图
KR-MER-0789,Idol School Days Badge Vol.6 B,鬼龍紅郎 キャラバッジコレクション Idol School Days Vol.6 Ver.B,ムービック,非官图已撤,非官方图片来源：cdn.suruga-ya.jp,从网页展示层撤下；不补图,实图已入库,assets/images/KR-MER-0789.webp,https://cdn.suruga-ya.jp/database/pics_webp/game/871670948.jpg.webp,駿河屋角色单品档案原图,https://cdn.suruga-ya.jp/database/pics_webp/game/871670948.jpg.webp,档案单品原图
KR-MER-0790,Memorial Banner 2016 A Kuro,鬼龍紅郎(傾け!梅雨払いの錦) メモリアルバナーコレクション 2016 A,ムービック,非官图已撤,非官方图片来源：cdn.suruga-ya.jp,从网页展示层撤下；不补图,实图已入库,assets/images/KR-MER-0790.webp,https://cdn.suruga-ya.jp/pics_webp/boxart_m/871722001m.jpg.webp,駿河屋角色買取档案缩略图,https://cdn.suruga-ya.jp/pics_webp/boxart_m/871722001m.jpg.webp,档案缩略图・待大图升级
KR-MER-0791,KyuVic Plate Keychain 6th,鬼龍紅郎 球Vic プレートキーチェーン 第6弾 「あんさんぶるスターズ!」,ムービック,非官图已撤,非官方图片来源：cdn.suruga-ya.jp,从网页展示层撤下；不补图,实图已入库,assets/images/KR-MER-0791.webp,https://cdn.suruga-ya.jp/database/pics_webp/game/508723397.jpg.webp,駿河屋角色单品档案原图,https://cdn.suruga-ya.jp/database/pics_webp/game/508723397.jpg.webp,档案单品原图
KR-MER-0792,Memorial Banner Scout 2017 B,鬼龍紅郎 メモリアルバナーコレクション スカウト!ver. 2017 B,ムービック,非官图已撤,非官方图片来源：static.mercdn.net,从网页展示层撤下；不补图,实图已入库,assets/images/KR-MER-0792.webp,https://static.mercdn.net/item/detail/orig/photos/m30998800765_1.jpg?1718637542,Mercari鬼龍紅郎「狼と赤ずきん」精确バナー实物＋駿河屋2017B角色直证＋旧公式Scout记录,https://static.mercdn.net/item/detail/orig/photos/m30998800765_1.jpg?1718637542,精确二手角色バナー＋官方2017 Scout映射
KR-MER-0793,Nitengomu x MOVIC 1 Kuro,鬼龍紅郎 トイズワークスコレクション にいてんごむっ!×MOVIC そのいち,ムービック,非官图已撤,非官方图片来源：cdn.suruga-ya.jp,从网页展示层撤下；不补图,实图已入库,,https://cdn.suruga-ya.jp/database/pics_webp/game/608474296.jpg.webp,駿河屋角色单品档案原图,https://cdn.suruga-ya.jp/database/pics_webp/game/608474296.jpg.webp,档案单品原图
KR-MER-0794,Idol Special Days Badge vol.4 B,鬼龍紅郎 キャラバッジコレクション Idol Special Days vol.4 B,ムービック,非官图已撤,非官方图片来源：cdn.suruga-ya.jp,从网页展示层撤下；不补图,实图已入库,assets/images/KR-MER-0794.webp,https://cdn.suruga-ya.jp/database/pics_webp/game/871110831.jpg.webp,駿河屋角色单品档案原图,https://cdn.suruga-ya.jp/database/pics_webp/game/871110831.jpg.webp,档案单品原图
KR-MER-0795,2nd Anniversary Cheers Light,鬼龍紅郎 「2nd Anniversary ファン感謝祭 チアーズライトコレクション」,ムービック,非官图已撤,非官方图片来源：cdn.suruga-ya.jp,从网页展示层撤下；不补图,实图已入库,,https://cdn.suruga-ya.jp/database/pics_webp/game/608504497.jpg.webp,駿河屋角色单品档案原图,https://cdn.suruga-ya.jp/database/pics_webp/game/608504497.jpg.webp,档案单品原图
KR-MER-0796,Idol School Days Badge Vol.8 B,鬼龍紅郎 キャラバッジコレクション Idol School Days Vol.8 B,ムービック,非官图已撤,非官方图片来源：img.lashinbang.com,从网页展示层撤下；不补图,实图已入库,assets/images/KR-MER-0796.webp,https://img.lashinbang.com/125/203510779125_L.jpg,らしんばん角色单品实物图,https://img.lashinbang.com/125/203510779125_L.jpg,二手单品实物图
KR-MER-0797,Idol Special Days Badge Vol.3 B,鬼龍紅郎 キャラバッジコレクション Idol Special Days Vol.3 ver.B,ムービック,非官图已撤,非官方图片来源：cdn.suruga-ya.jp,从网页展示层撤下；不补图,实图已入库,assets/images/KR-MER-0797.webp,https://cdn.suruga-ya.jp/database/pics_webp/game/871238526.jpg.webp,駿河屋角色单品档案原图,https://cdn.suruga-ya.jp/database/pics_webp/game/871238526.jpg.webp,档案单品原图
KR-MER-0799,Color Collection Rebellion King's Ride,鬼龍紅郎 「カラコレ あんさんぶるスターズ! 反逆!王の騎行編」,ムービック,非官图已撤,非官方图片来源：cdn.suruga-ya.jp,从网页展示层撤下；不补图,实图已入库,assets/images/KR-MER-0799.webp,https://cdn.suruga-ya.jp/database/pics_webp/game/601068349.jpg.webp,駿河屋角色单品档案原图,https://cdn.suruga-ya.jp/database/pics_webp/game/601068349.jpg.webp,档案单品原图
KR-MER-0801,Acrylic Keyholder Idol Special Days vol.2 B,鬼龍紅郎 アクリルキーホルダーコレクション Idol Special Days vol.2 ver.B,ムービック,非官图已撤,非官方图片来源：cdn.suruga-ya.jp,从网页展示层撤下；不补图,实图已入库,,https://cdn.suruga-ya.jp/database/pics_webp/game/608718240.jpg.webp,駿河屋角色单品档案原图,https://cdn.suruga-ya.jp/database/pics_webp/game/608718240.jpg.webp,档案单品原图
KR-MER-0802,Idol School Days Badge vol.7 B,鬼龍紅郎 キャラバッジコレクション Idol School Days vol.7 B,ムービック,非官图已撤,非官方图片来源：img.lashinbang.com,从网页展示层撤下；不补图,实图已入库,assets/images/KR-MER-0802.webp,https://img.lashinbang.com/722/203510718722_L.jpg,らしんばん角色单品实物图,https://img.lashinbang.com/722/203510718722_L.jpg,二手单品实物图
KR-MER-0803,Idol Special Days Badge vol.8 B,鬼龍紅郎 キャラバッジコレクション Idol Special Days vol.8 B,ムービック,非官图已撤,非官方图片来源：syunnkita.com,从网页展示层撤下；不补图,实图已入库,assets/images/KR-MER-0803.webp,https://syunnkita.com/sub/EnsembleStars%21/images/kan-min.JPG,实物包装阵容图裁切,https://syunnkita.com/sub/EnsembleStars%21/images/kan-min.JPG,实物包装阵容图裁切・待单品图升级
KR-MER-0804,Mini Towel Summer Festival ver.B,鬼龍紅郎 ミニタオルコレクション 夏祭りシリーズ ver.B 「あんさんぶるスターズ!」,ムービック,非官图已撤,非官方图片来源：cdn.suruga-ya.jp,从网页展示层撤下；不补图,实图已入库,,https://cdn.suruga-ya.jp/database/pics_webp/game/508647655.jpg.webp,駿河屋角色单品档案原图,https://cdn.suruga-ya.jp/database/pics_webp/game/508647655.jpg.webp,档案单品原图
KR-MER-0805,Acrylic Keyholder Idol School Days B,鬼龍紅郎 アクリルキーホルダーコレクション Idol School Days Ver.B,ムービック,非官图已撤,非官方图片来源：cdn.suruga-ya.jp,从网页展示层撤下；不补图,实图已入库,,https://cdn.suruga-ya.jp/database/pics_webp/game/608645005.jpg.webp,駿河屋角色单品档案原图,https://cdn.suruga-ya.jp/database/pics_webp/game/608645005.jpg.webp,档案单品原图
KR-MER-0806,Acrylic Keyholder Collection B,鬼龍紅郎 アクリルキーホルダーコレクションB 「あんさんぶるスターズ!」,ムービック,非官图已撤,非官方图片来源：cdn.suruga-ya.jp,从网页展示层撤下；不补图,实图已入库,,https://cdn.suruga-ya.jp/database/pics_webp/game/608374678.jpg.webp,駿河屋角色单品档案原图,https://cdn.suruga-ya.jp/database/pics_webp/game/608374678.jpg.webp,档案单品原图
KR-MER-0808,Idol School Days Badge B,鬼龍紅郎 キャラバッジコレクション Idol School Days Ver.B,ムービック,非官图已撤,非官方图片来源：cdn.suruga-ya.jp,从网页展示层撤下；不补图,实图已入库,assets/images/KR-MER-0808.webp,https://cdn.suruga-ya.jp/database/pics_webp/game/871744911.jpg.webp,駿河屋角色单品档案原图,https://cdn.suruga-ya.jp/database/pics_webp/game/871744911.jpg.webp,档案单品原图
KR-MER-0809,Memorial Banner 2018 A,鬼龍紅郎 メモリアルバナーコレクション 2018 A,ムービック,非官图已撤,非官方图片来源：cdn.suruga-ya.jp,从网页展示层撤下；不补图,实图已入库,assets/images/KR-MER-0809.webp,https://cdn.suruga-ya.jp/database/pics_webp/game/871722052.jpg.webp,駿河屋角色单品档案原图,https://cdn.suruga-ya.jp/database/pics_webp/game/871722052.jpg.webp,档案单品原图
KR-MER-0810,Ani-kuji A4 Tapestry C-12,鬼龍紅郎 A4タペストリー 「アニくじ あんさんぶるスターズ!」 C-12賞,ムービック,非官图已撤,非官方图片来源：cdn.suruga-ya.jp,从网页展示层撤下；不补图,实图已入库,,https://cdn.suruga-ya.jp/database/pics_webp/game/873011302.jpg.webp,駿河屋角色单品档案原图,https://cdn.suruga-ya.jp/database/pics_webp/game/873011302.jpg.webp,档案单品原图
KR-MER-0811,Wonderland Acrylic Keyholder Ver.B,鬼龍紅郎 「あんさんぶるスターズ! アクリルキーホルダーコレクション ワンダーランドシリーズ Ver.B」,ムービック,非官图已撤,非官方图片来源：cdn.suruga-ya.jp,从网页展示层撤下；不补图,实图已入库,,https://cdn.suruga-ya.jp/database/pics_webp/game/508054763.jpg.webp,駿河屋角色单品档案原图,https://cdn.suruga-ya.jp/database/pics_webp/game/508054763.jpg.webp,档案单品原图
KR-MER-0812,Acrylic Name Keyholder Collection A,鬼龍紅郎 「あんさんぶるスターズ! アクリルネームキーホルダーコレクションA」,ムービック,非官图已撤,非官方图片来源：cdn.suruga-ya.jp,从网页展示层撤下；不补图,实图已入库,,https://cdn.suruga-ya.jp/database/pics_webp/game/508213972.jpg.webp,駿河屋角色单品档案原图,https://cdn.suruga-ya.jp/database/pics_webp/game/508213972.jpg.webp,档案单品原图
KR-MER-0813,AGF2016 Star Character Badge,鬼龍紅郎 「あんさんぶるスターズ! AGF記念スターキャラバッジコレクション」 アニメイトガールズフェスティバル2016グッズ,ムービック,非官图已撤,非官方图片来源：static.mercdn.net,从网页展示层撤下；不补图,实图已入库,assets/images/KR-MER-0813.webp,https://static.mercdn.net/item/detail/orig/photos/m38679510639_1.jpg?1710667232,Mercari鬼龍紅郎4点精确实物＋同AGF商品形状直证＋駿河屋角色档案,https://static.mercdn.net/item/detail/orig/photos/m38679510639_1.jpg?1710667232,精确同角色套装实物・跨角色同商品形状映射裁切
KR-MER-0814,Welcome to Festa A4 Clear File B,鬼龍紅郎 「あんさんぶるスターズ! Welcome to Festa A4クリアファイルコレクションB」,ムービック,非官图已撤,非官方图片来源：cdn.suruga-ya.jp,从网页展示层撤下；不补图,实图已入库,assets/images/KR-MER-0814.jpg,,駿河屋鬼龍紅郎精确单品档案图,https://cdn.suruga-ya.jp/database/pics_webp/game/994104563.jpg.webp,精确角色单品档案原图
KR-MER-0816,Stargazer Solo Shot Poster Kuro,撮り下ろしポスター(solo shot ver.) 鬼龍紅郎 「あんさんぶるスターズ! DREAM LIVE -5th Tour “Stargazer”-」,ムービック,非官图已撤,非官方图片来源：static.mercdn.net,从网页展示层撤下；不补图,实图已入库,assets/images/KR-MER-0816.webp,https://static.mercdn.net/item/detail/orig/photos/m16195400852_1.jpg?1734279661,Mercari鬼龍紅郎5th solo shot精确单品实物＋駿河屋系列索引,https://static.mercdn.net/item/detail/orig/photos/m16195400852_1.jpg?1734279661,精确二手角色单品实物图
KR-MER-0817,Mini Poster Bromide 1st Anniversary Normal,31.鬼龍紅郎 「あんさんぶるスターズ! ミニポスターコレクション(ブロマイド) ～1st Anniversary～」,ムービック,非官图已撤,非官方图片来源：cdn.suruga-ya.jp,从网页展示层撤下；不补图,实图已入库,,https://cdn.suruga-ya.jp/database/pics_webp/game/892015761.jpg.webp,駿河屋角色单品档案原图,https://cdn.suruga-ya.jp/database/pics_webp/game/892015761.jpg.webp,档案单品原图
KR-MER-0818,KyuVic Plate Keychain 10th,鬼龍紅郎 「あんさんぶるスターズ! 球Vic プレートキーチェーン 第10弾」,ムービック,非官图已撤,非官方图片来源：img.lashinbang.com,从网页展示层撤下；不补图,实图已入库,assets/images/KR-MER-0818.webp,https://img.lashinbang.com/326/203510440326_L.jpg,らしんばん角色单品sample图＋駿河屋全19種阵容强证,https://img.lashinbang.com/326/203510440326_L.jpg,二级店铺角色sample图
KR-MER-0819,Crossroad Character Badge Before Bloom,鬼龍紅郎(才能開花前) 「あんさんぶるスターズ! キャラバッジコレクション 追憶*それぞれのクロスロード」,ムービック,非官图已撤,非官方图片来源：www.suruga-ya.jp,从网页展示层撤下；不补图,实图已入库,assets/images/KR-MER-0819.webp,,Crossroad封口图片工程,https://www.suruga-ya.jp/product/detail/871584783,封口主图
KR-MER-0820,Slim Tapestry Kuro,鬼龍紅郎 スリムタペストリー 「あんさんぶるスターズ!」,ブロッコリー,非官图已撤,非官方图片来源：cdn.suruga-ya.jp,从网页展示层撤下；不补图,实图已入库,,https://cdn.suruga-ya.jp/database/pics_webp/game/873012103.jpg.webp,駿河屋角色单品档案原图,https://cdn.suruga-ya.jp/database/pics_webp/game/873012103.jpg.webp,档案单品原图
KR-MER-0821,Ani-Art Sticker vol.2 Kuro,鬼龍紅郎 Ani-Art ステッカー vol.2 「あんさんぶるスターズ!」,アルマビアンカ,非官图已撤,非官方图片来源：cdn.suruga-ya.jp,从网页展示层撤下；不补图,实图已入库,assets/images/KR-MER-0821.webp,https://cdn.suruga-ya.jp/database/pics_webp/game/859044903.jpg.webp,駿河屋角色单品档案原图,https://cdn.suruga-ya.jp/database/pics_webp/game/859044903.jpg.webp,档案单品原图
KR-MER-0822,Ani-Art Badge Ver.A,鬼龍紅郎 「あんさんぶるスターズ! トレーディング Ani-Art 缶バッジ Ver.A」,アルマビアンカ,非官图已撤,非官方图片来源：cdn.suruga-ya.jp,从网页展示层撤下；不补图,实图已入库,,https://cdn.suruga-ya.jp/database/pics_webp/game/871695251.jpg.webp,駿河屋角色单品档案原图＋AMNIBUS公式,https://cdn.suruga-ya.jp/database/pics_webp/game/871695251.jpg.webp,档案单品原图
KR-MER-0823,Ani-Art Acrylic Keyholder Ver.A,鬼龍紅郎 「あんさんぶるスターズ! トレーディング Ani-Art アクリルキーホルダー Ver.A」,アルマビアンカ,非官图已撤,非官方图片来源：cdn.suruga-ya.jp,从网页展示层撤下；不补图,实图已入库,,https://cdn.suruga-ya.jp/database/pics_webp/game/608863450.jpg.webp,駿河屋角色单品档案原图,https://cdn.suruga-ya.jp/database/pics_webp/game/608863450.jpg.webp,档案单品原图
KR-MER-0824,Anniversary Rock Pick Charm,鬼龍紅郎 Anniversary Rock ピックチャーム 「あんさんぶるスターズ!!」,フロンティアワークス,非官图已撤,非官方图片来源：cdn.suruga-ya.jp,从网页展示层撤下；不补图,实图已入库,,https://cdn.suruga-ya.jp/database/pics_webp/game/508463086.jpg.webp,駿河屋角色单品档案原图,https://cdn.suruga-ya.jp/database/pics_webp/game/508463086.jpg.webp,档案单品原图
KR-MER-0826,ES 6th Anniversary Postcard Kuro,鬼龍紅郎 ES 6th Anniversary ポストカード 「あんさんぶるスターズ!!」,フロンティアワークス,非官图已撤,非官方图片来源：cdn.suruga-ya.jp,从网页展示层撤下；不补图,实图已入库,,https://cdn.suruga-ya.jp/database/pics_webp/game/892539239.jpg.webp,駿河屋角色单品档案原图,https://cdn.suruga-ya.jp/database/pics_webp/game/892539239.jpg.webp,档案单品原图
KR-MER-0827,Mini Character Badge Collection D,鬼龍紅郎 「あんさんぶるスターズ! ミニキャラバッジコレクション D」,フロンティアワークス,非官图已撤,非官方图片来源：cdn.suruga-ya.jp,从网页展示层撤下；不补图,实图已入库,,https://cdn.suruga-ya.jp/database/pics_webp/game/871670846.jpg.webp,駿河屋角色单品档案原图,https://cdn.suruga-ya.jp/database/pics_webp/game/871670846.jpg.webp,档案单品原图
KR-MER-0829,Life-size Cloth Poster Kuro,等身大布ポスター 鬼龍紅郎 「あんさんぶるスターズ!」 アニメイトオンライン限定,フロンティアワークス,非官图已撤,非官方图片来源：cdn.suruga-ya.jp,从网页展示层撤下；不补图,实图已入库,,https://cdn.suruga-ya.jp/database/pics_webp/game/608958897.jpg.webp,駿河屋鬼龍紅郎角色单品档案原图,https://cdn.suruga-ya.jp/database/pics_webp/game/608958897.jpg.webp,档案单品原图
KR-MER-0832,DREAM LIVE 8th Badge Praesepe B,鬼龍紅郎(紅月) 「あんさんぶるスターズ!! DREAM LIVE -8th Tour “Praesepe #Cancer”- 缶バッジコレクション ver.Praesepe/B」,DREAM LIVE公式流通,非官图已撤,非官方图片来源：cdn.suruga-ya.jp,从网页展示层撤下；不补图,实图已入库,,https://cdn.suruga-ya.jp/database/pics_webp/game/871312735.jpg.webp,駿河屋角色单品档案原图,https://cdn.suruga-ya.jp/database/pics_webp/game/871312735.jpg.webp,档案单品原图
KR-MER-0833,DREAM LIVE 8th A4 Clear File Praesepe,鬼龍紅郎(紅月) A4クリアファイル ver.Praesepe 「あんさんぶるスターズ!! DREAM LIVE -8th Tour “Praesepe #Cancer”-」,DREAM LIVE公式流通,非官图已撤,非官方图片来源：cdn.suruga-ya.jp,从网页展示层撤下；不补图,实图已入库,,https://cdn.suruga-ya.jp/database/pics_webp/game/994136877.jpg.webp,駿河屋角色单品档案原图,https://cdn.suruga-ya.jp/database/pics_webp/game/994136877.jpg.webp,档案单品原图
KR-MER-0834,DREAM LIVE 8th Penlight Tube Praesepe,鬼龍紅郎(紅月) ペンライトチューブ ver.Praesepe 「あんさんぶるスターズ!! DREAM LIVE -8th Tour “Praesepe #Cancer”-」,DREAM LIVE公式流通,非官图已撤,非官方图片来源：cdn.suruga-ya.jp,从网页展示层撤下；不补图,实图已入库,,https://cdn.suruga-ya.jp/database/pics_webp/game/560235858.jpg.webp,駿河屋角色单品档案原图,https://cdn.suruga-ya.jp/database/pics_webp/game/560235858.jpg.webp,档案单品原图
KR-MER-0836,HAPPY NEW TERM Rectangular Badge 2020,鬼龍紅郎 HAPPY NEW TERM!! まるかくカンバッジ2020 「あんさんぶるスターズ!!」 エンスカイショップ限定,エンスカイ,非官图已撤,非官方图片来源：cdn.suruga-ya.jp,从网页展示层撤下；不补图,实图已入库,,https://cdn.suruga-ya.jp/database/pics_webp/game/871105534.jpg.webp,駿河屋角色单品档案原图,https://cdn.suruga-ya.jp/database/pics_webp/game/871105534.jpg.webp,档案单品原图
KR-MER-0837,PUKU RAME ACKY Dbox Kuro,鬼龍紅郎 「あんさんぶるスターズ!! PUKU RAME ACKY -ぷくラメアクキー- Dbox」,エンスカイ,非官图已撤,非官方图片来源：cdn.suruga-ya.jp,从网页展示层撤下；不补图,实图已入库,,https://cdn.suruga-ya.jp/database/pics_webp/game/508592471.jpg.webp,駿河屋角色单品档案原图,https://cdn.suruga-ya.jp/database/pics_webp/game/508592471.jpg.webp,档案单品原图
KR-MER-0838,Lumiere Penlight A Box Kuro,鬼龍紅郎 「あんさんぶるスターズ!! ルミエルペンライトAbox」,エンスカイ,非官图已撤,非官方图片来源：cdn.suruga-ya.jp,从网页展示层撤下；不补图,实图已入库,,https://cdn.suruga-ya.jp/database/pics_webp/game/508042817.jpg.webp,駿河屋角色单品档案原图,https://cdn.suruga-ya.jp/database/pics_webp/game/508042817.jpg.webp,档案单品原图
KR-MER-0839,Soft Clear Strap L Collections 2 Third Years,鬼龍紅郎 「あんさんぶるスターズ! やわらかクリアストラップLコレクションズ2：3年生!」,エンスカイ,非官图已撤,非官方图片来源：cdn.suruga-ya.jp,从网页展示层撤下；不补图,实图已入库,assets/images/KR-MER-0839.webp,https://cdn.suruga-ya.jp/database/pics_webp/game/608361914.jpg.webp,駿河屋角色单品档案原图,https://cdn.suruga-ya.jp/database/pics_webp/game/608361914.jpg.webp,档案单品原图
KR-MER-0840,Soft Clear Strap L Collections Third Years Initial,鬼龍紅郎 「あんさんぶるスターズ! やわらかクリアストラップLコレクションズ/3年生!」,エンスカイ,非官图已撤,非官方图片来源：cdn.suruga-ya.jp,从网页展示层撤下；不补图,实图已入库,assets/images/KR-MER-0840.webp,https://cdn.suruga-ya.jp/database/pics_webp/game/608377328.jpg.webp,駿河屋角色单品档案原图,https://cdn.suruga-ya.jp/database/pics_webp/game/608377328.jpg.webp,档案单品原图
KR-MER-0841,Candy Acrylic Keyholder A Flashback,鬼龍紅郎 「あんさんぶるスターズ! キャンディアクリルキーホルダー A～追憶～」,エンスカイ,非官图已撤,非官方图片来源：cdn.suruga-ya.jp,从网页展示层撤下；不补图,实图已入库,,https://cdn.suruga-ya.jp/database/pics_webp/game/608558162.jpg.webp,駿河屋角色单品档案原图,https://cdn.suruga-ya.jp/database/pics_webp/game/608558162.jpg.webp,档案单品原图
KR-MER-0842,Valentine Rectangular Badge 2017,31.鬼龍紅郎 バレンタインまるかくカンバッジ2017Ver. 「あんさんぶるスターズ!」,エンスカイ,非官图已撤,非官方图片来源：cdn.suruga-ya.jp,从网页展示层撤下；不补图,实图已入库,assets/images/KR-MER-0842.webp,https://cdn.suruga-ya.jp/database/pics_webp/game/871291792.jpg.webp,駿河屋角色单品档案原图,https://cdn.suruga-ya.jp/database/pics_webp/game/871291792.jpg.webp,档案单品原图
KR-MER-0843,Valentine Rectangular Badge 2018,10.鬼龍紅郎 バレンタインまるかくカンバッジ2018Ver. 「あんさんぶるスターズ!」,エンスカイ,非官图已撤,非官方图片来源：cdn.suruga-ya.jp,从网页展示层撤下；不补图,实图已入库,assets/images/KR-MER-0843.webp,https://cdn.suruga-ya.jp/database/pics_webp/game/871124247.jpg.webp,駿河屋角色单品档案原图,https://cdn.suruga-ya.jp/database/pics_webp/game/871124247.jpg.webp,档案单品原图
KR-MER-0844,Valentine Heart Badge 3rd Anniversary Bonus,鬼龍紅郎 「あんさんぶるスターズ! バレンタインハートカンバッジ 3rd Anniversary グループB」 バレンタインまるかくカンバッジ2019Ver.購入特典,エンスカイ,非官图已撤,非官方图片来源：cdn.suruga-ya.jp,从网页展示层撤下；不补图,实图已入库,,https://cdn.suruga-ya.jp/database/pics_webp/game/871653924.jpg.webp,駿河屋角色单品档案原图,https://cdn.suruga-ya.jp/database/pics_webp/game/871653924.jpg.webp,档案单品原图
KR-MER-0845,Long Can Badge Collection 9 Kuro,鬼龍紅郎 「あんさんぶるスターズ! ロングカンバッジコレクション9」,エンスカイ,非官图已撤,非官方图片来源：cdn.suruga-ya.jp,从网页展示层撤下；不补图,实图已入库,assets/images/KR-MER-0845.webp,https://cdn.suruga-ya.jp/database/pics_webp/game/871633882.jpg.webp,駿河屋角色单品档案原图,https://cdn.suruga-ya.jp/database/pics_webp/game/871633882.jpg.webp,档案单品原图
KR-MER-0846,Glitter Glitter Acrylic Keyholder Cbox,鬼龍紅郎 「あんさんぶるスターズ! ラメラメアクリルキーホルダー Cbox」,エンスカイ,非官图已撤,非官方图片来源：cdn.suruga-ya.jp,从网页展示层撤下；不补图,实图已入库,,https://cdn.suruga-ya.jp/database/pics_webp/game/608862145.jpg.webp,駿河屋角色单品档案原图,https://cdn.suruga-ya.jp/database/pics_webp/game/608862145.jpg.webp,档案单品原图
KR-MER-0847,PikaPika Gold Acrylic Keyholder Dbox,鬼龍紅郎 「あんさんぶるスターズ! ピカピカゴールドアクリルキーホルダー Dbox」,エンスカイ,非官图已撤,非官方图片来源：cdn.suruga-ya.jp,从网页展示层撤下；不补图,实图已入库,,https://cdn.suruga-ya.jp/database/pics_webp/game/608709496.jpg.webp,駿河屋角色单品档案原图,https://cdn.suruga-ya.jp/database/pics_webp/game/608709496.jpg.webp,档案单品原图
KR-MER-0848,10 Years of Miracles Glitter Acrylic Stand,鬼龍紅郎 ラメアクリルスタンド 「あんさんぶるスターズ!! POP-UP SHOP -10年のキセキ-」,エンスカイ,非官图已撤,非官方图片来源：static.mercdn.net,从网页展示层撤下；不补图,实图已入库,assets/images/KR-MER-0848.webp,https://static.mercdn.net/item/detail/orig/photos/m19701624267_1.jpg?1762174185,Mercari鬼龍紅郎10年のキセキラメアクスタ精确实物＋駿河屋/Ensky交叉,https://static.mercdn.net/item/detail/orig/photos/m19701624267_1.jpg?1762174185,精确二手角色单品实物图
KR-MER-0850,TGC 2020 Trading Acrylic Stand B,鬼龍紅郎 東京ガールズコレクション2020 SPRING/SUMMER トレーディングアクリルスタンドB 「あんさんぶるスターズ!」 東急ハンズ限定,アートプレスト,非官图已撤,非官方图片来源：cdn.suruga-ya.jp,从网页展示层撤下；不补图,实图已入库,,https://cdn.suruga-ya.jp/database/pics_webp/game/508079464.jpg.webp,駿河屋角色单品档案原图,https://cdn.suruga-ya.jp/database/pics_webp/game/508079464.jpg.webp,档案单品原图
KR-MER-0851,Kyomaf Mini Character Acrylic Stand B,鬼龍紅郎 「あんさんぶるスターズ!!×京まふ ミニキャラアクリルスタンドB」,pattythree,非官图已撤,非官方图片来源：cdn.suruga-ya.jp,从网页展示层撤下；不补图,实图已入库,,https://cdn.suruga-ya.jp/database/pics_webp/game/560201778.jpg.webp,駿河屋角色单品档案原图＋pattythree官方Family规格,https://cdn.suruga-ya.jp/database/pics_webp/game/560201778.jpg.webp,档案单品原图
KR-MER-0852,Starfall Night Tea Party Acrylic Stand A Box,鬼龍紅郎 「あんさんぶるスターズ!! 星降る夜のティーパーティー ボールチェーン付トレーディングアクリルスタンド A-BOX」,Happy Elements K.K,非官图已撤,非官方图片来源：img.lashinbang.com,从网页展示层撤下；不补图,实图已入库,assets/images/KR-MER-0852.webp,https://img.lashinbang.com/544/203510709544_L.jpg,らしんばん鬼龍紅郎精确角色sample图＋駿河屋角色档案,https://img.lashinbang.com/544/203510709544_L.jpg,二级店铺角色sample图
KR-MER-0853,ES Idol Acrylic Smartphone Stand Kuro,鬼龍紅郎 ESアイドルアクリルスマホスタンド 「あんさんぶるスターズ!!」,トイズ・プランニング,非官图已撤,非官方图片来源：cdn.suruga-ya.jp,从网页展示层撤下；不补图,实图已入库,,https://cdn.suruga-ya.jp/database/pics_webp/game/878040296.jpg.webp,駿河屋角色单品档案原图,https://cdn.suruga-ya.jp/database/pics_webp/game/878040296.jpg.webp,档案单品原图
KR-MER-0854,China Light-Shadow Quicksand Acrylic Block,鬼龍紅郎 光影流砂アクリルブロック 「あんさんぶるスターズ!!」 中国限定,中国官方渠道,非官图已撤,非官方图片来源：img.lashinbang.com,从网页展示层撤下；不补图,实图已入库,,https://img.lashinbang.com/382/203511675382_L.jpg,らしんばん鬼龍紅郎精确同名商品样品图,https://img.lashinbang.com/382/203511675382_L.jpg,らしんばん精确商品图
KR-MER-0855,China Amusement Party Handwritten Acrylic Board,鬼龍紅郎 遊園会シリーズ 手書きアクリルボード 「あんさんぶるスターズ!!」 中国7周年オフラインイベント,中国官方渠道,非官图已撤,非官方图片来源：item-shopping.c.yimg.jp,从网页展示层撤下；不补图,实图已入库,assets/images/KR-MER-0855.jpg,,らしんばん通販Yahoo!店精确商品サンプル画像＋駿河屋角色直证,https://item-shopping.c.yimg.jp/i/n/lashinbangtsuuhan_l06256236,精确零售商品样图
KR-MER-0856,Nokkari Rubber Clip vol.3 Kuro,鬼龍紅郎 「あんさんぶるスターズ! のっかりラバークリップvol.3」,エンスカイ,非官图已撤,非官方图片来源：cdn.suruga-ya.jp,从网页展示层撤下；不补图,实图已入库,assets/images/KR-MER-0856.webp,https://cdn.suruga-ya.jp/database/pics_webp/game/608392340.jpg.webp,駿河屋角色单品档案原图,https://cdn.suruga-ya.jp/database/pics_webp/game/608392340.jpg.webp,档案单品原图
KR-MER-0857,Nokkari Rubber Clip vol.5 Kuro,鬼龍紅郎 「あんさんぶるスターズ!! のっかりラバークリップvol.5」,エンスカイ,非官图已撤,非官方图片来源：cdn.suruga-ya.jp,从网页展示层撤下；不补图,实图已入库,assets/images/KR-MER-0857.webp,https://cdn.suruga-ya.jp/database/pics_webp/game/508305765.jpg.webp,駿河屋角色单品档案原图,https://cdn.suruga-ya.jp/database/pics_webp/game/508305765.jpg.webp,档案单品原图
KR-MER-0858,Star Can Badge vol.5 Kuro,鬼龍紅郎 「あんさんぶるスターズ! おほしさまカンバッジvol.5」,エンスカイ,非官图已撤,非官方图片来源：cdn.suruga-ya.jp,从网页展示层撤下；不补图,实图已入库,,https://cdn.suruga-ya.jp/pics_webp/boxart_m/871665116m.jpg.webp,駿河屋角色档案图,https://cdn.suruga-ya.jp/pics_webp/boxart_m/871665116m.jpg.webp,档案角色缩略原图
KR-MER-0859,SHUFFLE Badge Puffy Bunny & Butokai Idol Side,鬼龍紅郎 「あんさんぶるスターズ!! SHUFFLEコレ缶バッジ[Puffy☆Bunny＆舞闘会] -Idol Side-」,エンスカイ,非官图已撤,非官方图片来源：www.suruga-ya.jp,从网页展示层撤下；不补图,实图已入库,assets/images/KR-MER-0859.webp,,駿河屋角色单品档案图,https://www.suruga-ya.jp/product/detail/871199492,角色商品页主图
KR-MER-0861,Animate Cafe TV Anime 2nd Sakura Badge A,鬼龍紅郎 「TVアニメ あんさんぶるスターズ!×animatecafe 第二弾 トレーディング缶バッジ(桜ver.) Aグループ」,アニメイト,非官图已撤,非官方图片来源：cdn.suruga-ya.jp,从网页展示层撤下；不补图,实图已入库,,https://cdn.suruga-ya.jp/database/pics_webp/game/871793066.jpg.webp,駿河屋鬼龍紅郎角色单品档案原图,https://cdn.suruga-ya.jp/database/pics_webp/game/871793066.jpg.webp,档案单品原图
KR-MER-0863,Crossroad Trading Acrylic Keyholder Akatsuki Outfit,鬼龍紅郎(紅月衣装ver.) 「あんさんぶるスターズ!! 追憶セレクション POP-UP STORE クロスロード トレーディングアクリルキーホルダー」,カミオジャパン,非官图已撤,非官方图片来源：www.suruga-ya.jp,从网页展示层撤下；不补图,实图已入库,assets/images/KR-MER-0863.webp,,Crossroad封口图片工程,https://www.suruga-ya.jp/product/detail/561091854,封口主图
KR-MER-0864,Crossroad Trading Acrylic Keyholder Deadmans Outfit,鬼龍紅郎(デッドマンズ衣装ver.) 「あんさんぶるスターズ!! 追憶セレクション POP-UP STORE クロスロード トレーディングアクリルキーホルダー」,カミオジャパン,非官图已撤,非官方图片来源：www.suruga-ya.jp,从网页展示层撤下；不补图,实图已入库,assets/images/KR-MER-0864.webp,,Crossroad封口图片工程,https://www.suruga-ya.jp/product/detail/561091848,封口主图
KR-MER-0865,Crossroad Trading Can Badge Akatsuki Outfit,鬼龍紅郎(紅月衣装ver.) 「あんさんぶるスターズ!! 追憶セレクション POP-UP STORE クロスロード トレーディング缶バッジ」,カミオジャパン,非官图已撤,非官方图片来源：www.suruga-ya.jp,从网页展示层撤下；不补图,实图已入库,assets/images/KR-MER-0865.webp,,Crossroad封口图片工程,https://www.suruga-ya.jp/product/detail/871912221,封口主图
KR-MER-0866,Crossroad Trading Can Badge Deadmans Outfit,鬼龍紅郎(デッドマンズ衣装ver.) 「あんさんぶるスターズ!! 追憶セレクション POP-UP STORE クロスロード トレーディング缶バッジ」,カミオジャパン,非官图已撤,非官方图片来源：www.suruga-ya.jp,从网页展示层撤下；不补图,实图已入库,assets/images/KR-MER-0866.webp,,Crossroad封口图片工程,https://www.suruga-ya.jp/product/detail/871912215,封口主图
KR-MER-0867,Superbloom × Karaoke SNS Acrylic Card Cbox,鬼龍紅郎 「あんさんぶるスターズ!! Cast Live Starry Symphony - Superbloom -×カラオケの鉄人 トレーディングSNS風アクリルカード(C box)」,鉄人エンタープライズ,非官图已撤,非官方图片来源：cdn.suruga-ya.jp,从网页展示层撤下；不补图,实图已入库,assets/images/KR-MER-0867.webp,https://cdn.suruga-ya.jp/database/pics_webp/game/892773499.jpg.webp,駿河屋角色单品档案原图,https://cdn.suruga-ya.jp/database/pics_webp/game/892773499.jpg.webp,档案单品原图
KR-MER-0868,ENSEMBLE HOLIDAY Snow-globe Liquid Acrylic Keyholder,斎宮宗＆瀬名泉＆鬼龍紅郎＆衣更真緒 スノードーム風リキッドアクリルキーホルダー 「あんさんぶるスターズ!! ENSEMBLE HOLIDAY!!×animatecafe」,アニメイト,非官图已撤,非官方图片来源：cdn.suruga-ya.jp,从网页展示层撤下；不补图,实图已入库,,https://cdn.suruga-ya.jp/database/pics_webp/game/560709114.jpg.webp,駿河屋精确组合商品档案原图,https://cdn.suruga-ya.jp/database/pics_webp/game/560709114.jpg.webp,档案组合商品原图
KR-MER-0869,Crossroad Cafe Aurora Acrylic Stand Akatsuki,鬼龍紅郎(紅月) 「あんさんぶるスターズ!! 追憶セレクション クロスロード×animatecafe トレーディング描き起こしビジュアル オーロラアクリルスタンドコレクション」,アニメイト,非官图已撤,非官方图片来源：www.suruga-ya.jp,从网页展示层撤下；不补图,实图已入库,assets/images/KR-MER-0869.webp,,Crossroad封口图片工程,https://www.suruga-ya.jp/product/detail/560230074,封口主图
KR-MER-0870,Crossroad Cafe CoLotta Akatsuki,鬼龍紅郎(紅月) 「あんさんぶるスターズ!! 追憶セレクション クロスロード×animatecafe トレーディング CoLotta」,アニメイト,非官图已撤,非官方图片来源：www.suruga-ya.jp,从网页展示层撤下；不补图,实图已入库,assets/images/KR-MER-0870.webp,,Crossroad封口图片工程,https://www.suruga-ya.jp/product/detail/560230100,封口主图
KR-MER-0871,Crossroad Cafe Aurora Sticker Deadmans,鬼龍紅郎(デッドマンズ) 「あんさんぶるスターズ!! 追憶セレクション クロスロード×animatecafe トレーディング描き起こしビジュアル オーロラステッカーコレクション」,アニメイト,非官图已撤,非官方图片来源：www.suruga-ya.jp,从网页展示层撤下；不补图,实图已入库,assets/images/KR-MER-0871.webp,,Crossroad封口图片工程,https://www.suruga-ya.jp/product/detail/859122723,封口主图
KR-MER-0872,Crossroad Gratte Bromide Akatsuki,鬼龍紅郎(紅月) ブロマイド 「あんさんぶるスターズ!! 追憶セレクション クロスロード×Gratte animatecafe」,アニメイト,非官图已撤,非官方图片来源：www.suruga-ya.jp,从网页展示层撤下；不补图,实图已入库,assets/images/KR-MER-0872.webp,,Crossroad封口图片工程,https://www.suruga-ya.jp/product/detail/892196256,封口主图
KR-MER-0873,Crossroad Gratte Bromide Deadmans,鬼龍紅郎(デッドマンズ) ブロマイド 「あんさんぶるスターズ!! 追憶セレクション クロスロード×Gratte animatecafe」,アニメイト,非官图已撤,非官方图片来源：www.suruga-ya.jp,从网页展示层撤下；不补图,实图已入库,assets/images/KR-MER-0873.webp,,Crossroad封口图片工程,https://www.suruga-ya.jp/product/detail/892196250,封口主图
KR-MER-0874,Crossroad Cafe Pop Stand Akatsuki,鬼龍紅郎(紅月) 描き起こしビジュアル ポップスタンド 「あんさんぶるスターズ!! 追憶セレクション クロスロード×animatecafe」,アニメイト,非官图已撤,非官方图片来源：www.suruga-ya.jp,从网页展示层撤下；不补图,实图已入库,assets/images/KR-MER-0874.webp,,Crossroad封口图片工程,https://www.suruga-ya.jp/product/detail/560230086,封口主图
KR-MER-0875,Crossroad Cafe Pop Stand Deadmans,鬼龍紅郎(デッドマンズ) 描き起こしビジュアル ポップスタンド 「あんさんぶるスターズ!! 追憶セレクション クロスロード×animatecafe」,アニメイト,非官图已撤,非官方图片来源：www.suruga-ya.jp,从网页展示层撤下；不补图,实图已入库,assets/images/KR-MER-0875.webp,,Crossroad封口图片工程,https://www.suruga-ya.jp/product/detail/560230080,封口主图
KR-MER-0876,Ensky Deco Sticker 10 Costume,鬼龍紅郎(衣装) 「あんさんぶるスターズ! デコステッカー10 ガムつき」,エンスカイ,非官图已撤,非官方图片来源：cdn.suruga-ya.jp,从网页展示层撤下；不补图,实图已入库,assets/images/KR-MER-0876.webp,https://cdn.suruga-ya.jp/pics_webp/boxart_m/662001127m.jpg.webp,駿河屋全72種セットsample＋同页列顺・鬼龍紅郎(衣装)第9项无歧义裁切,https://cdn.suruga-ya.jp/pics_webp/boxart_m/662001127m.jpg.webp,官方档案全套sample・同页顺序定位裁切
KR-MER-0877,Frontier Mini Picture-frame Stand,鬼龍紅郎 ミニ額縁スタンド 「あんさんぶるスターズ!」,フロンティアワークス,非官图已撤,非官方图片来源：cdn.suruga-ya.jp,从网页展示层撤下；不补图,实图已入库,,https://cdn.suruga-ya.jp/database/pics_webp/game/508079042.jpg.webp,駿河屋角色单品档案原图,https://cdn.suruga-ya.jp/database/pics_webp/game/508079042.jpg.webp,档案单品原图
KR-MER-0878,Crossroad Cafe CoLotta Deadmans,鬼龍紅郎(デッドマンズ) 「あんさんぶるスターズ!! 追憶セレクション クロスロード×animatecafe トレーディング CoLotta 追憶セレクション クロスロード」,アニメイト,非官图已撤,非官方图片来源：www.suruga-ya.jp,从网页展示层撤下；不补图,实图已入库,assets/images/KR-MER-0878.webp,,Crossroad封口图片工程,https://www.suruga-ya.jp/product/detail/560230094,封口主图
KR-MER-0879,Crossroad Cafe Aurora Badge Deadmans,鬼龍紅郎(デッドマンズ) 「あんさんぶるスターズ!! 追憶セレクション クロスロード×animatecafe トレーディング描き起こしビジュアル オーロラ缶バッジコレクション」,アニメイト,非官图已撤,非官方图片来源：www.suruga-ya.jp,从网页展示层撤下；不补图,实图已入库,assets/images/KR-MER-0879.webp,,Crossroad封口图片工程,https://www.suruga-ya.jp/product/detail/871310988,封口主图
KR-MER-0881,Animate Cafe 2015 Acrylic KH 2,鬼龍紅郎 「あんさんぶるスターズ!×animatecafe トレーディングアクリルキーホルダー 第2弾」 アニメイトカフェ限定,アニメイト,非官图已撤,非官方图片来源：cdn.suruga-ya.jp,从网页展示层撤下；不补图,实图已入库,assets/images/KR-MER-0881.webp,https://cdn.suruga-ya.jp/database/pics_webp/game/608378935.jpg.webp,駿河屋角色单品档案原图,https://cdn.suruga-ya.jp/database/pics_webp/game/608378935.jpg.webp,档案单品原图
KR-MER-0882,Animate Cafe 2015 Can Badge 2,鬼龍紅郎 「あんさんぶるスターズ!×animatecafe トレーディング缶バッジ 第2弾」 アニメイトカフェ限定,アニメイト,非官图已撤,非官方图片来源：cdn.suruga-ya.jp,从网页展示层撤下；不补图,实图已入库,assets/images/KR-MER-0882.webp,https://cdn.suruga-ya.jp/database/pics_webp/game/871524862.jpg.webp,駿河屋角色单品档案原图,https://cdn.suruga-ya.jp/database/pics_webp/game/871524862.jpg.webp,档案单品原图
KR-MER-0883,Animate Cafe Style 1 Badge,鬼龍紅郎 「あんさんぶるスターズ!×animatecafe トレーディング缶バッジ カフェスタイル第1弾」,アニメイト,非官图已撤,非官方图片来源：cdn.suruga-ya.jp,从网页展示层撤下；不补图,实图已入库,assets/images/KR-MER-0883.webp,https://cdn.suruga-ya.jp/database/pics_webp/game/871532621.jpg.webp,駿河屋角色单品档案原图,https://cdn.suruga-ya.jp/database/pics_webp/game/871532621.jpg.webp,档案单品原图
KR-MER-0884,Animate Cafe Style 1 Acrylic KH,鬼龍紅郎 「あんさんぶるスターズ!×animatecafe トレーディングアクリルキーホルダー カフェスタイル第1弾」,アニメイト,非官图已撤,非官方图片来源：cdn.suruga-ya.jp,从网页展示层撤下；不补图,实图已入库,assets/images/KR-MER-0884.webp,https://cdn.suruga-ya.jp/database/pics_webp/game/608408206.jpg.webp,駿河屋角色单品档案原图,https://cdn.suruga-ya.jp/database/pics_webp/game/608408206.jpg.webp,档案单品原图
KR-MER-0885,Animate Cafe Style Coaster 2016,鬼龍紅郎(カフェスタイル) コースター 「あんさんぶるスターズ!×animatecafe」 メニュー注文特典,アニメイト,非官图已撤,非官方图片来源：cdn.suruga-ya.jp,从网页展示层撤下；不补图,实图已入库,assets/images/KR-MER-0885.webp,https://cdn.suruga-ya.jp/database/pics_webp/game/992023167.jpg.webp,駿河屋角色单品档案原图,https://cdn.suruga-ya.jp/database/pics_webp/game/992023167.jpg.webp,档案单品原图
KR-MER-0886,Animate Cafe 2nd Anniv Acrylic KH A,鬼龍紅郎 「あんさんぶるスターズ!×animatecafe トレーディングアクリルキーホルダー 2nd Anniversary ver.(A)」,アニメイト,非官图已撤,非官方图片来源：cdn.suruga-ya.jp,从网页展示层撤下；不补图,实图已入库,assets/images/KR-MER-0886.webp,https://cdn.suruga-ya.jp/database/pics_webp/game/608490548.jpg.webp,駿河屋角色单品档案原图,https://cdn.suruga-ya.jp/database/pics_webp/game/608490548.jpg.webp,档案单品原图
KR-MER-0887,Animate Cafe 2nd Anniv Signed Coaster,鬼龍紅郎(サイン入りver.) コースター 「あんさんぶるスターズ!×animatecafe」 カフェもアニメイトも両方楽しんじゃおう!キャンペーン,アニメイト,非官图已撤,非官方图片来源：www.suruga-ya.jp,从网页展示层撤下；不补图,实图已入库,assets/images/KR-MER-0887.webp,https://www.suruga-ya.jp/database/pics/game/992029470.jpg,駿河屋角色单品档案原图,https://www.suruga-ya.jp/database/pics/game/992029470.jpg,档案单品原图
KR-MER-0888,Animate Cafe Yumenosaki Cook AS KH A,鬼龍紅郎 「あんさんぶるスターズ!×animatecafe トレーディングアクリルスタンドキーホルダー 夢ノ咲コックver. Aグループ」,アニメイト,非官图已撤,非官方图片来源：cdn.suruga-ya.jp,从网页展示层撤下；不补图,实图已入库,assets/images/KR-MER-0888.webp,https://cdn.suruga-ya.jp/database/pics_webp/game/608533045.jpg.webp,駿河屋角色单品档案原图,https://cdn.suruga-ya.jp/database/pics_webp/game/608533045.jpg.webp,档案单品原图
KR-MER-0889,Animate Cafe Cook Signed Coaster,鬼龍紅郎(サイン入りver./夢ノ咲コックver.) コースター 「あんさんぶるスターズ!×animatecafe」 カフェもアニメイトも両方楽しんじゃおう!キャンペーン,アニメイト,非官图已撤,非官方图片来源：cdn.suruga-ya.jp,从网页展示层撤下；不补图,实图已入库,assets/images/KR-MER-0889.webp,https://cdn.suruga-ya.jp/database/pics_webp/game/992033786.jpg.webp,駿河屋角色单品档案原图,https://cdn.suruga-ya.jp/database/pics_webp/game/992033786.jpg.webp,档案单品原图
KR-MER-0890,Animate Cafe Picnic Heart Badge A,鬼龍紅郎 「あんさんぶるスターズ!×animatecafe トレーディングハート型缶バッジ 夢ノ咲ピクニックver. Aグループ」,アニメイト,非官图已撤,非官方图片来源：cdn.suruga-ya.jp,从网页展示层撤下；不补图,实图已入库,assets/images/KR-MER-0890.webp,https://cdn.suruga-ya.jp/database/pics_webp/game/871604792.jpg.webp,駿河屋角色单品档案原图,https://cdn.suruga-ya.jp/database/pics_webp/game/871604792.jpg.webp,档案单品原图
KR-MER-0891,Animate Cafe Clear Sweets Box Akatsuki,紅月(鬼龍紅郎) クリアスイーツBOX(ハート型) 「あんさんぶるスターズ!×animatecafe」,アニメイト,非官图已撤,非官方图片来源：cdn.suruga-ya.jp,从网页展示层撤下；不补图,实图已入库,assets/images/KR-MER-0891.webp,https://cdn.suruga-ya.jp/database/pics_webp/game/608624382.jpg.webp,駿河屋角色单品档案原图,https://cdn.suruga-ya.jp/database/pics_webp/game/608624382.jpg.webp,档案单品原图
KR-MER-0892,Animate Cafe Blood Banquet Badge A,鬼龍紅郎 「あんさんぶるスターズ!×animatecafe トレーディング缶バッジ ブラッドバンケットver. Aグループ」,アニメイト,非官图已撤,非官方图片来源：img.fril.jp,从网页展示层撤下；不补图,实图已入库,assets/images/KR-MER-0892.webp,https://img.fril.jp/img/191596667/l/546551633.jpg?1545480125=,ラクマ角色单品实物图,https://img.fril.jp/img/191596667/l/546551633.jpg?1545480125=,二手实物原图
KR-MER-0893,Animate Cafe CoLotta vol.2 A,鬼龍紅郎 「あんさんぶるスターズ!×animatecafe CoLotta(トレーディングアクリルプレートキーホルダー) vol.2 Aグループ」,アニメイト,非官图已撤,非官方图片来源：cdn.suruga-ya.jp,从网页展示层撤下；不补图,实图已入库,assets/images/KR-MER-0893.webp,https://cdn.suruga-ya.jp/database/pics_webp/game/608717339.jpg.webp,駿河屋角色单品档案原图,https://cdn.suruga-ya.jp/database/pics_webp/game/608717339.jpg.webp,档案单品原图
KR-MER-0894,TV Anime Cafe 2019 Front Coaster,鬼龍紅郎 コースター 「TVアニメ あんさんぶるスターズ!×animatecafe」 前半メニュー注文特典,アニメイト,非官图已撤,非官方图片来源：cdn.suruga-ya.jp,从网页展示层撤下；不补图,实图已入库,,https://cdn.suruga-ya.jp/database/pics_webp/game/992066668.jpg.webp,駿河屋鬼龍紅郎角色单品档案原图,https://cdn.suruga-ya.jp/database/pics_webp/game/992066668.jpg.webp,档案单品原图
KR-MER-0895,TV Anime Cafe 2019 Star Badge A,鬼龍紅郎 「TVアニメ あんさんぶるスターズ!×animatecafe トレーディング星型缶バッジA」,アニメイト,非官图已撤,非官方图片来源：img.fril.jp,从网页展示层撤下；不补图,实图已入库,assets/images/KR-MER-0895.webp,https://img.fril.jp/img/249812900/l/707859215.jpg?1565173388=,Rakuma同商品阵容图无歧义裁切,https://img.fril.jp/img/249812900/l/707859215.jpg?1565173388=,公开商品阵容图・角色裁切
KR-MER-0896,Animate Cafe CoLotta Vol.3 A,鬼龍紅郎 「あんさんぶるスターズ!!×animatecafe CoLotta(トレーディングアクリルプレートキーホルダー) Vol.3 Aグループ」,アニメイト,非官图已撤,非官方图片来源：cdn.suruga-ya.jp,从网页展示层撤下；不补图,实图已入库,,https://cdn.suruga-ya.jp/database/pics_webp/game/508036341.jpg.webp,駿河屋鬼龍紅郎角色单品档案原图,https://cdn.suruga-ya.jp/database/pics_webp/game/508036341.jpg.webp,档案单品原图
KR-MER-0897,Animate Cafe ES Anniversary Park AS KH A,鬼龍紅郎 「あんさんぶるスターズ!!×animatecafe トレーディングアクリルスタンドキーホルダー ESアニバーサリーパークVer. Aグループ」,アニメイト,非官图已撤,非官方图片来源：cdn.suruga-ya.jp,从网页展示层撤下；不补图,实图已入库,,https://cdn.suruga-ya.jp/database/pics_webp/game/508036392.jpg.webp,駿河屋鬼龍紅郎角色单品档案原图,https://cdn.suruga-ya.jp/database/pics_webp/game/508036392.jpg.webp,档案单品原图
KR-MER-0898,Animate Cafe 출장版 Horror Night Coaster,鬼龍紅郎 オリジナルコースター(ホラーナイト・ショー＆パレード) 「あんさんぶるスターズ!!×animatecafe 出張版」 メニュー注文特典,アニメイト,非官图已撤,非官方图片来源：cdn.suruga-ya.jp,从网页展示层撤下；不补图,实图已入库,,https://cdn.suruga-ya.jp/database/pics_webp/game/992079051.jpg.webp,駿河屋鬼龍紅郎角色单品档案原图,https://cdn.suruga-ya.jp/database/pics_webp/game/992079051.jpg.webp,档案单品原图
KR-MER-0899,Animate Cafe 2022 Visual Badge B,鬼龍紅郎 「あんさんぶるスターズ!!×animatecafe 描き起こしビジュアル缶バッジコレクション グループB」,アニメイト,非官图已撤,非官方图片来源：cdn.suruga-ya.jp,从网页展示层撤下；不补图,实图已入库,,https://images.weserv.nl/?url=https%3A%2F%2Fcdn.suruga-ya.jp%2Fdatabase%2Fpics_webp%2Fgame%2F871155397.jpg.webp&output=webp&q=92,駿河屋2022 animatecafe Group B・鬼龍紅郎精确单品档案图,https://cdn.suruga-ya.jp/database/pics_webp/game/871155397.jpg.webp,精确角色单品档案原图
KR-MER-0900,Animate Cafe Youme Overseas Acrylic Plate KH A,鬼龍紅郎 「あんさんぶるスターズ!×animate cafe(operated by Youme cafe) トレーディングアクリルプレートキーホルダー グループA」 海外限定,アニメイト,非官图已撤,非官方图片来源：cdn.suruga-ya.jp,从网页展示层撤下；不补图,实图已入库,,https://cdn.suruga-ya.jp/database/pics_webp/game/508497712.jpg.webp,駿河屋角色单品档案原图,https://cdn.suruga-ya.jp/database/pics_webp/game/508497712.jpg.webp,档案单品原图
KR-MER-0903,Feature Scout 2021 WINTER Casual Kuro,鬼龍紅郎 「あんさんぶるスターズ!! フィーチャースカウト缶バッジ[2021 WINTER]-Casual Side-」,フロンティアワークス,非官图已撤,非官方图片来源：jp.mercari.com,从网页展示层撤下；不补图,实图已入库,assets/images/KR-MER-0903.webp,,公开真实商品图/旧图鉴迁移,https://jp.mercari.com/item/m44488360398,二手实物图
KR-MER-0904,Crossroad Animate Cafe Aurora Badge Akatsuki,鬼龍紅郎(紅月) 「あんさんぶるスターズ!! 追憶セレクション『クロスロード』×animatecafe 描き起こしビジュアル オーロラ缶バッジコレクション」,アニメイトカフェ,非官图已撤,非官方图片来源：jp.mercari.com,从网页展示层撤下；不补图,实图已入库,assets/images/KR-MER-0904.webp,,Crossroad封口图片工程,https://jp.mercari.com/item/m30857357940,封口主图
KR-MER-0906,Crossroad Picharm 红郎 Deadmans单人,鬼龍紅郎(デッドマンズ衣装ver.) 「あんさんぶるスターズ!! 追憶セレクション POP-UP STORE クロスロード Picharm トレーディングクリアカード」,カミオジャパン,非官图已撤,非官方图片来源：www.suruga-ya.jp,从网页展示层撤下；不补图,实图已入库,assets/images/KR-MER-0906.webp,,Crossroad封口图片工程,https://www.suruga-ya.jp/product/detail/892369661,封口主图
KR-MER-0907,Crossroad Picharm 红郎 制服单人,鬼龍紅郎(制服) 「あんさんぶるスターズ!! 追憶セレクション POP-UP STORE クロスロード Picharm トレーディングクリアカード」,カミオジャパン,非官图已撤,非官方图片来源：www.suruga-ya.jp,从网页展示层撤下；不补图,实图已入库,assets/images/KR-MER-0907.webp,,Crossroad封口图片工程,https://www.suruga-ya.jp/product/detail/892369650,封口主图
KR-MER-0908,Crossroad Picharm 红月 Up合照,紅月(アップ) 「あんさんぶるスターズ!! 追憶セレクション POP-UP STORE クロスロード Picharm トレーディングクリアカード」,カミオジャパン,非官图已撤,非官方图片来源：www.suruga-ya.jp,从网页展示层撤下；不补图,实图已入库,assets/images/KR-MER-0908.webp,,Crossroad封口图片工程,https://www.suruga-ya.jp/product/detail/892369661,封口主图
KR-MER-0909,Crossroad Picharm 红月 决めポーズ合照,紅月(決めポーズ) 「あんさんぶるスターズ!! 追憶セレクション POP-UP STORE クロスロード Picharm トレーディングクリアカード」,カミオジャパン,非官图已撤,非官方图片来源：www.suruga-ya.jp,从网页展示层撤下；不补图,实图已入库,assets/images/KR-MER-0909.webp,,Crossroad封口图片工程,https://www.suruga-ya.jp/product/detail/892369768,封口主图
KR-MER-0918,Animate Cafe 梦之咲Cook普通菜单杯垫,鬼龍紅郎(夢ノ咲コックver.) コースター 「あんさんぶるスターズ!×animatecafe」 メニュー注文特典,アニメイト,非官图已撤,非官方图片来源：www.suruga-ya.jp,从网页展示层撤下；不补图,实图已入库,assets/images/KR-MER-0918.webp,https://www.suruga-ya.jp/database/pics/game/992033823.jpg,駿河屋角色单品档案原图,https://www.suruga-ya.jp/database/pics/game/992033823.jpg,档案单品原图
KR-MER-0919,Animate Cafe Blood Banquet菜单杯垫,鬼龍紅郎(ブラッドバンケットver.) コースター 「あんさんぶるスターズ!×animatecafe」 メニュー注文特典,アニメイト,非官图已撤,非官方图片来源：cdn.suruga-ya.jp,从网页展示层撤下；不补图,实图已入库,assets/images/KR-MER-0919.webp,https://cdn.suruga-ya.jp/database/pics_webp/game/992057093.jpg.webp,駿河屋角色单品档案原图,https://cdn.suruga-ya.jp/database/pics_webp/game/992057093.jpg.webp,档案单品原图
KR-MER-0920,Animate Cafe ES Anniversary Park缶バッジ A,鬼龍紅郎 「あんさんぶるスターズ!!×animatecafe トレーディング缶バッジ ESアニバーサリーパークVer. Aグループ」,アニメイト,非官图已撤,非官方图片来源：cdn.suruga-ya.jp,从网页展示层撤下；不补图,实图已入库,,https://cdn.suruga-ya.jp/database/pics_webp/game/871724806.jpg.webp,駿河屋鬼龍紅郎角色单品档案原图,https://cdn.suruga-ya.jp/database/pics_webp/game/871724806.jpg.webp,档案单品原图
KR-MER-0921,TV动画 Animate Cafe第二弹 Kuro菜单杯垫 A,鬼龍紅郎 コースター 「TVアニメ あんさんぶるスターズ!×animatecafe 第二弾」 Aグループ メニュー注文特典,アニメイト,非官图已撤,非官方图片来源：cdn.suruga-ya.jp,从网页展示层撤下；不补图,实图已入库,,https://cdn.suruga-ya.jp/database/pics_webp/game/992092344.jpg.webp,駿河屋鬼龍紅郎角色单品档案原图,https://cdn.suruga-ya.jp/database/pics_webp/game/992092344.jpg.webp,档案单品原图
KR-MER-0922,Animate Cafe Revival 2022 Kuro生日贴,鬼龍紅郎 バースデーステッカー 「TVアニメ あんさんぶるスターズ!×animatecafe 第二弾 Revival」,アニメイト,非官图已撤,非官方图片来源：cdn.suruga-ya.jp,从网页展示层撤下；不补图,实图已入库,,https://cdn.suruga-ya.jp/database/pics_webp/game/859064999.jpg.webp,駿河屋鬼龍紅郎角色特典档案原图,https://cdn.suruga-ya.jp/database/pics_webp/game/859064999.jpg.webp,角色特典档案原图
KR-MER-0923,Animate Cafe 2022描起亚克力立牌 B,鬼龍紅郎 「あんさんぶるスターズ!!×animatecafe 描き起こしビジュアル アクリルスタンドコレクション グループB」,アニメイト,非官图已撤,非官方图片来源：cdn.suruga-ya.jp,从网页展示层撤下；不补图,实图已入库,,https://cdn.suruga-ya.jp/database/pics_webp/game/508671672.jpg.webp,駿河屋鬼龍紅郎角色单品档案原图,https://cdn.suruga-ya.jp/database/pics_webp/game/508671672.jpg.webp,档案单品原图
KR-MER-0925,ENSEMBLE HOLIDAY四人Acrylic Charm,[単品] 斎宮宗＆瀬名泉＆鬼龍紅郎＆衣更真緒 アクリルチャーム 「あんさんぶるスターズ!! ENSEMBLE HOLIDAY!!×animatecafe HOLIDAYプレゼントボックス」 同梱品,アニメイト,非官图已撤,非官方图片来源：jp.mercari.com,从网页展示层撤下；不补图,实图已入库,,https://images.weserv.nl/?url=https%3A%2F%2Fstatic.mercdn.net%2Fitem%2Fdetail%2Forig%2Fphotos%2Fm55871176766_1.jpg%3F1766420473&output=webp&q=92,Mercari精确HOLIDAY四人同一实体实物原图＋駿河屋单品档案,https://jp.mercari.com/item/m55871176766,二手精确商品实物原图（四人同一实体）
KR-MER-0926,10th Fest Kuro注文特典杯垫,鬼龍紅郎 コースター 「あんさんぶるスターズ!! あんスタ10thフェス×animatecafe」 ドリンク注文特典,アニメイト,非官图已撤,非官方图片来源：cdn.suruga-ya.jp,从网页展示层撤下；不补图,实图已入库,,https://cdn.suruga-ya.jp/database/pics_webp/game/992276672.jpg.webp,駿河屋全60種セット精确档案原图定位裁切,https://cdn.suruga-ya.jp/database/pics_webp/game/992276672.jpg.webp,精确セット档案原图・目标单枚裁切
KR-MER-0927,Superbloom Kuro Acrylic Stand,鬼龍紅郎 「Ensemble Stars!! Cast Live Starry Symphony - Superbloom -×animatecafe 描き起こしビジュアル アクリルスタンドコレクション Cグループ」,アニメイト,非官图已撤,非官方图片来源：collabo-cafe.com,从网页展示层撤下；不补图,实图已入库,,https://collabo-cafe.com/wp-content/uploads/4ba51e5b6eb1b85b16c9ef141b77ed33.jpg,Collabo Cafe转载Animate Cafe商品阵容图・鬼龍紅郎定位裁切,https://collabo-cafe.com/wp-content/uploads/4ba51e5b6eb1b85b16c9ef141b77ed33.jpg,活动商品阵容图・目标单品几何裁切
KR-MER-0928,Superbloom Kuro Can Badge,鬼龍紅郎 「Ensemble Stars!! Cast Live Starry Symphony - Superbloom -×animatecafe 描き起こしビジュアル 缶バッジコレクション Cグループ」,アニメイト,非官图已撤,非官方图片来源：collabo-cafe.com,从网页展示层撤下；不补图,实图已入库,,https://collabo-cafe.com/wp-content/uploads/3a2b86e3af34d69536371bee8fc9b68c.jpg,Collabo Cafe转载Animate Cafe商品阵容图・鬼龍紅郎定位裁切,https://collabo-cafe.com/wp-content/uploads/3a2b86e3af34d69536371bee8fc9b68c.jpg,活动商品阵容图・目标单品几何裁切
KR-MER-0929,Superbloom Kuro Silky Sticker,鬼龍紅郎 「Ensemble Stars!! Cast Live Starry Symphony - Superbloom -×animatecafe 描き起こしビジュアル シルキーステッカーコレクション Cグループ」,アニメイト,非官图已撤,非官方图片来源：collabo-cafe.com,从网页展示层撤下；不补图,实图已入库,,https://collabo-cafe.com/wp-content/uploads/3a2b86e3af34d69536371bee8fc9b68c.jpg,Collabo Cafe转载Animate Cafe商品阵容图・鬼龍紅郎定位裁切,https://collabo-cafe.com/wp-content/uploads/3a2b86e3af34d69536371bee8fc9b68c.jpg,活动商品阵容图・目标单品几何裁切
KR-MER-0930,Superbloom Kuro Ticket Keyholder,鬼龍紅郎 「Ensemble Stars!! Cast Live Starry Symphony - Superbloom -×animatecafe チケット型キーホルダーコレクション 3グループ」,アニメイト,非官图已撤,非官方图片来源：collabo-cafe.com,从网页展示层撤下；不补图,实图已入库,,https://collabo-cafe.com/wp-content/uploads/48f312c348fa1108b4699a41510f052e.jpg,Collabo Cafe转载Animate Cafe商品阵容图・鬼龍紅郎定位裁切,https://collabo-cafe.com/wp-content/uploads/48f312c348fa1108b4699a41510f052e.jpg,活动商品阵容图・目标单品几何裁切
KR-MER-0931,Superbloom Kuro菜单杯垫,鬼龍紅郎 コースター 「Ensemble Stars!! Cast Live Starry Symphony - Superbloom -×animatecafe」 メニュー注文特典,アニメイト,非官图已撤,非官方图片来源：static.mercdn.net,从网页展示层撤下；不补图,实图已入库,,https://static.mercdn.net/item/detail/orig/photos/m20766032787_1.jpg?1786548854,Mercari紅月4枚精确实物图・鬼龍紅郎单枚裁切,https://static.mercdn.net/item/detail/orig/photos/m20766032787_1.jpg?1786548854,二手实物合照・目标单枚几何裁切
KR-MER-0950,中国 花伴Clear Card 第三弹,鬼龍紅郎 「あんさんぶるスターズ!! 花伴クリアカード 第三弾」 中国限定,乐爱豆 / 中国官方渠道,非官图已撤,非官方图片来源：jp.mercari.com,从网页展示层撤下；不补图,实图已入库,,https://images.weserv.nl/?url=https%3A%2F%2Fstatic.mercdn.net%2Fitem%2Fdetail%2Forig%2Fphotos%2Fm94043496531_1.jpg%3F1783441788&output=webp&q=92,Mercari 3/4/5/6/7/8/10弾同框实物图裁切,https://jp.mercari.com/item/m94043496531,二手同批实物裁切
KR-MER-0954,SHUFFLE Badge Puffy Bunny & Butokai Casual Side,鬼龍紅郎 「あんさんぶるスターズ!! SHUFFLEコレ缶バッジ[Puffy☆Bunny＆舞闘会] -Casual Side-」,エンスカイ,非官图已撤,非官方图片来源：www.suruga-ya.jp,从网页展示层撤下；不补图,实图已入库,assets/images/KR-MER-0954.jpg,,駿河屋角色单品档案图,https://www.suruga-ya.jp/product/detail/871199503,角色商品页主图
